x,y,z,rearZ,mattype,rearMat,Wm2Front,Wm2Back,Back/FrontRatio
2.3555,-2.993,0.3765,0.3765,a1.0.a0.real_tracker_v1.6457,a1.0.a0.real_tracker_v1.2310,428.96360000000004,175.6359666666667,0.4094416338007068
2.3555,-2.993,0.9,0.9,a1.0.a0.real_tracker_v1.6457,a1.0.a0.real_tracker_v1.2310,431.8448333333333,177.7968,0.411713593778644
2.3555,-2.993,1.4235,1.4235,a1.0.a0.real_tracker_v1.6457,a1.0.a0.real_tracker_v1.2310,432.85726666666665,155.88013333333333,0.36011818495168707
2.3555,-2.474,0.3765,0.3765,a1.0.a0.real_tracker_v1.6457,a1.0.a0.real_tracker_v1.2310,429.03939999999994,181.22506666666666,0.42239627472533287
2.3555,-2.474,0.9,0.9,a1.0.a0.real_tracker_v1.6457,a1.0.a0.real_tracker_v1.2310,432.10746666666665,177.76770000000002,0.41139601214324745
2.3555,-2.474,1.4235,1.4235,a1.0.a0.real_tracker_v1.6457,a1.0.a0.real_tracker_v1.2310,433.06839999999994,152.80983333333333,0.3528529915374611
2.3555,-1.955,0.3765,0.3765,a1.0.a0.real_tracker_v1.6457,a1.0.a0.real_tracker_v1.2310,429.33906666666667,174.50546666666665,0.4064504578421984
2.3555,-1.955,0.9,0.9,a1.0.a0.real_tracker_v1.6457,a1.0.a0.real_tracker_v1.2310,431.75759999999997,176.4757666666667,0.40873711992457523
2.3555,-1.955,1.4235,1.4235,a1.0.a0.real_tracker_v1.6457,a1.0.a0.real_tracker_v1.2310,433.11083333333335,150.3774,0.34720224299266816
