x,y,z,rearZ,mattype,rearMat,Wm2Front,Wm2Back,Back/FrontRatio
2.3555,-2.993,0.3765,0.3765,a1.0.a0.real_tracker_v1.6457,a1.0.a0.real_tracker_v1.2310,641.4122333333333,86.12776333333333,0.13427812034020503
2.3555,-2.993,0.9,0.9,a1.0.a0.real_tracker_v1.6457,a1.0.a0.real_tracker_v1.2310,643.4240666666666,106.27233333333334,0.16516660422306625
2.3555,-2.993,1.4235,1.4235,a1.0.a0.real_tracker_v1.6457,a1.0.a0.real_tracker_v1.2310,643.8972,116.79853333333334,0.18139285578579556
2.3555,-2.474,0.3765,0.3765,a1.0.a0.real_tracker_v1.6457,a1.0.a0.real_tracker_v1.2310,641.2403666666668,91.44560000000001,0.14260714413257078
2.3555,-2.474,0.9,0.9,a1.0.a0.real_tracker_v1.6457,a1.0.a0.real_tracker_v1.2310,643.6799666666667,106.13193333333334,0.16488282057327674
2.3555,-2.474,1.4235,1.4235,a1.0.a0.real_tracker_v1.6457,a1.0.a0.real_tracker_v1.2310,644.0023,113.70376666666668,0.1765577391710053
2.3555,-1.955,0.3765,0.3765,a1.0.a0.real_tracker_v1.6457,a1.0.a0.real_tracker_v1.2310,641.9198333333334,109.32796666666667,0.17031378479952747
2.3555,-1.955,0.9,0.9,a1.0.a0.real_tracker_v1.6457,a1.0.a0.real_tracker_v1.2310,643.5951,113.14543333333332,0.17580192504791953
2.3555,-1.955,1.4235,1.4235,a1.0.a0.real_tracker_v1.6457,a1.0.a0.real_tracker_v1.2310,643.8491333333334,117.01976666666667,0.1817500076622386
