x,y,z,rearZ,mattype,rearMat,Wm2Front,Wm2Back,Back/FrontRatio
0.4225833,-0.2595,2.099056,2.084354,a2.1.a0.real_tracker_v1.6457,a2.1.a0.real_tracker_v1.2310,556.6174333333333,94.60743666666667,0.16996820622721023
0.2393354,-0.2595,2.589436,2.574734,a2.1.a0.real_tracker_v1.6457,a2.1.a0.real_tracker_v1.2310,569.1346,62.93944666666667,0.1105877872806879
0.05608738,-0.2595,3.079816,3.065114,a2.1.a0.real_tracker_v1.6457,a2.1.a0.real_tracker_v1.2310,578.7732333333333,96.70643333333332,0.16708835287357585
0.4225833,0.0,2.099056,2.084354,a2.1.a0.real_tracker_v1.6457,a2.1.a0.real_tracker_v1.2310,557.1998,94.89069333333335,0.17029891797235996
0.2393354,0.0,2.589436,2.574734,a2.1.a0.real_tracker_v1.6457,a2.1.a0.real_tracker_v1.2310,570.3147333333333,61.10409333333333,0.10714081650211066
0.05608738,0.0,3.079816,3.065114,a2.1.a0.real_tracker_v1.6457,a2.1.a0.real_tracker_v1.2310,579.3383,96.35272666666667,0.16631484635457439
0.4225833,0.2595,2.099056,2.084354,a2.1.a0.real_tracker_v1.6457,a2.1.a0.real_tracker_v1.2310,557.2115666666666,95.20715666666666,0.1708632618180363
0.2393354,0.2595,2.589436,2.574734,a2.1.a0.real_tracker_v1.6457,a2.1.a0.real_tracker_v1.2310,571.4955,67.81766666666667,0.11866681014961014
0.05608738,0.2595,3.079816,3.065114,a2.1.a0.real_tracker_v1.6457,a2.1.a0.real_tracker_v1.2310,579.9039,97.32728666666667,0.167833185521741
