x,y,z,rearZ,mattype,rearMat,Wm2Front,Wm2Back,Back/FrontRatio
0.464456,-0.2595,2.851587,2.810374,a2.1.a0.real_tracker_v1.6457,a2.1.a0.real_tracker_v1.2310,858.1635,389.56843333333336,0.4539554285143855
-0.04923312,-0.2595,2.750712,2.709499,a2.1.a0.real_tracker_v1.6457,a2.1.a0.real_tracker_v1.2310,858.1104999999999,331.23723333333334,0.3860072185646427
-0.5629222,-0.2595,2.649837,2.608624,a2.1.a0.real_tracker_v1.6457,a2.1.a0.real_tracker_v1.2310,858.0604666666667,394.7477666666667,0.4600460246748446
0.464456,0.0,2.851587,2.810374,a2.1.a0.real_tracker_v1.6457,a2.1.a0.real_tracker_v1.2310,858.1454666666665,389.27193333333327,0.45361945594835135
-0.04923312,-5.551115e-17,2.750712,2.709499,a2.1.a0.real_tracker_v1.6457,a2.1.a0.real_tracker_v1.2310,858.0954666666667,335.0876,0.39050108352231105
-0.5629222,-5.551115e-17,2.649837,2.608624,a2.1.a0.real_tracker_v1.6457,a2.1.a0.real_tracker_v1.2310,858.0454333333333,399.27489999999995,0.4653301785183109
0.464456,0.2595,2.851587,2.810374,a2.1.a0.real_tracker_v1.6457,a2.1.a0.real_tracker_v1.2310,858.1304,391.22763333333336,0.4559064419893426
-0.04923312,0.2595,2.750712,2.709499,a2.1.a0.real_tracker_v1.6457,a2.1.a0.real_tracker_v1.2310,858.0803666666667,358.0121000000001,0.4172239532373796
-0.5629222,0.2595,2.649837,2.608624,a2.1.a0.real_tracker_v1.6457,a2.1.a0.real_tracker_v1.2310,858.0303666666665,400.21579999999994,0.4664349294767429
