x,y,z,rearZ,mattype,rearMat,Wm2Front,Wm2Back,Back/FrontRatio
0.5627923,-0.2595,2.349676,2.317964,a2.1.a0.real_tracker_v1.6457,a2.1.a0.real_tracker_v1.2310,889.3520333333332,312.04833333333335,0.35087116323622675
0.1675221,-0.2595,2.692916,2.661204,a2.1.a0.real_tracker_v1.6457,a2.1.a0.real_tracker_v1.2310,889.5182333333333,218.3918666666667,0.24551674486933525
-0.2277481,-0.2595,3.036156,3.004444,a2.1.a0.real_tracker_v1.6457,a2.1.a0.real_tracker_v1.2310,894.8549333333334,267.86460000000005,0.29933823984627994
0.5627923,0.0,2.349676,2.317964,a2.1.a0.real_tracker_v1.6457,a2.1.a0.real_tracker_v1.2310,889.7151333333335,312.6557666666667,0.35141069713471157
0.1675221,0.0,2.692916,2.661204,a2.1.a0.real_tracker_v1.6457,a2.1.a0.real_tracker_v1.2310,891.9522000000001,220.4034333333333,0.24710201536732343
-0.2277481,-5.551115e-17,3.036156,3.004444,a2.1.a0.real_tracker_v1.6457,a2.1.a0.real_tracker_v1.2310,894.6595333333333,268.8204,0.30047195554544787
0.5627923,0.2595,2.349676,2.317964,a2.1.a0.real_tracker_v1.6457,a2.1.a0.real_tracker_v1.2310,890.0745000000001,311.7108333333333,0.35020718279891233
0.1675221,0.2595,2.692916,2.661204,a2.1.a0.real_tracker_v1.6457,a2.1.a0.real_tracker_v1.2310,890.2369666666667,234.81889999999999,0.26377093405624613
-0.2277481,0.2595,3.036156,3.004444,a2.1.a0.real_tracker_v1.6457,a2.1.a0.real_tracker_v1.2310,894.4595333333333,266.8623666666667,0.2983500743986618
