x,y,z,rearZ,mattype,rearMat,Wm2Front,Wm2Back,Back/FrontRatio
0.1915223,-0.2595,3.050138,3.020331,a2.1.a0.real_tracker_v1.6457,a2.1.a0.real_tracker_v1.2310,480.4352333333334,79.69671,0.16588405384634117
-0.1800024,-0.2595,2.681327,2.65152,a2.1.a0.real_tracker_v1.6457,a2.1.a0.real_tracker_v1.2310,474.37763333333334,59.23914666666667,0.12487735008301036
-0.5515271,-0.2595,2.312516,2.282708,a2.1.a0.real_tracker_v1.6457,a2.1.a0.real_tracker_v1.2310,467.62403333333333,82.63175666666666,0.17670516070888992
0.1915223,0.0,3.050138,3.020331,a2.1.a0.real_tracker_v1.6457,a2.1.a0.real_tracker_v1.2310,480.10696666666666,80.66626666666667,0.16801693008079643
-0.1800024,0.0,2.681327,2.65152,a2.1.a0.real_tracker_v1.6457,a2.1.a0.real_tracker_v1.2310,475.09306666666663,57.47688333333334,0.12098000662605626
-0.5515271,-5.551115e-17,2.312516,2.282708,a2.1.a0.real_tracker_v1.6457,a2.1.a0.real_tracker_v1.2310,468.2764666666667,82.39382333333333,0.17595086075748254
0.1915223,0.2595,3.050138,3.020331,a2.1.a0.real_tracker_v1.6457,a2.1.a0.real_tracker_v1.2310,479.77639999999997,80.76344333333333,0.16833523907823364
-0.1800024,0.2595,2.681327,2.65152,a2.1.a0.real_tracker_v1.6457,a2.1.a0.real_tracker_v1.2310,474.6666,62.73504666666667,0.1321662710213772
-0.5515271,0.2595,2.312516,2.282708,a2.1.a0.real_tracker_v1.6457,a2.1.a0.real_tracker_v1.2310,468.92716666666666,82.53174,0.17600081604538578
