x,y,z,rearZ,mattype,rearMat,Wm2Front,Wm2Back,Back/FrontRatio
0.1932496,-0.2595,3.049534,3.019634,a2.1.a0.real_tracker_v1.6457,a2.1.a0.real_tracker_v1.2310,899.1352333333334,250.05963333333332,0.2781109514475874
-0.1794319,-0.2595,2.681891,2.651991,a2.1.a0.real_tracker_v1.6457,a2.1.a0.real_tracker_v1.2310,899.2769666666667,201.7115,0.22430383872038973
-0.5521133,-0.2595,2.314249,2.284349,a2.1.a0.real_tracker_v1.6457,a2.1.a0.real_tracker_v1.2310,894.4822333333333,290.5956333333333,0.3248754392526903
0.1932496,0.0,3.049534,3.019634,a2.1.a0.real_tracker_v1.6457,a2.1.a0.real_tracker_v1.2310,899.2376666666665,246.95579999999998,0.2746276479807363
-0.1794319,0.0,2.681891,2.651991,a2.1.a0.real_tracker_v1.6457,a2.1.a0.real_tracker_v1.2310,899.3869333333333,197.6881666666667,0.21980300084079404
-0.5521133,-5.551115e-17,2.314249,2.284349,a2.1.a0.real_tracker_v1.6457,a2.1.a0.real_tracker_v1.2310,895.0275,290.5291333333333,0.3246032202698945
0.1932496,0.2595,3.049534,3.019634,a2.1.a0.real_tracker_v1.6457,a2.1.a0.real_tracker_v1.2310,899.3476333333333,250.7508,0.2788137888981059
-0.1794319,0.2595,2.681891,2.651991,a2.1.a0.real_tracker_v1.6457,a2.1.a0.real_tracker_v1.2310,899.4969333333333,217.33606666666665,0.2416193062959789
-0.5521133,0.2595,2.314249,2.284349,a2.1.a0.real_tracker_v1.6457,a2.1.a0.real_tracker_v1.2310,895.5801333333334,294.2325,0.32853807326743595
