x,y,z,rearZ,mattype,rearMat,Wm2Front,Wm2Back,Back/FrontRatio
0.5505032,-0.2595,2.69047,2.648776,a2.1.a0.real_tracker_v1.6457,a2.1.a0.real_tracker_v1.2310,856.0904333333333,406.4113333333333,0.47472888701958355
0.03082777,-0.2595,2.753633,2.71194,a2.1.a0.real_tracker_v1.6457,a2.1.a0.real_tracker_v1.2310,856.0929,337.38386666666673,0.39409680020692445
-0.4888477,-0.2595,2.816797,2.775104,a2.1.a0.real_tracker_v1.6457,a2.1.a0.real_tracker_v1.2310,856.0967,400.55283333333335,0.4678821509896982
0.5505032,0.0,2.69047,2.648776,a2.1.a0.real_tracker_v1.6457,a2.1.a0.real_tracker_v1.2310,856.1325333333334,404.2676333333333,0.47220161060544835
0.03082777,-5.551115e-17,2.753633,2.71194,a2.1.a0.real_tracker_v1.6457,a2.1.a0.real_tracker_v1.2310,856.1363666666666,337.9557,0.3947447140589316
-0.4888477,-5.551115e-17,2.816797,2.775104,a2.1.a0.real_tracker_v1.6457,a2.1.a0.real_tracker_v1.2310,856.1401999999999,401.91010000000006,0.46944370858451867
0.5505032,0.2595,2.69047,2.648776,a2.1.a0.real_tracker_v1.6457,a2.1.a0.real_tracker_v1.2310,856.176,405.1206666666667,0.4731739659751041
0.03082777,0.2595,2.753633,2.71194,a2.1.a0.real_tracker_v1.6457,a2.1.a0.real_tracker_v1.2310,856.1797999999999,366.2788666666667,0.42780551335263156
-0.4888477,0.2595,2.816797,2.775104,a2.1.a0.real_tracker_v1.6457,a2.1.a0.real_tracker_v1.2310,856.1836666666667,399.8789,0.46704749053358424
