x,y,z,rearZ,mattype,rearMat,Wm2Front,Wm2Back,Back/FrontRatio
0.5730893,-0.2595,2.604408,2.563973,a2.1.a0.real_tracker_v1.6457,a2.1.a0.real_tracker_v1.2310,92.95743,33.24202666666667,0.3576009907510988
0.06909548,-0.2595,2.74598,2.705545,a2.1.a0.real_tracker_v1.6457,a2.1.a0.real_tracker_v1.2310,93.86814333333332,23.69736,0.25245100954900235
-0.4348984,-0.2595,2.887551,2.847116,a2.1.a0.real_tracker_v1.6457,a2.1.a0.real_tracker_v1.2310,94.02775333333334,33.26900666666666,0.3538173748696586
0.5730893,0.0,2.604408,2.563973,a2.1.a0.real_tracker_v1.6457,a2.1.a0.real_tracker_v1.2310,93.10842666666667,33.106820000000006,0.3555689384547816
0.06909548,-5.551115e-17,2.74598,2.705545,a2.1.a0.real_tracker_v1.6457,a2.1.a0.real_tracker_v1.2310,94.04094666666667,23.064426666666666,0.24525679746314621
-0.4348984,-5.551115e-17,2.887551,2.847116,a2.1.a0.real_tracker_v1.6457,a2.1.a0.real_tracker_v1.2310,94.20216999999998,33.19354666666666,0.3523612492728925
0.5730893,0.2595,2.604408,2.563973,a2.1.a0.real_tracker_v1.6457,a2.1.a0.real_tracker_v1.2310,92.69189,33.506260000000005,0.3614760528018924
0.06909548,0.2595,2.74598,2.705545,a2.1.a0.real_tracker_v1.6457,a2.1.a0.real_tracker_v1.2310,94.21535999999999,23.802006666666667,0.2526313547526849
-0.4348984,0.2595,2.887551,2.847116,a2.1.a0.real_tracker_v1.6457,a2.1.a0.real_tracker_v1.2310,94.17942999999998,33.235929999999996,0.352896350122844
