x,y,z,rearZ,mattype,rearMat,Wm2Front,Wm2Back,Back/FrontRatio
0.5254905,-0.2595,2.751381,2.709382,a2.1.a0.real_tracker_v1.6457,a2.1.a0.real_tracker_v1.2310,0.9878675,0.5105782666666667,0.5163262688546916
0.002006672,-0.2595,2.755492,2.713493,a2.1.a0.real_tracker_v1.6457,a2.1.a0.real_tracker_v1.2310,0.9878677000000001,0.37743,0.38167896473916574
-0.5214772,-0.2595,2.759604,2.717605,a2.1.a0.real_tracker_v1.6457,a2.1.a0.real_tracker_v1.2310,0.9878668999999999,0.5099030999999999,0.5156438141472831
0.5254905,0.0,2.751381,2.709382,a2.1.a0.real_tracker_v1.6457,a2.1.a0.real_tracker_v1.2310,0.9878687999999999,0.5086723333333333,0.5143982026061833
0.002006672,-5.551115e-17,2.755492,2.713493,a2.1.a0.real_tracker_v1.6457,a2.1.a0.real_tracker_v1.2310,0.9878680000000001,0.3615487,0.36561876812678734
-0.5214772,-5.551115e-17,2.759604,2.717605,a2.1.a0.real_tracker_v1.6457,a2.1.a0.real_tracker_v1.2310,0.9878668999999999,0.5093489666666667,0.5150834421363146
0.5254905,0.2595,2.751381,2.709382,a2.1.a0.real_tracker_v1.6457,a2.1.a0.real_tracker_v1.2310,0.9878687999999999,0.5089524666666666,0.5146814892599166
0.002006672,0.2595,2.755492,2.713493,a2.1.a0.real_tracker_v1.6457,a2.1.a0.real_tracker_v1.2310,0.9878678,0.37928636666666665,0.3835561908949474
-0.5214772,0.2595,2.759604,2.717605,a2.1.a0.real_tracker_v1.6457,a2.1.a0.real_tracker_v1.2310,0.9878668999999999,0.5096892000000001,0.5154275059666777
