x,y,z,rearZ,mattype,rearMat,Wm2Front,Wm2Back,Back/FrontRatio
0.5823372,-0.2595,2.514692,2.476495,a2.1.a0.real_tracker_v1.6457,a2.1.a0.real_tracker_v1.2310,880.1779333333334,378.58646666666664,0.43012443530421535
0.1062381,-0.2595,2.732365,2.694168,a2.1.a0.real_tracker_v1.6457,a2.1.a0.real_tracker_v1.2310,881.2881000000001,293.0529333333333,0.3325275818495126
-0.3698611,-0.2595,2.950039,2.911842,a2.1.a0.real_tracker_v1.6457,a2.1.a0.real_tracker_v1.2310,882.6296000000001,345.90663333333333,0.39190419336620924
0.5823372,0.0,2.514692,2.476495,a2.1.a0.real_tracker_v1.6457,a2.1.a0.real_tracker_v1.2310,880.1672333333332,380.6824,0.4325109514101604
0.1062381,-5.551115e-17,2.732365,2.694168,a2.1.a0.real_tracker_v1.6457,a2.1.a0.real_tracker_v1.2310,881.5382,296.3068666666666,0.33612443628901206
-0.3698611,-5.551115e-17,2.950039,2.911842,a2.1.a0.real_tracker_v1.6457,a2.1.a0.real_tracker_v1.2310,882.7040000000001,341.5153666666667,0.38689637723437237
0.5823372,0.2595,2.514692,2.476495,a2.1.a0.real_tracker_v1.6457,a2.1.a0.real_tracker_v1.2310,880.1613666666667,381.8847666666666,0.43387990799121867
0.1062381,0.2595,2.732365,2.694168,a2.1.a0.real_tracker_v1.6457,a2.1.a0.real_tracker_v1.2310,881.3967666666667,319.97473333333335,0.3630310234883357
-0.3698611,0.2595,2.950039,2.911842,a2.1.a0.real_tracker_v1.6457,a2.1.a0.real_tracker_v1.2310,882.7836000000001,346.5308,0.3925428694610214
