x,y,z,rearZ,mattype,rearMat,Wm2Front,Wm2Back,Back/FrontRatio
0.5051652,-0.2595,2.20993,2.186371,a2.1.a0.real_tracker_v1.6457,a2.1.a0.real_tracker_v1.2310,828.2164333333334,206.51083333333335,0.24934374117457
0.2115194,-0.2595,2.643317,2.619758,a2.1.a0.real_tracker_v1.6457,a2.1.a0.real_tracker_v1.2310,835.5035666666666,133.94753333333333,0.16031933118897376
-0.08212641,-0.2595,3.076704,3.053145,a2.1.a0.real_tracker_v1.6457,a2.1.a0.real_tracker_v1.2310,840.4413000000001,182.53886666666668,0.21719381171874222
0.5051652,0.0,2.20993,2.186371,a2.1.a0.real_tracker_v1.6457,a2.1.a0.real_tracker_v1.2310,828.8874999999999,205.79923333333332,0.24828337385949176
0.2115194,0.0,2.643317,2.619758,a2.1.a0.real_tracker_v1.6457,a2.1.a0.real_tracker_v1.2310,835.2600333333334,132.18313333333333,0.15825368125437514
-0.08212641,-5.551115e-17,3.076704,3.053145,a2.1.a0.real_tracker_v1.6457,a2.1.a0.real_tracker_v1.2310,840.5513333333333,182.01916666666668,0.21654709581834486
0.5051652,0.2595,2.20993,2.186371,a2.1.a0.real_tracker_v1.6457,a2.1.a0.real_tracker_v1.2310,826.9135333333334,205.3346,0.24831417483048226
0.2115194,0.2595,2.643317,2.619758,a2.1.a0.real_tracker_v1.6457,a2.1.a0.real_tracker_v1.2310,833.7882,146.26610000000002,0.1754233564071111
-0.08212641,0.2595,3.076704,3.053145,a2.1.a0.real_tracker_v1.6457,a2.1.a0.real_tracker_v1.2310,840.6627333333332,183.74656666666667,0.21857320517216716
