x,y,z,rearZ,mattype,rearMat,Wm2Front,Wm2Back,Back/FrontRatio
0.04848887,-0.2595,3.080501,3.059001,a2.1.a0.real_tracker_v1.6457,a2.1.a0.real_tracker_v1.2310,836.9932,161.79713333333333,0.1933073530656883
-0.2194871,-0.2595,2.630789,2.609289,a2.1.a0.real_tracker_v1.6457,a2.1.a0.real_tracker_v1.2310,830.8816,109.16043333333334,0.13137888954869598
-0.487463,-0.2595,2.181076,2.159577,a2.1.a0.real_tracker_v1.6457,a2.1.a0.real_tracker_v1.2310,823.3418,172.73226666666667,0.20979386309890202
0.04848887,0.0,3.080501,3.059001,a2.1.a0.real_tracker_v1.6457,a2.1.a0.real_tracker_v1.2310,837.0723666666667,160.06176666666667,0.19121593523403227
-0.2194871,0.0,2.630789,2.609289,a2.1.a0.real_tracker_v1.6457,a2.1.a0.real_tracker_v1.2310,831.7999666666668,109.2278,0.13131482695640048
-0.487463,-5.551115e-17,2.181076,2.159577,a2.1.a0.real_tracker_v1.6457,a2.1.a0.real_tracker_v1.2310,823.7305666666667,171.8097333333333,0.20857490508538234
0.04848887,0.2595,3.080501,3.059001,a2.1.a0.real_tracker_v1.6457,a2.1.a0.real_tracker_v1.2310,837.1520666666667,160.83573333333334,0.19212225307104333
-0.2194871,0.2595,2.630789,2.609289,a2.1.a0.real_tracker_v1.6457,a2.1.a0.real_tracker_v1.2310,832.7190333333333,119.1487,0.1430837439121696
-0.487463,0.2595,2.181076,2.159577,a2.1.a0.real_tracker_v1.6457,a2.1.a0.real_tracker_v1.2310,824.1203666666667,172.18703333333335,0.20893407245316337
