x,y,z,rearZ,mattype,rearMat,Wm2Front,Wm2Back,Back/FrontRatio
0.3378983,-0.2595,2.974507,2.937608,a2.1.a0.real_tracker_v1.6457,a2.1.a0.real_tracker_v1.2310,891.4443,331.49963333333335,0.37186761019810566
-0.1220316,-0.2595,2.724474,2.687574,a2.1.a0.real_tracker_v1.6457,a2.1.a0.real_tracker_v1.2310,892.0961666666667,278.93323333333336,0.31267135885608877
-0.5819615,-0.2595,2.47444,2.437541,a2.1.a0.real_tracker_v1.6457,a2.1.a0.real_tracker_v1.2310,889.1562333333333,370.3812666666667,0.4165531728040452
0.3378983,0.0,2.974507,2.937608,a2.1.a0.real_tracker_v1.6457,a2.1.a0.real_tracker_v1.2310,891.6347000000001,331.99313333333333,0.3723416787072717
-0.1220316,-5.551115e-17,2.724474,2.687574,a2.1.a0.real_tracker_v1.6457,a2.1.a0.real_tracker_v1.2310,890.3664666666667,281.9516,0.31666880311290196
-0.5819615,-5.551115e-17,2.47444,2.437541,a2.1.a0.real_tracker_v1.6457,a2.1.a0.real_tracker_v1.2310,889.4771999999999,371.2848333333333,0.41741869933780656
0.3378983,0.2595,2.974507,2.937608,a2.1.a0.real_tracker_v1.6457,a2.1.a0.real_tracker_v1.2310,890.9632,331.4873666666667,0.3720546422254302
-0.1220316,0.2595,2.724474,2.687574,a2.1.a0.real_tracker_v1.6457,a2.1.a0.real_tracker_v1.2310,890.5990333333333,304.2384,0.3416105868099938
-0.5819615,0.2595,2.47444,2.437541,a2.1.a0.real_tracker_v1.6457,a2.1.a0.real_tracker_v1.2310,888.9010333333334,376.5781,0.4236440978629028
