x,y,z,rearZ,mattype,rearMat,Wm2Front,Wm2Back,Back/FrontRatio
10.2555,-2.993,0.3765,0.3765,a1.0.a0.real_tracker_v1.6457,a1.0.a0.real_tracker_v1.2310,259.2108666666666,459.46406666666667,1.7725425636377763
10.2555,-2.993,0.9,0.9,a1.0.a0.real_tracker_v1.6457,a1.0.a0.real_tracker_v1.2310,310.7181666666667,351.00156666666663,1.1296424692179163
10.2555,-2.993,1.4235,1.4235,a1.0.a0.real_tracker_v1.6457,a1.0.a0.real_tracker_v1.2310,322.8749,455.81110000000007,1.4117222747191724
10.2555,-2.474,0.3765,0.3765,a1.0.a0.real_tracker_v1.6457,a1.0.a0.real_tracker_v1.2310,267.7634,458.9622,1.7140523534868715
10.2555,-2.474,0.9,0.9,a1.0.a0.real_tracker_v1.6457,a1.0.a0.real_tracker_v1.2310,311.4899,351.59590000000003,1.1287517548666752
10.2555,-2.474,1.4235,1.4235,a1.0.a0.real_tracker_v1.6457,a1.0.a0.real_tracker_v1.2310,323.3783,455.78299999999996,1.409437771681737
10.2555,-1.955,0.3765,0.3765,a1.0.a0.real_tracker_v1.6457,a1.0.a0.real_tracker_v1.2310,270.6058666666667,455.19519999999994,1.6821273074371355
10.2555,-1.955,0.9,0.9,a1.0.a0.real_tracker_v1.6457,a1.0.a0.real_tracker_v1.2310,312.9273,349.82480000000004,1.1179072011064517
10.2555,-1.955,1.4235,1.4235,a1.0.a0.real_tracker_v1.6457,a1.0.a0.real_tracker_v1.2310,323.1684,455.47583333333336,1.4094027260419253
