x,y,z,rearZ,mattype,rearMat,Wm2Front,Wm2Back,Back/FrontRatio
10.2555,-2.993,0.3765,0.3765,a1.0.a0.real_tracker_v1.6457,a1.0.a0.real_tracker_v1.2310,77.22203,796.1316666666667,10.309510863102194
10.2555,-2.993,0.9,0.9,a1.0.a0.real_tracker_v1.6457,a1.0.a0.real_tracker_v1.2310,100.52113333333334,708.4084000000001,7.047287761501282
10.2555,-2.993,1.4235,1.4235,a1.0.a0.real_tracker_v1.6457,a1.0.a0.real_tracker_v1.2310,117.51266666666668,792.4862666666668,6.743779588757053
10.2555,-2.474,0.3765,0.3765,a1.0.a0.real_tracker_v1.6457,a1.0.a0.real_tracker_v1.2310,76.41100999999999,794.0420666666668,10.391587221258371
10.2555,-2.474,0.9,0.9,a1.0.a0.real_tracker_v1.6457,a1.0.a0.real_tracker_v1.2310,99.62373333333333,707.7842999999999,7.104503834723772
10.2555,-2.474,1.4235,1.4235,a1.0.a0.real_tracker_v1.6457,a1.0.a0.real_tracker_v1.2310,116.36920000000002,792.4439666666667,6.809681229959788
10.2555,-1.955,0.3765,0.3765,a1.0.a0.real_tracker_v1.6457,a1.0.a0.real_tracker_v1.2310,79.7993,793.2563999999999,9.940519020605183
10.2555,-1.955,0.9,0.9,a1.0.a0.real_tracker_v1.6457,a1.0.a0.real_tracker_v1.2310,101.33683333333333,707.1551333333333,6.978194718326653
10.2555,-1.955,1.4235,1.4235,a1.0.a0.real_tracker_v1.6457,a1.0.a0.real_tracker_v1.2310,117.39553333333333,792.0604,6.746880657464047
