x,y,z,rearZ,mattype,rearMat,Wm2Front,Wm2Back,Back/FrontRatio
10.2555,-2.993,0.3765,0.3765,a1.0.a0.real_tracker_v1.6457,a1.0.a0.real_tracker_v1.2310,428.85296666666665,250.9037,0.5850562650736043
10.2555,-2.993,0.9,0.9,a1.0.a0.real_tracker_v1.6457,a1.0.a0.real_tracker_v1.2310,431.69513333333333,197.19573333333332,0.4567929108159721
10.2555,-2.993,1.4235,1.4235,a1.0.a0.real_tracker_v1.6457,a1.0.a0.real_tracker_v1.2310,432.8705,296.18059999999997,0.6842229160385934
10.2555,-2.474,0.3765,0.3765,a1.0.a0.real_tracker_v1.6457,a1.0.a0.real_tracker_v1.2310,429.0636,257.74533333333335,0.6007145155609047
10.2555,-2.474,0.9,0.9,a1.0.a0.real_tracker_v1.6457,a1.0.a0.real_tracker_v1.2310,431.78523333333334,194.8778,0.4513293499321848
10.2555,-2.474,1.4235,1.4235,a1.0.a0.real_tracker_v1.6457,a1.0.a0.real_tracker_v1.2310,432.84656666666666,295.1192333333333,0.6818086921592951
10.2555,-1.955,0.3765,0.3765,a1.0.a0.real_tracker_v1.6457,a1.0.a0.real_tracker_v1.2310,429.86476666666675,250.95013333333335,0.5837872024080695
10.2555,-1.955,0.9,0.9,a1.0.a0.real_tracker_v1.6457,a1.0.a0.real_tracker_v1.2310,431.6612666666667,195.83256666666668,0.4536708018954325
10.2555,-1.955,1.4235,1.4235,a1.0.a0.real_tracker_v1.6457,a1.0.a0.real_tracker_v1.2310,432.6607333333333,294.3141,0.6802406529750878
