x,y,z,rearZ,mattype,rearMat,Wm2Front,Wm2Back,Back/FrontRatio
0.5627923,-0.2595,4.849676,4.817964,a2.1.a0.real_tracker_v1.6457,a2.1.a0.real_tracker_v1.2310,893.3532,329.333,0.36864773233281944
0.1675221,-0.2595,5.192916,5.161204,a2.1.a0.real_tracker_v1.6457,a2.1.a0.real_tracker_v1.2310,893.3251999999999,206.1357,0.23075076047249038
-0.2277481,-0.2595,5.536156,5.504444,a2.1.a0.real_tracker_v1.6457,a2.1.a0.real_tracker_v1.2310,897.3584666666667,315.07876666666664,0.3511176717587422
0.5627923,0.0,4.849676,4.817964,a2.1.a0.real_tracker_v1.6457,a2.1.a0.real_tracker_v1.2310,893.3247666666666,330.1734000000001,0.36960022012126753
0.1675221,0.0,5.192916,5.161204,a2.1.a0.real_tracker_v1.6457,a2.1.a0.real_tracker_v1.2310,896.5723666666667,206.0666666666667,0.2298380415122005
-0.2277481,-5.551115e-17,5.536156,5.504444,a2.1.a0.real_tracker_v1.6457,a2.1.a0.real_tracker_v1.2310,897.4582333333334,317.9707333333333,0.35430103287514225
0.5627923,0.2595,4.849676,4.817964,a2.1.a0.real_tracker_v1.6457,a2.1.a0.real_tracker_v1.2310,893.2912333333334,335.2527666666667,0.375300214371803
0.1675221,0.2595,5.192916,5.161204,a2.1.a0.real_tracker_v1.6457,a2.1.a0.real_tracker_v1.2310,895.7640333333333,222.30793333333335,0.248176614470067
-0.2277481,0.2595,5.536156,5.504444,a2.1.a0.real_tracker_v1.6457,a2.1.a0.real_tracker_v1.2310,896.6742666666668,315.7568333333333,0.3521417898668481
