x,y,z,rearZ,mattype,rearMat,Wm2Front,Wm2Back,Back/FrontRatio
0.3378983,-0.2595,5.474507,5.437608,a2.1.a0.real_tracker_v1.6457,a2.1.a0.real_tracker_v1.2310,890.0177,391.50736666666666,0.4398866750402735
-0.1220316,-0.2595,5.224474,5.187574,a2.1.a0.real_tracker_v1.6457,a2.1.a0.real_tracker_v1.2310,890.3260666666666,271.9254333333333,0.3054219550478303
-0.5819615,-0.2595,4.97444,4.937541,a2.1.a0.real_tracker_v1.6457,a2.1.a0.real_tracker_v1.2310,888.2513,414.22119999999995,0.46633282007825927
0.3378983,0.0,5.474507,5.437608,a2.1.a0.real_tracker_v1.6457,a2.1.a0.real_tracker_v1.2310,890.0069666666668,394.51683333333335,0.44327337294621216
-0.1220316,-5.551115e-17,5.224474,5.187574,a2.1.a0.real_tracker_v1.6457,a2.1.a0.real_tracker_v1.2310,890.3148666666666,271.63730000000004,0.30510216673662943
-0.5819615,-5.551115e-17,4.97444,4.937541,a2.1.a0.real_tracker_v1.6457,a2.1.a0.real_tracker_v1.2310,888.2277666666665,416.0858333333333,0.4684444469129444
0.3378983,0.2595,5.474507,5.437608,a2.1.a0.real_tracker_v1.6457,a2.1.a0.real_tracker_v1.2310,890.0013666666667,399.3521333333333,0.448709068975884
-0.1220316,0.2595,5.224474,5.187574,a2.1.a0.real_tracker_v1.6457,a2.1.a0.real_tracker_v1.2310,890.3146999999999,295.3198333333333,0.33170237628442734
-0.5819615,0.2595,4.97444,4.937541,a2.1.a0.real_tracker_v1.6457,a2.1.a0.real_tracker_v1.2310,888.2088666666667,416.50113333333337,0.4689219845039626
