x,y,z,rearZ,mattype,rearMat,Wm2Front,Wm2Back,Back/FrontRatio
0.1932496,-0.2595,5.549534,5.519634,a2.1.a0.real_tracker_v1.6457,a2.1.a0.real_tracker_v1.2310,902.1934333333334,285.6005666666667,0.31656210248544725
-0.1794319,-0.2595,5.181891,5.151991,a2.1.a0.real_tracker_v1.6457,a2.1.a0.real_tracker_v1.2310,902.2543999999999,182.93819999999997,0.20275655873048806
-0.5521133,-0.2595,4.814249,4.784349,a2.1.a0.real_tracker_v1.6457,a2.1.a0.real_tracker_v1.2310,902.3248666666667,304.0348333333333,0.33694571392094264
0.1932496,0.0,5.549534,5.519634,a2.1.a0.real_tracker_v1.6457,a2.1.a0.real_tracker_v1.2310,902.1060000000001,286.2011333333333,0.317258521808758
-0.1794319,0.0,5.181891,5.151991,a2.1.a0.real_tracker_v1.6457,a2.1.a0.real_tracker_v1.2310,902.1765,181.08476666666664,0.2007196662149817
-0.5521133,-5.551115e-17,4.814249,4.784349,a2.1.a0.real_tracker_v1.6457,a2.1.a0.real_tracker_v1.2310,898.5441999999999,305.3744,0.33985424439416073
0.1932496,0.2595,5.549534,5.519634,a2.1.a0.real_tracker_v1.6457,a2.1.a0.real_tracker_v1.2310,902.0281,290.0858,0.32159250738141376
-0.1794319,0.2595,5.181891,5.151991,a2.1.a0.real_tracker_v1.6457,a2.1.a0.real_tracker_v1.2310,901.4851666666667,202.5352,0.22466811748081916
-0.5521133,0.2595,4.814249,4.784349,a2.1.a0.real_tracker_v1.6457,a2.1.a0.real_tracker_v1.2310,898.7434666666667,307.59396666666663,0.3422485234401443
