x,y,z,rearZ,mattype,rearMat,Wm2Front,Wm2Back,Back/FrontRatio
0.5730893,-0.2595,5.104408,5.063973,a2.1.a0.real_tracker_v1.6457,a2.1.a0.real_tracker_v1.2310,93.22390333333333,36.214306666666666,0.3884617239792615
0.06909548,-0.2595,5.24598,5.205545,a2.1.a0.real_tracker_v1.6457,a2.1.a0.real_tracker_v1.2310,93.90711666666668,25.58688666666667,0.27246725389551874
-0.4348984,-0.2595,5.387551,5.347116,a2.1.a0.real_tracker_v1.6457,a2.1.a0.real_tracker_v1.2310,94.01278666666667,35.91319333333333,0.38199922167443806
0.5730893,0.0,5.104408,5.063973,a2.1.a0.real_tracker_v1.6457,a2.1.a0.real_tracker_v1.2310,93.52761333333332,36.05295999999999,0.3854751900523561
0.06909548,-5.551115e-17,5.24598,5.205545,a2.1.a0.real_tracker_v1.6457,a2.1.a0.real_tracker_v1.2310,93.75583999999999,24.567886666666666,0.26203833946053073
-0.4348984,-5.551115e-17,5.387551,5.347116,a2.1.a0.real_tracker_v1.6457,a2.1.a0.real_tracker_v1.2310,93.86321,35.928803333333335,0.38277425797685116
0.5730893,0.2595,5.104408,5.063973,a2.1.a0.real_tracker_v1.6457,a2.1.a0.real_tracker_v1.2310,93.11350666666668,36.412353333333336,0.391049199924165
0.06909548,0.2595,5.24598,5.205545,a2.1.a0.real_tracker_v1.6457,a2.1.a0.real_tracker_v1.2310,93.58458,25.469583333333333,0.2721528608716571
-0.4348984,0.2595,5.387551,5.347116,a2.1.a0.real_tracker_v1.6457,a2.1.a0.real_tracker_v1.2310,94.4556,35.84292333333334,0.379464466573361
