x,y,z,rearZ,mattype,rearMat,Wm2Front,Wm2Back,Back/FrontRatio
0.1915223,-0.2595,5.550138,5.520331,a2.1.a0.real_tracker_v1.6457,a2.1.a0.real_tracker_v1.2310,481.8760666666667,110.67033333333335,0.22966507640399572
-0.1800024,-0.2595,5.181327,5.15152,a2.1.a0.real_tracker_v1.6457,a2.1.a0.real_tracker_v1.2310,475.0822666666666,75.73927666666667,0.159423162171291
-0.5515271,-0.2595,4.812516,4.782708,a2.1.a0.real_tracker_v1.6457,a2.1.a0.real_tracker_v1.2310,466.8369333333333,117.67333333333333,0.25206463513604793
0.1915223,0.0,5.550138,5.520331,a2.1.a0.real_tracker_v1.6457,a2.1.a0.real_tracker_v1.2310,481.9555666666667,110.74336666666666,0.22977872764053356
-0.1800024,0.0,5.181327,5.15152,a2.1.a0.real_tracker_v1.6457,a2.1.a0.real_tracker_v1.2310,474.4910333333334,74.72724000000001,0.15748892447158053
-0.5515271,-5.551115e-17,4.812516,4.782708,a2.1.a0.real_tracker_v1.6457,a2.1.a0.real_tracker_v1.2310,466.69603333333333,117.96673333333335,0.25276940907630946
0.1915223,0.2595,5.550138,5.520331,a2.1.a0.real_tracker_v1.6457,a2.1.a0.real_tracker_v1.2310,482.03313333333335,111.05796666666667,0.23039440360516655
-0.1800024,0.2595,5.181327,5.15152,a2.1.a0.real_tracker_v1.6457,a2.1.a0.real_tracker_v1.2310,473.89753333333334,78.69416000000001,0.16605698153669465
-0.5515271,0.2595,4.812516,4.782708,a2.1.a0.real_tracker_v1.6457,a2.1.a0.real_tracker_v1.2310,466.55363333333327,117.81403333333333,0.2525192655179576
