x,y,z,rearZ,mattype,rearMat,Wm2Front,Wm2Back,Back/FrontRatio
0.5505032,-0.2595,5.19047,5.148776,a2.1.a0.real_tracker_v1.6457,a2.1.a0.real_tracker_v1.2310,855.6634,462.27036666666663,0.540247282306786
0.03082777,-0.2595,5.253633,5.21194,a2.1.a0.real_tracker_v1.6457,a2.1.a0.real_tracker_v1.2310,855.6466,334.05676666666665,0.39041395858139105
-0.4888477,-0.2595,5.316797,5.275104,a2.1.a0.real_tracker_v1.6457,a2.1.a0.real_tracker_v1.2310,855.6316666666667,460.8469,0.5386036764998064
0.5505032,0.0,5.19047,5.148776,a2.1.a0.real_tracker_v1.6457,a2.1.a0.real_tracker_v1.2310,855.6541000000001,461.81126666666665,0.5397166062198036
0.03082777,-5.551115e-17,5.253633,5.21194,a2.1.a0.real_tracker_v1.6457,a2.1.a0.real_tracker_v1.2310,855.6391666666667,333.83746666666667,0.39016105095580483
-0.4888477,-5.551115e-17,5.316797,5.275104,a2.1.a0.real_tracker_v1.6457,a2.1.a0.real_tracker_v1.2310,855.6241999999999,463.89236666666665,0.5421677232819542
0.5505032,0.2595,5.19047,5.148776,a2.1.a0.real_tracker_v1.6457,a2.1.a0.real_tracker_v1.2310,855.6466666666666,467.2232333333333,0.5460462893020999
0.03082777,0.2595,5.253633,5.21194,a2.1.a0.real_tracker_v1.6457,a2.1.a0.real_tracker_v1.2310,855.6317,361.17959999999994,0.4221199119668988
-0.4888477,0.2595,5.316797,5.275104,a2.1.a0.real_tracker_v1.6457,a2.1.a0.real_tracker_v1.2310,855.6168000000001,467.72319999999996,0.5466496840061064
