x,y,z,rearZ,mattype,rearMat,Wm2Front,Wm2Back,Back/FrontRatio
0.464456,-0.2595,5.351587,5.310374,a2.1.a0.real_tracker_v1.6457,a2.1.a0.real_tracker_v1.2310,859.04,451.8641666666667,0.5260100119396708
-0.04923312,-0.2595,5.250712,5.209499,a2.1.a0.real_tracker_v1.6457,a2.1.a0.real_tracker_v1.2310,859.0065,326.3149,0.37987433171421675
-0.5629222,-0.2595,5.149837,5.108624,a2.1.a0.real_tracker_v1.6457,a2.1.a0.real_tracker_v1.2310,858.9755999999999,451.48123333333336,0.5256036466340683
0.464456,0.0,5.351587,5.310374,a2.1.a0.real_tracker_v1.6457,a2.1.a0.real_tracker_v1.2310,859.0994999999999,458.1492333333333,0.5332894502253617
-0.04923312,-5.551115e-17,5.250712,5.209499,a2.1.a0.real_tracker_v1.6457,a2.1.a0.real_tracker_v1.2310,859.0686000000001,331.5040333333333,0.38588728239636616
-0.5629222,-5.551115e-17,5.149837,5.108624,a2.1.a0.real_tracker_v1.6457,a2.1.a0.real_tracker_v1.2310,859.0377666666667,454.48556666666667,0.5290629297560223
0.464456,0.2595,5.351587,5.310374,a2.1.a0.real_tracker_v1.6457,a2.1.a0.real_tracker_v1.2310,859.1616,460.3557666666666,0.5358191414135888
-0.04923312,0.2595,5.250712,5.209499,a2.1.a0.real_tracker_v1.6457,a2.1.a0.real_tracker_v1.2310,859.1307,352.8805666666667,0.41074094538318945
-0.5629222,0.2595,5.149837,5.108624,a2.1.a0.real_tracker_v1.6457,a2.1.a0.real_tracker_v1.2310,857.8788333333333,461.9319333333333,0.5384576200357509
