x,y,z,rearZ,mattype,rearMat,Wm2Front,Wm2Back,Back/FrontRatio
0.5254905,-0.2595,5.251381,5.209382,a2.1.a0.real_tracker_v1.6457,a2.1.a0.real_tracker_v1.2310,0.9884011999999999,0.5622044666666667,0.5682269908977943
0.002006672,-0.2595,5.255492,5.213493,a2.1.a0.real_tracker_v1.6457,a2.1.a0.real_tracker_v1.2310,0.9884015,0.40320136666666667,0.40752047239332734
-0.5214772,-0.2595,5.259604,5.217605,a2.1.a0.real_tracker_v1.6457,a2.1.a0.real_tracker_v1.2310,0.9884015,0.5629206666666666,0.5689506905605728
0.5254905,0.0,5.251381,5.209382,a2.1.a0.real_tracker_v1.6457,a2.1.a0.real_tracker_v1.2310,0.9884013,0.5627538,0.568782151387915
0.002006672,-5.551115e-17,5.255492,5.213493,a2.1.a0.real_tracker_v1.6457,a2.1.a0.real_tracker_v1.2310,0.9884011999999999,0.3902418333333333,0.3944222357253391
-0.5214772,-5.551115e-17,5.259604,5.217605,a2.1.a0.real_tracker_v1.6457,a2.1.a0.real_tracker_v1.2310,0.9884011999999999,0.5607793,0.5667865573641917
0.5254905,0.2595,5.251381,5.209382,a2.1.a0.real_tracker_v1.6457,a2.1.a0.real_tracker_v1.2310,0.9884011,0.5631025,0.5691347017908106
0.002006672,0.2595,5.255492,5.213493,a2.1.a0.real_tracker_v1.6457,a2.1.a0.real_tracker_v1.2310,0.9884008999999999,0.4041809333333333,0.4085107799410061
-0.5214772,0.2595,5.259604,5.217605,a2.1.a0.real_tracker_v1.6457,a2.1.a0.real_tracker_v1.2310,0.9884008999999999,0.5629828333333333,0.5690138682240267
