x,y,z,rearZ,mattype,rearMat,Wm2Front,Wm2Back,Back/FrontRatio
0.04848887,-0.2595,5.580501,5.559001,a2.1.a0.real_tracker_v1.6457,a2.1.a0.real_tracker_v1.2310,841.6496333333334,169.18890000000002,0.20102034418952694
-0.2194871,-0.2595,5.130789,5.109289,a2.1.a0.real_tracker_v1.6457,a2.1.a0.real_tracker_v1.2310,839.0929,101.61880000000001,0.12110539714327563
-0.487463,-0.2595,4.681076,4.659577,a2.1.a0.real_tracker_v1.6457,a2.1.a0.real_tracker_v1.2310,832.1535666666665,186.81793333333334,0.22449907843642997
0.04848887,0.0,5.580501,5.559001,a2.1.a0.real_tracker_v1.6457,a2.1.a0.real_tracker_v1.2310,841.6947333333333,171.4272,0.20366884755504683
-0.2194871,0.0,5.130789,5.109289,a2.1.a0.real_tracker_v1.6457,a2.1.a0.real_tracker_v1.2310,839.1380333333333,100.26783333333333,0.11948893967551107
-0.487463,-5.551115e-17,4.681076,4.659577,a2.1.a0.real_tracker_v1.6457,a2.1.a0.real_tracker_v1.2310,831.2324333333332,187.87936666666667,0.22602479536133516
0.04848887,0.2595,5.580501,5.559001,a2.1.a0.real_tracker_v1.6457,a2.1.a0.real_tracker_v1.2310,842.5388666666668,169.07203333333334,0.20066947573914998
-0.2194871,0.2595,5.130789,5.109289,a2.1.a0.real_tracker_v1.6457,a2.1.a0.real_tracker_v1.2310,840.3298666666666,113.3651,0.13490531467644928
-0.487463,0.2595,4.681076,4.659577,a2.1.a0.real_tracker_v1.6457,a2.1.a0.real_tracker_v1.2310,831.9657333333333,189.93933333333334,0.2283015963538927
