x,y,z,rearZ,mattype,rearMat,Wm2Front,Wm2Back,Back/FrontRatio
0.5823372,-0.2595,5.014692,4.976495,a2.1.a0.real_tracker_v1.6457,a2.1.a0.real_tracker_v1.2310,879.9305333333333,425.24286666666666,0.4832681300279954
0.1062381,-0.2595,5.232365,5.194168,a2.1.a0.real_tracker_v1.6457,a2.1.a0.real_tracker_v1.2310,878.8616000000001,283.72723333333334,0.32283457429333473
-0.3698611,-0.2595,5.450039,5.411842,a2.1.a0.real_tracker_v1.6457,a2.1.a0.real_tracker_v1.2310,880.9081666666667,411.6471333333334,0.4672980471879905
0.5823372,0.0,5.014692,4.976495,a2.1.a0.real_tracker_v1.6457,a2.1.a0.real_tracker_v1.2310,880.1647666666667,426.8974,0.4850193181413214
0.1062381,-5.551115e-17,5.232365,5.194168,a2.1.a0.real_tracker_v1.6457,a2.1.a0.real_tracker_v1.2310,880.1685333333334,288.3204,0.32757371061014534
-0.3698611,-5.551115e-17,5.450039,5.411842,a2.1.a0.real_tracker_v1.6457,a2.1.a0.real_tracker_v1.2310,880.7583666666668,412.5459,0.4683979706753804
0.5823372,0.2595,5.014692,4.976495,a2.1.a0.real_tracker_v1.6457,a2.1.a0.real_tracker_v1.2310,880.4035333333333,429.4822666666667,0.48782377918999065
0.1062381,0.2595,5.232365,5.194168,a2.1.a0.real_tracker_v1.6457,a2.1.a0.real_tracker_v1.2310,879.8960000000001,312.0842,0.3546826503556666
-0.3698611,0.2595,5.450039,5.411842,a2.1.a0.real_tracker_v1.6457,a2.1.a0.real_tracker_v1.2310,880.6141666666666,418.62076666666667,0.4753731056566329
