x,y,z,rearZ,mattype,rearMat,Wm2Front,Wm2Back,Back/FrontRatio
0.5051652,-0.2595,4.70993,4.686371,a2.1.a0.real_tracker_v1.6457,a2.1.a0.real_tracker_v1.2310,836.5331,212.41246666666666,0.25391967484250394
0.2115194,-0.2595,5.143317,5.119758,a2.1.a0.real_tracker_v1.6457,a2.1.a0.real_tracker_v1.2310,839.3891666666667,117.69470000000001,0.14021453273318865
-0.08212641,-0.2595,5.576704,5.553145,a2.1.a0.real_tracker_v1.6457,a2.1.a0.real_tracker_v1.2310,845.7883666666667,195.76826666666668,0.2314621989611992
0.5051652,0.0,4.70993,4.686371,a2.1.a0.real_tracker_v1.6457,a2.1.a0.real_tracker_v1.2310,837.7845000000001,212.9783,0.25421578673777473
0.2115194,0.0,5.143317,5.119758,a2.1.a0.real_tracker_v1.6457,a2.1.a0.real_tracker_v1.2310,840.6414666666666,116.4226,0.13849240862365825
-0.08212641,-5.551115e-17,5.576704,5.553145,a2.1.a0.real_tracker_v1.6457,a2.1.a0.real_tracker_v1.2310,846.5775666666667,195.54276666666667,0.2309800582792926
0.5051652,0.2595,4.70993,4.686371,a2.1.a0.real_tracker_v1.6457,a2.1.a0.real_tracker_v1.2310,839.0368,214.2705,0.2553764562216387
0.2115194,0.2595,5.143317,5.119758,a2.1.a0.real_tracker_v1.6457,a2.1.a0.real_tracker_v1.2310,841.4748666666666,132.89976666666666,0.1579365159848514
-0.08212641,0.2595,5.576704,5.553145,a2.1.a0.real_tracker_v1.6457,a2.1.a0.real_tracker_v1.2310,846.0033333333334,198.51656666666668,0.2346519501673159
