x,y,z,rearZ,mattype,rearMat,Wm2Front,Wm2Back,Back/FrontRatio
0.4225833,-0.2595,4.599056,4.584354,a2.1.a0.real_tracker_v1.6457,a2.1.a0.real_tracker_v1.2310,562.2279666666667,125.65673333333335,0.2234974374912143
0.2393354,-0.2595,5.089436,5.074734,a2.1.a0.real_tracker_v1.6457,a2.1.a0.real_tracker_v1.2310,572.7063333333334,83.12308333333334,0.14514059537099228
0.05608738,-0.2595,5.579816,5.565114,a2.1.a0.real_tracker_v1.6457,a2.1.a0.real_tracker_v1.2310,581.6383,115.5376,0.19864132289547837
0.4225833,0.0,4.599056,4.584354,a2.1.a0.real_tracker_v1.6457,a2.1.a0.real_tracker_v1.2310,563.2597333333333,125.62083333333334,0.22302430455238553
0.2393354,0.0,5.089436,5.074734,a2.1.a0.real_tracker_v1.6457,a2.1.a0.real_tracker_v1.2310,573.0966333333333,81.43892333333334,0.14210305294694117
0.05608738,0.0,5.579816,5.565114,a2.1.a0.real_tracker_v1.6457,a2.1.a0.real_tracker_v1.2310,581.2683333333333,116.3147,0.20010465601717622
0.4225833,0.2595,4.599056,4.584354,a2.1.a0.real_tracker_v1.6457,a2.1.a0.real_tracker_v1.2310,563.0742333333334,124.90483333333334,0.2218261893600127
0.2393354,0.2595,5.089436,5.074734,a2.1.a0.real_tracker_v1.6457,a2.1.a0.real_tracker_v1.2310,573.0151333333333,88.3347,0.1541574396625482
0.05608738,0.2595,5.579816,5.565114,a2.1.a0.real_tracker_v1.6457,a2.1.a0.real_tracker_v1.2310,581.2678666666667,115.66263333333335,0.19898301795623438
