x,y,z,rearZ,mattype,rearMat,Wm2Front,Wm2Back,Back/FrontRatio
2.993,3.182079,0.9227372,0.8843025,a1.0.a0.real_tracker_v1.6457,a1.0.a0.real_tracker_v1.2310,29.89049,9.298670666666666,0.311080868389855
2.993,2.703017,1.133811,1.095377,a1.0.a0.real_tracker_v1.6457,a1.0.a0.real_tracker_v1.2310,29.93279,5.783418999999999,0.19320704127342375
2.993,2.223956,1.344885,1.306451,a1.0.a0.real_tracker_v1.6457,a1.0.a0.real_tracker_v1.2310,29.90339,7.8861099999999995,0.26371077958787986
2.474,3.182079,0.9227372,0.8843025,a1.0.a0.real_tracker_v1.6457,a1.0.a0.real_tracker_v1.2310,29.89415,9.083319333333334,0.30383922921722534
2.474,2.703017,1.133811,1.095377,a1.0.a0.real_tracker_v1.6457,a1.0.a0.real_tracker_v1.2310,29.90301,5.554052666666666,0.18572936093409098
2.474,2.223956,1.344885,1.306451,a1.0.a0.real_tracker_v1.6457,a1.0.a0.real_tracker_v1.2310,29.906850000000002,7.672339999999999,0.25653264945490895
1.955,3.182079,0.9227372,0.8843025,a1.0.a0.real_tracker_v1.6457,a1.0.a0.real_tracker_v1.2310,29.89758,9.262585333333334,0.3098001755713259
1.955,2.703017,1.133811,1.095377,a1.0.a0.real_tracker_v1.6457,a1.0.a0.real_tracker_v1.2310,29.880569999999995,5.540322333333333,0.1854093454036496
1.955,2.223956,1.344885,1.306451,a1.0.a0.real_tracker_v1.6457,a1.0.a0.real_tracker_v1.2310,29.91004,7.774468333333334,0.2599196929740101
