x,y,z,rearZ,mattype,rearMat,Wm2Front,Wm2Back,Back/FrontRatio
2.993,3.182079,0.9227372,0.8843025,a1.0.a0.real_tracker_v1.6457,a1.0.a0.real_tracker_v1.2310,564.0302,142.63903333333334,0.252892097694832
2.993,2.703017,1.133811,1.095377,a1.0.a0.real_tracker_v1.6457,a1.0.a0.real_tracker_v1.2310,564.3860666666668,88.34384999999999,0.15653060677270417
2.993,2.223956,1.344885,1.306451,a1.0.a0.real_tracker_v1.6457,a1.0.a0.real_tracker_v1.2310,564.6451,78.06841333333334,0.13826078553156276
2.474,3.182079,0.9227372,0.8843025,a1.0.a0.real_tracker_v1.6457,a1.0.a0.real_tracker_v1.2310,563.9774333333334,144.64950000000002,0.25648055218187127
2.474,2.703017,1.133811,1.095377,a1.0.a0.real_tracker_v1.6457,a1.0.a0.real_tracker_v1.2310,564.2845,80.97037999999999,0.1434918671488103
2.474,2.223956,1.344885,1.306451,a1.0.a0.real_tracker_v1.6457,a1.0.a0.real_tracker_v1.2310,564.5388,74.65478,0.1322400652708631
1.955,3.182079,0.9227372,0.8843025,a1.0.a0.real_tracker_v1.6457,a1.0.a0.real_tracker_v1.2310,564.689,138.19039999999998,0.24471904938993075
1.955,2.703017,1.133811,1.095377,a1.0.a0.real_tracker_v1.6457,a1.0.a0.real_tracker_v1.2310,565.0782,74.81353999999999,0.1323947864299376
1.955,2.223956,1.344885,1.306451,a1.0.a0.real_tracker_v1.6457,a1.0.a0.real_tracker_v1.2310,564.4393,70.47852333333333,0.12486444241017754
