x,y,z,rearZ,mattype,rearMat,Wm2Front,Wm2Back,Back/FrontRatio
2.993,3.182079,0.9227372,0.8843025,a1.0.a0.real_tracker_v1.6457,a1.0.a0.real_tracker_v1.2310,790.0084,201.68843333333334,0.25529877661371286
2.993,2.703017,1.133811,1.095377,a1.0.a0.real_tracker_v1.6457,a1.0.a0.real_tracker_v1.2310,790.4413,114.86603333333333,0.14531868212687168
2.993,2.223956,1.344885,1.306451,a1.0.a0.real_tracker_v1.6457,a1.0.a0.real_tracker_v1.2310,789.4738000000001,100.49393333333332,0.12729213564933714
2.474,3.182079,0.9227372,0.8843025,a1.0.a0.real_tracker_v1.6457,a1.0.a0.real_tracker_v1.2310,789.9872666666666,187.87019999999998,0.23781391183531503
2.474,2.703017,1.133811,1.095377,a1.0.a0.real_tracker_v1.6457,a1.0.a0.real_tracker_v1.2310,789.1114000000001,103.21763333333332,0.13080219412764685
2.474,2.223956,1.344885,1.306451,a1.0.a0.real_tracker_v1.6457,a1.0.a0.real_tracker_v1.2310,789.4113000000001,94.22998,0.1193672558687013
1.955,3.182079,0.9227372,0.8843025,a1.0.a0.real_tracker_v1.6457,a1.0.a0.real_tracker_v1.2310,790.2435,175.4123,0.22197218708893257
1.955,2.703017,1.133811,1.095377,a1.0.a0.real_tracker_v1.6457,a1.0.a0.real_tracker_v1.2310,790.7064,95.52096666666667,0.12080444253672934
1.955,2.223956,1.344885,1.306451,a1.0.a0.real_tracker_v1.6457,a1.0.a0.real_tracker_v1.2310,789.3413999999999,81.29058666666667,0.10298520219700182
