x,y,z,rearZ,mattype,rearMat,Wm2Front,Wm2Back,Back/FrontRatio
2.993,3.182079,0.9227372,0.8843025,a1.0.a0.real_tracker_v1.6457,a1.0.a0.real_tracker_v1.2310,294.6725,86.05264,0.29202707403278544
2.993,2.703017,1.133811,1.095377,a1.0.a0.real_tracker_v1.6457,a1.0.a0.real_tracker_v1.2310,295.0905,64.70252,0.21926256771204866
2.993,2.223956,1.344885,1.306451,a1.0.a0.real_tracker_v1.6457,a1.0.a0.real_tracker_v1.2310,294.9998,67.74776666666668,0.2296528235403656
2.474,3.182079,0.9227372,0.8843025,a1.0.a0.real_tracker_v1.6457,a1.0.a0.real_tracker_v1.2310,294.6017,80.33409666666667,0.2726862200063566
2.474,2.703017,1.133811,1.095377,a1.0.a0.real_tracker_v1.6457,a1.0.a0.real_tracker_v1.2310,294.7184,49.20704333333333,0.16696234904567986
2.474,2.223956,1.344885,1.306451,a1.0.a0.real_tracker_v1.6457,a1.0.a0.real_tracker_v1.2310,294.9287,56.93529,0.1930469871294753
1.955,3.182079,0.9227372,0.8843025,a1.0.a0.real_tracker_v1.6457,a1.0.a0.real_tracker_v1.2310,294.5368,79.66064,0.2704598187397339
1.955,2.703017,1.133811,1.095377,a1.0.a0.real_tracker_v1.6457,a1.0.a0.real_tracker_v1.2310,294.6342,47.359563333333334,0.16073966495969705
1.955,2.223956,1.344885,1.306451,a1.0.a0.real_tracker_v1.6457,a1.0.a0.real_tracker_v1.2310,294.8627,51.982013333333335,0.1762916674156003
