x,y,z,rearZ,mattype,rearMat,Wm2Front,Wm2Back,Back/FrontRatio
2.993,3.182079,0.9227372,0.8843025,a1.0.a0.real_tracker_v1.6457,a1.0.a0.real_tracker_v1.2310,240.2844,60.345416666666665,0.2511405880951013
2.993,2.703017,1.133811,1.095377,a1.0.a0.real_tracker_v1.6457,a1.0.a0.real_tracker_v1.2310,240.53676666666664,34.63925,0.14400753145763806
2.993,2.223956,1.344885,1.306451,a1.0.a0.real_tracker_v1.6457,a1.0.a0.real_tracker_v1.2310,240.5345,34.89450333333334,0.1450700762811865
2.474,3.182079,0.9227372,0.8843025,a1.0.a0.real_tracker_v1.6457,a1.0.a0.real_tracker_v1.2310,240.3849,59.49400666666666,0.24749374512675934
2.474,2.703017,1.133811,1.095377,a1.0.a0.real_tracker_v1.6457,a1.0.a0.real_tracker_v1.2310,240.4933,34.61708333333333,0.14394138793864691
2.474,2.223956,1.344885,1.306451,a1.0.a0.real_tracker_v1.6457,a1.0.a0.real_tracker_v1.2310,240.5948,35.178439999999995,0.14621385743225773
1.955,3.182079,0.9227372,0.8843025,a1.0.a0.real_tracker_v1.6457,a1.0.a0.real_tracker_v1.2310,240.48226666666667,60.51239666666667,0.2516283045611767
1.955,2.703017,1.133811,1.095377,a1.0.a0.real_tracker_v1.6457,a1.0.a0.real_tracker_v1.2310,240.3208,49.61696333333334,0.20646051807756657
1.955,2.223956,1.344885,1.306451,a1.0.a0.real_tracker_v1.6457,a1.0.a0.real_tracker_v1.2310,240.56180000000003,34.41428333333334,0.14305737767158236
