x,y,z,rearZ,mattype,rearMat,Wm2Front,Wm2Back,Back/FrontRatio
2.993,10.5235,1.1555,1.1135,a1.0.a0.real_tracker_v1.6457,a1.0.a0.real_tracker_v1.2310,621.3964,278.3874333333333,0.448002249982593
2.993,10.0,1.1555,1.1135,a1.0.a0.real_tracker_v1.6457,a1.0.a0.real_tracker_v1.2310,621.3879,174.36546666666666,0.2806060209100399
2.993,9.4765,1.1555,1.1135,a1.0.a0.real_tracker_v1.6457,a1.0.a0.real_tracker_v1.2310,621.3781,162.9822333333333,0.2622911413231203
2.474,10.5235,1.1555,1.1135,a1.0.a0.real_tracker_v1.6457,a1.0.a0.real_tracker_v1.2310,621.4122,279.08639999999997,0.44911566088393357
2.474,10.0,1.1555,1.1135,a1.0.a0.real_tracker_v1.6457,a1.0.a0.real_tracker_v1.2310,621.4023,174.61513333333332,0.2810012971178836
2.474,9.4765,1.1555,1.1135,a1.0.a0.real_tracker_v1.6457,a1.0.a0.real_tracker_v1.2310,621.3925,174.289,0.2804808869098244
1.955,10.5235,1.1555,1.1135,a1.0.a0.real_tracker_v1.6457,a1.0.a0.real_tracker_v1.2310,621.4266,278.60223333333334,0.448326133781849
1.955,10.0,1.1555,1.1135,a1.0.a0.real_tracker_v1.6457,a1.0.a0.real_tracker_v1.2310,621.4168,176.9298666666667,0.284719663110176
1.955,9.4765,1.1555,1.1135,a1.0.a0.real_tracker_v1.6457,a1.0.a0.real_tracker_v1.2310,621.407,168.55696666666665,0.2712500750982714
