x,y,z,rearZ,mattype,rearMat,Wm2Front,Wm2Back,Back/FrontRatio
2.993,10.5235,1.1555,1.1135,a1.0.a0.real_tracker_v1.6457,a1.0.a0.real_tracker_v1.2310,258.6727,121.08963333333334,0.468117297326065
2.993,10.0,1.1555,1.1135,a1.0.a0.real_tracker_v1.6457,a1.0.a0.real_tracker_v1.2310,258.662,94.7555,0.3663280020721944
2.993,9.4765,1.1555,1.1135,a1.0.a0.real_tracker_v1.6457,a1.0.a0.real_tracker_v1.2310,258.6577,100.65913333333333,0.3891581196895111
2.474,10.5235,1.1555,1.1135,a1.0.a0.real_tracker_v1.6457,a1.0.a0.real_tracker_v1.2310,258.6493,113.96473333333334,0.4406131882829185
2.474,10.0,1.1555,1.1135,a1.0.a0.real_tracker_v1.6457,a1.0.a0.real_tracker_v1.2310,258.6449,77.46984666666667,0.2995208764827383
2.474,9.4765,1.1555,1.1135,a1.0.a0.real_tracker_v1.6457,a1.0.a0.real_tracker_v1.2310,258.6406,88.29448333333335,0.3413777340278337
1.955,10.5235,1.1555,1.1135,a1.0.a0.real_tracker_v1.6457,a1.0.a0.real_tracker_v1.2310,258.6322,110.93856666666666,0.42894170843753493
1.955,10.0,1.1555,1.1135,a1.0.a0.real_tracker_v1.6457,a1.0.a0.real_tracker_v1.2310,258.6279,75.31486,0.2912082137765733
1.955,9.4765,1.1555,1.1135,a1.0.a0.real_tracker_v1.6457,a1.0.a0.real_tracker_v1.2310,258.6235,81.31970000000001,0.31443154070863366
