x,y,z,rearZ,mattype,rearMat,Wm2Front,Wm2Back,Back/FrontRatio
2.993,10.5235,1.1555,1.1135,a1.0.a0.real_tracker_v1.6457,a1.0.a0.real_tracker_v1.2310,429.8718999999999,192.9478,0.44884848521504855
2.993,10.0,1.1555,1.1135,a1.0.a0.real_tracker_v1.6457,a1.0.a0.real_tracker_v1.2310,429.8671,120.93673333333334,0.2813345147810069
2.993,9.4765,1.1555,1.1135,a1.0.a0.real_tracker_v1.6457,a1.0.a0.real_tracker_v1.2310,429.86089999999996,121.70243333333333,0.2831198422873331
2.474,10.5235,1.1555,1.1135,a1.0.a0.real_tracker_v1.6457,a1.0.a0.real_tracker_v1.2310,429.8874,188.4497,0.43836888829752096
2.474,10.0,1.1555,1.1135,a1.0.a0.real_tracker_v1.6457,a1.0.a0.real_tracker_v1.2310,429.8813,120.5591,0.28044676414916364
2.474,9.4765,1.1555,1.1135,a1.0.a0.real_tracker_v1.6457,a1.0.a0.real_tracker_v1.2310,429.8752,113.37036666666667,0.2637279446190942
1.955,10.5235,1.1555,1.1135,a1.0.a0.real_tracker_v1.6457,a1.0.a0.real_tracker_v1.2310,429.9016,188.2306,0.4378447583243275
1.955,10.0,1.1555,1.1135,a1.0.a0.real_tracker_v1.6457,a1.0.a0.real_tracker_v1.2310,429.8955,126.61246666666666,0.2945184868140742
1.955,9.4765,1.1555,1.1135,a1.0.a0.real_tracker_v1.6457,a1.0.a0.real_tracker_v1.2310,429.8894,109.47146666666667,0.254649712267747
