x,y,z,rearZ,mattype,rearMat,Wm2Front,Wm2Back,Back/FrontRatio
2.993,10.5235,1.1555,1.1135,a1.0.a0.real_tracker_v1.6457,a1.0.a0.real_tracker_v1.2310,0.9883267,0.3673999333333333,0.37136360853632405
2.993,10.0,1.1555,1.1135,a1.0.a0.real_tracker_v1.6457,a1.0.a0.real_tracker_v1.2310,0.9883263000000001,0.2821038666666667,0.28514744494982763
2.993,9.4765,1.1555,1.1135,a1.0.a0.real_tracker_v1.6457,a1.0.a0.real_tracker_v1.2310,0.9883263000000001,0.3669477333333333,0.3709066799632571
2.474,10.5235,1.1555,1.1135,a1.0.a0.real_tracker_v1.6457,a1.0.a0.real_tracker_v1.2310,0.9883256,0.36175890000000005,0.36566212377401336
2.474,10.0,1.1555,1.1135,a1.0.a0.real_tracker_v1.6457,a1.0.a0.real_tracker_v1.2310,0.9883258,0.27466009999999996,0.27762350885825476
2.474,9.4765,1.1555,1.1135,a1.0.a0.real_tracker_v1.6457,a1.0.a0.real_tracker_v1.2310,0.9883256,0.36156966666666673,0.36547084869396557
1.955,10.5235,1.1555,1.1135,a1.0.a0.real_tracker_v1.6457,a1.0.a0.real_tracker_v1.2310,0.9883249,0.3637776666666667,0.3677029322386071
1.955,10.0,1.1555,1.1135,a1.0.a0.real_tracker_v1.6457,a1.0.a0.real_tracker_v1.2310,0.9883249,0.27907776666666667,0.2820890959751106
1.955,9.4765,1.1555,1.1135,a1.0.a0.real_tracker_v1.6457,a1.0.a0.real_tracker_v1.2310,0.9883248,0.36283099999999996,0.3667460878368762
