x,y,z,rearZ,mattype,rearMat,Wm2Front,Wm2Back,Back/FrontRatio
2.993,10.5235,1.1555,1.1135,a1.0.a0.real_tracker_v1.6457,a1.0.a0.real_tracker_v1.2310,848.286,385.59993333333335,0.4545630586503546
2.993,10.0,1.1555,1.1135,a1.0.a0.real_tracker_v1.6457,a1.0.a0.real_tracker_v1.2310,848.2665000000001,240.08780000000002,0.283033123395627
2.993,9.4765,1.1555,1.1135,a1.0.a0.real_tracker_v1.6457,a1.0.a0.real_tracker_v1.2310,848.2499000000001,226.34506666666667,0.2668374023141816
2.474,10.5235,1.1555,1.1135,a1.0.a0.real_tracker_v1.6457,a1.0.a0.real_tracker_v1.2310,848.2802,378.7093,0.4464431134392699
2.474,10.0,1.1555,1.1135,a1.0.a0.real_tracker_v1.6457,a1.0.a0.real_tracker_v1.2310,848.2637,236.39913333333334,0.27868557224334967
2.474,9.4765,1.1555,1.1135,a1.0.a0.real_tracker_v1.6457,a1.0.a0.real_tracker_v1.2310,848.2471,208.27233333333334,0.24553233108725306
1.955,10.5235,1.1555,1.1135,a1.0.a0.real_tracker_v1.6457,a1.0.a0.real_tracker_v1.2310,848.2774,375.28889999999996,0.44241242026202715
1.955,10.0,1.1555,1.1135,a1.0.a0.real_tracker_v1.6457,a1.0.a0.real_tracker_v1.2310,848.2608999999999,237.00193333333334,0.27939712173013237
1.955,9.4765,1.1555,1.1135,a1.0.a0.real_tracker_v1.6457,a1.0.a0.real_tracker_v1.2310,848.2443,210.72953333333336,0.24842994512711522
