x,y,z,rearZ,mattype,rearMat,Wm2Front,Wm2Back,Back/FrontRatio
0.1932496,-0.2595,1.449534,1.419634,a2.1.a0.real_tracker_v1.6457,a2.1.a0.real_tracker_v1.2310,895.4306666666666,172.69183333333334,0.1928587515518586
-0.1794319,-0.2595,1.081891,1.051991,a2.1.a0.real_tracker_v1.6457,a2.1.a0.real_tracker_v1.2310,893.9610666666667,126.62063333333333,0.14163982796883776
-0.5521133,-0.2595,0.7142492,0.6843492,a2.1.a0.real_tracker_v1.6457,a2.1.a0.real_tracker_v1.2310,893.1364,164.63093333333333,0.18432878673912137
0.1932496,0.0,1.449534,1.419634,a2.1.a0.real_tracker_v1.6457,a2.1.a0.real_tracker_v1.2310,895.2017333333333,169.32913333333335,0.18915171617363993
-0.1794319,0.0,1.081891,1.051991,a2.1.a0.real_tracker_v1.6457,a2.1.a0.real_tracker_v1.2310,894.0553333333334,127.30793333333334,0.1423936373882481
-0.5521133,-5.551115e-17,0.7142492,0.6843492,a2.1.a0.real_tracker_v1.6457,a2.1.a0.real_tracker_v1.2310,892.7662333333334,171.6028666666667,0.19221456641721882
0.1932496,0.2595,1.449534,1.419634,a2.1.a0.real_tracker_v1.6457,a2.1.a0.real_tracker_v1.2310,894.9815333333332,173.8065333333333,0.19420103394196594
-0.1794319,0.2595,1.081891,1.051991,a2.1.a0.real_tracker_v1.6457,a2.1.a0.real_tracker_v1.2310,894.1579333333333,145.70220000000003,0.16294888365856514
-0.5521133,0.2595,0.7142492,0.6843492,a2.1.a0.real_tracker_v1.6457,a2.1.a0.real_tracker_v1.2310,893.5035333333334,179.4398666666667,0.20082703553527953
