x,y,z,rearZ,mattype,rearMat,Wm2Front,Wm2Back,Back/FrontRatio
0.5051652,-0.2595,0.60993,0.586371,a2.1.a0.real_tracker_v1.6457,a2.1.a0.real_tracker_v1.2310,826.7539666666667,108.39176666666667,0.1311050686561746
0.2115194,-0.2595,1.043317,1.019758,a2.1.a0.real_tracker_v1.6457,a2.1.a0.real_tracker_v1.2310,830.3035666666666,79.01207000000001,0.09516034618140326
-0.08212641,-0.2595,1.476704,1.453145,a2.1.a0.real_tracker_v1.6457,a2.1.a0.real_tracker_v1.2310,834.2013999999999,126.86433333333333,0.15207860026935113
0.5051652,0.0,0.60993,0.586371,a2.1.a0.real_tracker_v1.6457,a2.1.a0.real_tracker_v1.2310,827.2321666666667,111.5643,0.1348643943394436
0.2115194,0.0,1.043317,1.019758,a2.1.a0.real_tracker_v1.6457,a2.1.a0.real_tracker_v1.2310,830.065,79.05460666666666,0.09523894083924249
-0.08212641,-5.551115e-17,1.476704,1.453145,a2.1.a0.real_tracker_v1.6457,a2.1.a0.real_tracker_v1.2310,834.6093333333333,127.61813333333333,0.15290744463184616
0.5051652,0.2595,0.60993,0.586371,a2.1.a0.real_tracker_v1.6457,a2.1.a0.real_tracker_v1.2310,826.1975333333334,121.60856666666666,0.14719048964663697
0.2115194,0.2595,1.043317,1.019758,a2.1.a0.real_tracker_v1.6457,a2.1.a0.real_tracker_v1.2310,829.8273666666668,94.76956666666668,0.1142038166848237
-0.08212641,0.2595,1.476704,1.453145,a2.1.a0.real_tracker_v1.6457,a2.1.a0.real_tracker_v1.2310,833.1541000000001,128.60173333333333,0.1543550934673908
