x,y,z,rearZ,mattype,rearMat,Wm2Front,Wm2Back,Back/FrontRatio
0.3234225,-0.2595,0.4155102,0.4098755,a2.1.a0.real_tracker_v1.6457,a2.1.a0.real_tracker_v1.2310,58.35997,24.32130666666667,0.4167392465660984
0.2531902,-0.2595,0.9342777,0.928643,a2.1.a0.real_tracker_v1.6457,a2.1.a0.real_tracker_v1.2310,64.66537999999998,19.59951666666667,0.3030866528583581
0.1829579,-0.2595,1.453045,1.44741,a2.1.a0.real_tracker_v1.6457,a2.1.a0.real_tracker_v1.2310,162.2122666666667,29.906116666666666,0.184362951817751
0.3234225,0.0,0.4155102,0.4098755,a2.1.a0.real_tracker_v1.6457,a2.1.a0.real_tracker_v1.2310,149.85146666666665,24.194836666666664,0.1614577137424498
0.2531902,0.0,0.9342777,0.928643,a2.1.a0.real_tracker_v1.6457,a2.1.a0.real_tracker_v1.2310,156.88473333333334,19.006826666666665,0.12115076535533716
0.1829579,0.0,1.453045,1.44741,a2.1.a0.real_tracker_v1.6457,a2.1.a0.real_tracker_v1.2310,162.15560000000002,29.874086666666667,0.18422985352842045
0.3234225,0.2595,0.4155102,0.4098755,a2.1.a0.real_tracker_v1.6457,a2.1.a0.real_tracker_v1.2310,149.79393333333334,24.136883333333333,0.16113284205429287
0.2531902,0.2595,0.9342777,0.928643,a2.1.a0.real_tracker_v1.6457,a2.1.a0.real_tracker_v1.2310,155.63213333333337,19.800563333333333,0.12722588634725163
0.1829579,0.2595,1.453045,1.44741,a2.1.a0.real_tracker_v1.6457,a2.1.a0.real_tracker_v1.2310,162.0993,29.77763333333333,0.18369881692589915
