x,y,z,rearZ,mattype,rearMat,Wm2Front,Wm2Back,Back/FrontRatio
-0.08746159,-0.2595,1.475919,1.463374,a2.1.a0.real_tracker_v1.6457,a2.1.a0.real_tracker_v1.2310,524.2235999999999,68.82688333333334,0.1312927385195837
-0.2438351,-0.2595,0.9763198,0.9637741,a2.1.a0.real_tracker_v1.6457,a2.1.a0.real_tracker_v1.2310,514.4227666666667,44.158440000000006,0.08584059069847279
-0.4002085,-0.2595,0.4767204,0.4641747,a2.1.a0.real_tracker_v1.6457,a2.1.a0.real_tracker_v1.2310,501.4111,53.40964333333333,0.10651845723973022
-0.08746159,0.0,1.475919,1.463374,a2.1.a0.real_tracker_v1.6457,a2.1.a0.real_tracker_v1.2310,524.21,69.18609666666667,0.13198139044519605
-0.2438351,0.0,0.9763198,0.9637741,a2.1.a0.real_tracker_v1.6457,a2.1.a0.real_tracker_v1.2310,514.5017333333334,41.508039999999994,0.08067603398543653
-0.4002085,0.0,0.4767204,0.4641747,a2.1.a0.real_tracker_v1.6457,a2.1.a0.real_tracker_v1.2310,500.8150666666667,51.38570333333333,0.10260394335059271
-0.08746159,0.2595,1.475919,1.463374,a2.1.a0.real_tracker_v1.6457,a2.1.a0.real_tracker_v1.2310,524.1969,68.46490333333334,0.1306088851812137
-0.2438351,0.2595,0.9763198,0.9637741,a2.1.a0.real_tracker_v1.6457,a2.1.a0.real_tracker_v1.2310,513.6018666666668,47.497890000000005,0.09247979924307276
-0.4002085,0.2595,0.4767204,0.4641747,a2.1.a0.real_tracker_v1.6457,a2.1.a0.real_tracker_v1.2310,499.13286666666664,53.93108,0.1080493302531532
