x,y,z,rearZ,mattype,rearMat,Wm2Front,Wm2Back,Back/FrontRatio
0.2575994,-0.2595,0.3775299,0.3773613,a2.1.a0.real_tracker_v1.6457,a2.1.a0.real_tracker_v1.2310,0.6251707,0.5735770666666667,0.9160075146707867
0.2554979,-0.2595,0.9010256,0.900857,a2.1.a0.real_tracker_v1.6457,a2.1.a0.real_tracker_v1.2310,0.6545868666666667,0.4806361333333333,0.7331387460171818
0.2533965,-0.2595,1.424521,1.424353,a2.1.a0.real_tracker_v1.6457,a2.1.a0.real_tracker_v1.2310,0.6679010666666666,0.6599822666666667,0.986666488596819
0.2575994,0.0,0.3775299,0.3773613,a2.1.a0.real_tracker_v1.6457,a2.1.a0.real_tracker_v1.2310,0.6229901666666667,0.5674282,0.9093543942065326
0.2554979,0.0,0.9010256,0.900857,a2.1.a0.real_tracker_v1.6457,a2.1.a0.real_tracker_v1.2310,0.6539118666666667,0.4707772333333333,0.718840591069862
0.2533965,0.0,1.424521,1.424353,a2.1.a0.real_tracker_v1.6457,a2.1.a0.real_tracker_v1.2310,0.6675238,0.6587275333333333,0.9853464204764787
0.2575994,0.2595,0.3775299,0.3773613,a2.1.a0.real_tracker_v1.6457,a2.1.a0.real_tracker_v1.2310,0.6231385333333334,0.5692244,0.9120161143711897
0.2554979,0.2595,0.9010256,0.900857,a2.1.a0.real_tracker_v1.6457,a2.1.a0.real_tracker_v1.2310,0.6514217,0.4790786333333334,0.7343082447032853
0.2533965,0.2595,1.424521,1.424353,a2.1.a0.real_tracker_v1.6457,a2.1.a0.real_tracker_v1.2310,0.6671447666666667,0.6609534666666667,0.9892369133775051
