x,y,z,rearZ,mattype,rearMat,Wm2Front,Wm2Back,Back/FrontRatio
-0.519,-0.5235,1.1555,1.1135,a0.0.a0.real_tracker_v1.6457,a0.0.a0.real_tracker_v1.2310,740.686,406.3905666666667,0.5486670707959863
-0.519,0.0,1.1555,1.1135,a0.0.a0.real_tracker_v1.6457,a0.0.a0.real_tracker_v1.2310,740.6702,252.23946666666666,0.34055525132699455
-0.519,0.5235,1.1555,1.1135,a0.0.a0.real_tracker_v1.6457,a0.0.a0.real_tracker_v1.2310,740.6493,311.71543333333335,0.42086722078332156
0.0,-0.5235,1.1555,1.1135,a0.0.a0.real_tracker_v1.6457,a0.0.a0.real_tracker_v1.2310,740.681,386.3804666666667,0.5216549972412813
-1.110223e-16,6.355917e-17,1.1555,1.1135,a0.0.a0.real_tracker_v1.6457,a0.0.a0.real_tracker_v1.2310,740.6601999999999,233.84676666666667,0.3157270377693157
-1.110223e-16,0.5235,1.1555,1.1135,a0.0.a0.real_tracker_v1.6457,a0.0.a0.real_tracker_v1.2310,740.6393000000002,256.74129999999997,0.3466477587028412
0.519,-0.5235,1.1555,1.1135,a0.0.a0.real_tracker_v1.6457,a0.0.a0.real_tracker_v1.2310,740.6709999999999,379.37673333333333,0.5122061227281892
0.519,1.271183e-16,1.1555,1.1135,a0.0.a0.real_tracker_v1.6457,a0.0.a0.real_tracker_v1.2310,740.6502,232.41516666666666,0.3137984069514323
0.519,0.5235,1.1555,1.1135,a0.0.a0.real_tracker_v1.6457,a0.0.a0.real_tracker_v1.2310,740.6294000000001,242.85029999999998,0.32789674849965644
