x,y,z,rearZ,mattype,rearMat,Wm2Front,Wm2Back,Back/FrontRatio
-0.519,-0.5235,1.1555,1.1135,a0.0.a0.real_tracker_v1.6457,a0.0.a0.real_tracker_v1.2310,765.3829,396.36819999999994,0.5178684840378796
-0.519,0.0,1.1555,1.1135,a0.0.a0.real_tracker_v1.6457,a0.0.a0.real_tracker_v1.2310,765.3755,237.28543333333334,0.3100244563732142
-0.519,0.5235,1.1555,1.1135,a0.0.a0.real_tracker_v1.6457,a0.0.a0.real_tracker_v1.2310,765.3671,242.5068,0.31684989222832777
0.0,-0.5235,1.1555,1.1135,a0.0.a0.real_tracker_v1.6457,a0.0.a0.real_tracker_v1.2310,765.3870000000001,402.03513333333336,0.5252697107001068
-1.110223e-16,6.355917e-17,1.1555,1.1135,a0.0.a0.real_tracker_v1.6457,a0.0.a0.real_tracker_v1.2310,765.3785000000001,236.63306666666665,0.30917089713882673
-1.110223e-16,0.5235,1.1555,1.1135,a0.0.a0.real_tracker_v1.6457,a0.0.a0.real_tracker_v1.2310,765.3701,245.6781,0.32099213048415337
0.519,-0.5235,1.1555,1.1135,a0.0.a0.real_tracker_v1.6457,a0.0.a0.real_tracker_v1.2310,765.39,417.41066666666666,0.5453561208149386
0.519,1.271183e-16,1.1555,1.1135,a0.0.a0.real_tracker_v1.6457,a0.0.a0.real_tracker_v1.2310,765.3816,252.87023333333332,0.33038408938658037
0.519,0.5235,1.1555,1.1135,a0.0.a0.real_tracker_v1.6457,a0.0.a0.real_tracker_v1.2310,765.3731000000001,293.72113333333334,0.383761526988349
