x,y,z,rearZ,mattype,rearMat,Wm2Front,Wm2Back,Back/FrontRatio
-0.519,-0.5235,1.1555,1.1135,a0.0.a0.real_tracker_v1.6457,a0.0.a0.real_tracker_v1.2310,189.77969999999996,111.07696666666665,0.5852911632566782
-0.519,0.0,1.1555,1.1135,a0.0.a0.real_tracker_v1.6457,a0.0.a0.real_tracker_v1.2310,189.7821,99.17934000000001,0.5225931076054717
-0.519,0.5235,1.1555,1.1135,a0.0.a0.real_tracker_v1.6457,a0.0.a0.real_tracker_v1.2310,189.7805,108.7924,0.5732508173873639
0.0,-0.5235,1.1555,1.1135,a0.0.a0.real_tracker_v1.6457,a0.0.a0.real_tracker_v1.2310,189.7726,107.37393333333334,0.5658001604719167
-1.110223e-16,6.355917e-17,1.1555,1.1135,a0.0.a0.real_tracker_v1.6457,a0.0.a0.real_tracker_v1.2310,189.77110000000002,80.57675666666667,0.42459748649388745
-1.110223e-16,0.5235,1.1555,1.1135,a0.0.a0.real_tracker_v1.6457,a0.0.a0.real_tracker_v1.2310,189.7696,104.82246666666667,0.5523640999536634
0.519,-0.5235,1.1555,1.1135,a0.0.a0.real_tracker_v1.6457,a0.0.a0.real_tracker_v1.2310,189.7617,104.83693333333333,0.5524633309566809
0.519,1.271183e-16,1.1555,1.1135,a0.0.a0.real_tracker_v1.6457,a0.0.a0.real_tracker_v1.2310,189.76020000000003,74.37368,0.39193301897332006
0.519,0.5235,1.1555,1.1135,a0.0.a0.real_tracker_v1.6457,a0.0.a0.real_tracker_v1.2310,189.7586,103.00166666666667,0.5428008209685659
