x,y,z,rearZ,mattype,rearMat,Wm2Front,Wm2Back,Back/FrontRatio
-0.519,-0.5235,1.1555,1.1135,a0.0.a0.real_tracker_v1.6457,a0.0.a0.real_tracker_v1.2310,366.6981,217.47463333333334,0.5930601774952089
-0.519,0.0,1.1555,1.1135,a0.0.a0.real_tracker_v1.6457,a0.0.a0.real_tracker_v1.2310,366.69800000000004,163.44446666666667,0.4457183321107139
-0.519,0.5235,1.1555,1.1135,a0.0.a0.real_tracker_v1.6457,a0.0.a0.real_tracker_v1.2310,366.6911,211.61713333333333,0.5770976067750937
0.0,-0.5235,1.1555,1.1135,a0.0.a0.real_tracker_v1.6457,a0.0.a0.real_tracker_v1.2310,366.68430000000006,208.72506666666663,0.5692212550289488
-1.110223e-16,6.355917e-17,1.1555,1.1135,a0.0.a0.real_tracker_v1.6457,a0.0.a0.real_tracker_v1.2310,366.6773,142.02973333333333,0.3873415288914924
-1.110223e-16,0.5235,1.1555,1.1135,a0.0.a0.real_tracker_v1.6457,a0.0.a0.real_tracker_v1.2310,366.6704,200.33906666666667,0.5463722195586204
0.519,-0.5235,1.1555,1.1135,a0.0.a0.real_tracker_v1.6457,a0.0.a0.real_tracker_v1.2310,366.66360000000003,203.09473333333335,0.553897849242423
0.519,1.271183e-16,1.1555,1.1135,a0.0.a0.real_tracker_v1.6457,a0.0.a0.real_tracker_v1.2310,366.6567,137.63086666666666,0.37536608849798236
0.519,0.5235,1.1555,1.1135,a0.0.a0.real_tracker_v1.6457,a0.0.a0.real_tracker_v1.2310,366.64979999999997,189.63256666666666,0.5172021080184925
