x,y,z,rearZ,mattype,rearMat,Wm2Front,Wm2Back,Back/FrontRatio
-0.519,-0.5235,1.1555,1.1135,a0.0.a0.real_tracker_v1.6457,a0.0.a0.real_tracker_v1.2310,555.7307,328.47046666666665,0.5910594386943676
-0.519,0.0,1.1555,1.1135,a0.0.a0.real_tracker_v1.6457,a0.0.a0.real_tracker_v1.2310,555.7242,219.32046666666668,0.3946563277437602
-0.519,0.5235,1.1555,1.1135,a0.0.a0.real_tracker_v1.6457,a0.0.a0.real_tracker_v1.2310,555.7106,307.7754333333333,0.553840217359748
0.0,-0.5235,1.1555,1.1135,a0.0.a0.real_tracker_v1.6457,a0.0.a0.real_tracker_v1.2310,555.7155,308.24426666666665,0.5546789894967428
-1.110223e-16,6.355917e-17,1.1555,1.1135,a0.0.a0.real_tracker_v1.6457,a0.0.a0.real_tracker_v1.2310,555.7019,202.6830666666667,0.364732785570611
-1.110223e-16,0.5235,1.1555,1.1135,a0.0.a0.real_tracker_v1.6457,a0.0.a0.real_tracker_v1.2310,555.6884,272.6169,0.4905922265207866
0.519,-0.5235,1.1555,1.1135,a0.0.a0.real_tracker_v1.6457,a0.0.a0.real_tracker_v1.2310,555.6932,293.67426666666665,0.5284817920839675
0.519,1.271183e-16,1.1555,1.1135,a0.0.a0.real_tracker_v1.6457,a0.0.a0.real_tracker_v1.2310,555.6797,190.7935,0.34335095676347943
0.519,0.5235,1.1555,1.1135,a0.0.a0.real_tracker_v1.6457,a0.0.a0.real_tracker_v1.2310,555.6661,231.95580000000004,0.41743662707401613
