x,y,z,rearZ,mattype,rearMat,Wm2Front,Wm2Back,Back/FrontRatio
2.993,6.77457,0.9959284,0.9556656,a1.0.a0.real_tracker_v1.6457,a1.0.a0.real_tracker_v1.2310,25.37533,9.558819,0.37668248324324277
2.993,6.272723,1.144932,1.104669,a1.0.a0.real_tracker_v1.6457,a1.0.a0.real_tracker_v1.2310,25.38445,7.366299333333333,0.2901780087937512
2.993,5.770876,1.293935,1.253673,a1.0.a0.real_tracker_v1.6457,a1.0.a0.real_tracker_v1.2310,25.39272,10.574743333333334,0.4164314379040697
2.474,6.77457,0.9959284,0.9556656,a1.0.a0.real_tracker_v1.6457,a1.0.a0.real_tracker_v1.2310,25.377349999999996,9.372100333333334,0.3692951012707026
2.474,6.272723,1.144932,1.104669,a1.0.a0.real_tracker_v1.6457,a1.0.a0.real_tracker_v1.2310,25.38562,7.346916,0.2894011097184265
2.474,5.770876,1.293935,1.253673,a1.0.a0.real_tracker_v1.6457,a1.0.a0.real_tracker_v1.2310,25.39389,10.475103333333335,0.41248862796150465
1.955,6.77457,0.9959284,0.9556656,a1.0.a0.real_tracker_v1.6457,a1.0.a0.real_tracker_v1.2310,25.378519999999998,9.294978666666665,0.36623934048660756
1.955,6.272723,1.144932,1.104669,a1.0.a0.real_tracker_v1.6457,a1.0.a0.real_tracker_v1.2310,25.38679,7.513490999999999,0.29594899752991494
1.955,5.770876,1.293935,1.253673,a1.0.a0.real_tracker_v1.6457,a1.0.a0.real_tracker_v1.2310,25.28958,10.450466666666665,0.4132157770468951
