x,y,z,rearZ,mattype,rearMat,Wm2Front,Wm2Back,Back/FrontRatio
2.993,6.77457,0.9959284,0.9556656,a1.0.a0.real_tracker_v1.6457,a1.0.a0.real_tracker_v1.2310,830.698,253.26133333333334,0.30487737836849854
2.993,6.272723,1.144932,1.104669,a1.0.a0.real_tracker_v1.6457,a1.0.a0.real_tracker_v1.2310,830.7118999999999,190.82003333333333,0.22970635623129645
2.993,5.770876,1.293935,1.253673,a1.0.a0.real_tracker_v1.6457,a1.0.a0.real_tracker_v1.2310,830.7294,216.02736666666667,0.26004509605844045
2.474,6.77457,0.9959284,0.9556656,a1.0.a0.real_tracker_v1.6457,a1.0.a0.real_tracker_v1.2310,830.7427000000001,236.31956666666667,0.28446747976140735
2.474,6.272723,1.144932,1.104669,a1.0.a0.real_tracker_v1.6457,a1.0.a0.real_tracker_v1.2310,830.7601,180.89383333333333,0.21774470823601796
2.474,5.770876,1.293935,1.253673,a1.0.a0.real_tracker_v1.6457,a1.0.a0.real_tracker_v1.2310,830.866,208.29503333333332,0.2506959998812485
1.955,6.77457,0.9959284,0.9556656,a1.0.a0.real_tracker_v1.6457,a1.0.a0.real_tracker_v1.2310,830.806,218.84310000000002,0.26341027458844235
1.955,6.272723,1.144932,1.104669,a1.0.a0.real_tracker_v1.6457,a1.0.a0.real_tracker_v1.2310,830.8389000000001,172.24546666666666,0.2073148709717319
1.955,5.770876,1.293935,1.253673,a1.0.a0.real_tracker_v1.6457,a1.0.a0.real_tracker_v1.2310,830.8440999999999,194.5131666666667,0.23411483881492076
