x,y,z,rearZ,mattype,rearMat,Wm2Front,Wm2Back,Back/FrontRatio
2.993,6.77457,0.9959284,0.9556656,a1.0.a0.real_tracker_v1.6457,a1.0.a0.real_tracker_v1.2310,510.81749999999994,151.99886666666666,0.2975594397357705
2.993,6.272723,1.144932,1.104669,a1.0.a0.real_tracker_v1.6457,a1.0.a0.real_tracker_v1.2310,510.8303,113.10593333333333,0.22141543271395728
2.993,5.770876,1.293935,1.253673,a1.0.a0.real_tracker_v1.6457,a1.0.a0.real_tracker_v1.2310,510.8385,133.06096666666667,0.260475093775377
2.474,6.77457,0.9959284,0.9556656,a1.0.a0.real_tracker_v1.6457,a1.0.a0.real_tracker_v1.2310,510.9402,152.22330000000002,0.29792723702844875
2.474,6.272723,1.144932,1.104669,a1.0.a0.real_tracker_v1.6457,a1.0.a0.real_tracker_v1.2310,510.9484,112.13926666666667,0.21947235218725508
2.474,5.770876,1.293935,1.253673,a1.0.a0.real_tracker_v1.6457,a1.0.a0.real_tracker_v1.2310,511.1111,129.2803,0.25293922800888496
1.955,6.77457,0.9959284,0.9556656,a1.0.a0.real_tracker_v1.6457,a1.0.a0.real_tracker_v1.2310,511.0763,142.17600000000002,0.27818883757897295
1.955,6.272723,1.144932,1.104669,a1.0.a0.real_tracker_v1.6457,a1.0.a0.real_tracker_v1.2310,511.1235,121.41096666666665,0.2375369732162451
1.955,5.770876,1.293935,1.253673,a1.0.a0.real_tracker_v1.6457,a1.0.a0.real_tracker_v1.2310,511.1519,124.49663333333332,0.24356045585055533
