x,y,z,rearZ,mattype,rearMat,Wm2Front,Wm2Back,Back/FrontRatio
2.993,6.77457,0.9959284,0.9556656,a1.0.a0.real_tracker_v1.6457,a1.0.a0.real_tracker_v1.2310,328.7421,107.87536666666665,0.3281448847646282
2.993,6.272723,1.144932,1.104669,a1.0.a0.real_tracker_v1.6457,a1.0.a0.real_tracker_v1.2310,328.8258,95.31693666666666,0.2898697328401051
2.993,5.770876,1.293935,1.253673,a1.0.a0.real_tracker_v1.6457,a1.0.a0.real_tracker_v1.2310,328.9144,112.926,0.34332840602781145
2.474,6.77457,0.9959284,0.9556656,a1.0.a0.real_tracker_v1.6457,a1.0.a0.real_tracker_v1.2310,328.6834,103.04809999999999,0.31351685689981024
2.474,6.272723,1.144932,1.104669,a1.0.a0.real_tracker_v1.6457,a1.0.a0.real_tracker_v1.2310,328.772,80.78607666666667,0.24571992428413125
2.474,5.770876,1.293935,1.253673,a1.0.a0.real_tracker_v1.6457,a1.0.a0.real_tracker_v1.2310,328.8606,103.34039999999999,0.3142367488329437
1.955,6.77457,0.9959284,0.9556656,a1.0.a0.real_tracker_v1.6457,a1.0.a0.real_tracker_v1.2310,328.6295,103.20729999999999,0.31405271269708684
1.955,6.272723,1.144932,1.104669,a1.0.a0.real_tracker_v1.6457,a1.0.a0.real_tracker_v1.2310,328.7181,79.50297333333333,0.2418568721237474
1.955,5.770876,1.293935,1.253673,a1.0.a0.real_tracker_v1.6457,a1.0.a0.real_tracker_v1.2310,328.8067,99.27705333333331,0.30193043938245157
