x,y,z,rearZ,mattype,rearMat,Wm2Front,Wm2Back,Back/FrontRatio
2.993,6.77457,0.9959284,0.9556656,a1.0.a0.real_tracker_v1.6457,a1.0.a0.real_tracker_v1.2310,986.2680999999999,289.1399333333334,0.2931653575411958
2.993,6.272723,1.144932,1.104669,a1.0.a0.real_tracker_v1.6457,a1.0.a0.real_tracker_v1.2310,986.3406,218.96883333333335,0.2220010119550198
2.993,5.770876,1.293935,1.253673,a1.0.a0.real_tracker_v1.6457,a1.0.a0.real_tracker_v1.2310,986.4146999999999,249.50216666666665,0.2529381544379988
2.474,6.77457,0.9959284,0.9556656,a1.0.a0.real_tracker_v1.6457,a1.0.a0.real_tracker_v1.2310,986.3478,264.21453333333335,0.2678712979965438
2.474,6.272723,1.144932,1.104669,a1.0.a0.real_tracker_v1.6457,a1.0.a0.real_tracker_v1.2310,986.4218999999999,208.99333333333334,0.21186991231989177
2.474,5.770876,1.293935,1.253673,a1.0.a0.real_tracker_v1.6457,a1.0.a0.real_tracker_v1.2310,986.5956,230.3219333333333,0.23345097006550936
1.955,6.77457,0.9959284,0.9556656,a1.0.a0.real_tracker_v1.6457,a1.0.a0.real_tracker_v1.2310,986.4291,255.7274,0.2592453332476371
1.955,6.272723,1.144932,1.104669,a1.0.a0.real_tracker_v1.6457,a1.0.a0.real_tracker_v1.2310,986.5157,204.8264,0.20762588205551918
1.955,5.770876,1.293935,1.253673,a1.0.a0.real_tracker_v1.6457,a1.0.a0.real_tracker_v1.2310,986.5471000000001,221.37933333333334,0.2243979116003906
