x,y,z,rearZ,mattype,rearMat,Wm2Front,Wm2Back,Back/FrontRatio
0.5730893,-0.2595,1.004408,0.9639734,a2.1.a0.real_tracker_v1.6457,a2.1.a0.real_tracker_v1.2310,93.23269333333333,23.58951666666667,0.25301493294198224
0.06909548,-0.2595,1.14598,1.105545,a2.1.a0.real_tracker_v1.6457,a2.1.a0.real_tracker_v1.2310,93.55147,18.016893333333332,0.19258597162996693
-0.4348984,-0.2595,1.287551,1.247116,a2.1.a0.real_tracker_v1.6457,a2.1.a0.real_tracker_v1.2310,94.1296,22.165090000000003,0.23547167446080236
0.5730893,0.0,1.004408,0.9639734,a2.1.a0.real_tracker_v1.6457,a2.1.a0.real_tracker_v1.2310,92.99439333333333,23.59281,0.25369869575618403
0.06909548,-5.551115e-17,1.14598,1.105545,a2.1.a0.real_tracker_v1.6457,a2.1.a0.real_tracker_v1.2310,93.31479666666667,17.212009999999996,0.18444904951605365
-0.4348984,-5.551115e-17,1.287551,1.247116,a2.1.a0.real_tracker_v1.6457,a2.1.a0.real_tracker_v1.2310,94.09261333333332,22.00945,0.23391013715277315
0.5730893,0.2595,1.004408,0.9639734,a2.1.a0.real_tracker_v1.6457,a2.1.a0.real_tracker_v1.2310,93.15136,23.636636666666664,0.2537416836961153
0.06909548,0.2595,1.14598,1.105545,a2.1.a0.real_tracker_v1.6457,a2.1.a0.real_tracker_v1.2310,93.84485,17.934306666666668,0.19110388649755602
-0.4348984,0.2595,1.287551,1.247116,a2.1.a0.real_tracker_v1.6457,a2.1.a0.real_tracker_v1.2310,94.09953666666667,22.157736666666665,0.23546875981330745
