x,y,z,rearZ,mattype,rearMat,Wm2Front,Wm2Back,Back/FrontRatio
0.3378983,-0.2595,1.374507,1.337608,a2.1.a0.real_tracker_v1.6457,a2.1.a0.real_tracker_v1.2310,888.3694666666667,240.58583333333334,0.27081700975051176
-0.1220316,-0.2595,1.124474,1.087574,a2.1.a0.real_tracker_v1.6457,a2.1.a0.real_tracker_v1.2310,887.9369333333334,187.21156666666664,0.21083857287622726
-0.5819615,-0.2595,0.8744404,0.8375406,a2.1.a0.real_tracker_v1.6457,a2.1.a0.real_tracker_v1.2310,885.7827000000001,240.8894333333333,0.2719506278263342
0.3378983,0.0,1.374507,1.337608,a2.1.a0.real_tracker_v1.6457,a2.1.a0.real_tracker_v1.2310,888.5913,237.69133333333332,0.267492002050134
-0.1220316,-5.551115e-17,1.124474,1.087574,a2.1.a0.real_tracker_v1.6457,a2.1.a0.real_tracker_v1.2310,885.9141666666666,186.35963333333333,0.21035832813939487
-0.5819615,-5.551115e-17,0.8744404,0.8375406,a2.1.a0.real_tracker_v1.6457,a2.1.a0.real_tracker_v1.2310,885.5394,249.4099666666667,0.28164719155293955
0.3378983,0.2595,1.374507,1.337608,a2.1.a0.real_tracker_v1.6457,a2.1.a0.real_tracker_v1.2310,888.8178666666666,239.7264,0.269713446676762
-0.1220316,0.2595,1.124474,1.087574,a2.1.a0.real_tracker_v1.6457,a2.1.a0.real_tracker_v1.2310,884.9638,212.01346666666666,0.2395727679413539
-0.5819615,0.2595,0.8744404,0.8375406,a2.1.a0.real_tracker_v1.6457,a2.1.a0.real_tracker_v1.2310,885.3000666666667,253.53883333333332,0.2863871318804089
