x,y,z,rearZ,mattype,rearMat,Wm2Front,Wm2Back,Back/FrontRatio
-2.993,-6.780135,0.84731,0.8113865,a1.0.a0.real_tracker_v1.6457,a1.0.a0.real_tracker_v1.2310,544.5679,120.39733333333334,0.22108742040416435
-2.993,-6.332374,1.118535,1.082611,a1.0.a0.real_tracker_v1.6457,a1.0.a0.real_tracker_v1.2310,544.5195,88.42136,0.16238389555581473
-2.993,-5.884614,1.389759,1.353836,a1.0.a0.real_tracker_v1.6457,a1.0.a0.real_tracker_v1.2310,544.9475,109.79686666666667,0.20148117972004084
-2.474,-6.780135,0.84731,0.8113865,a1.0.a0.real_tracker_v1.6457,a1.0.a0.real_tracker_v1.2310,544.6766,128.30803333333336,0.23556693598806588
-2.474,-6.332374,1.118535,1.082611,a1.0.a0.real_tracker_v1.6457,a1.0.a0.real_tracker_v1.2310,544.576,90.89030666666666,0.16690074436978913
-2.474,-5.884614,1.389759,1.353836,a1.0.a0.real_tracker_v1.6457,a1.0.a0.real_tracker_v1.2310,544.8141,112.37486666666666,0.20626239373076602
-1.955,-6.780135,0.84731,0.8113865,a1.0.a0.real_tracker_v1.6457,a1.0.a0.real_tracker_v1.2310,544.9794,132.77666666666667,0.24363567325846336
-1.955,-6.332374,1.118535,1.082611,a1.0.a0.real_tracker_v1.6457,a1.0.a0.real_tracker_v1.2310,544.9042,97.246,0.17846407044748336
-1.955,-5.884614,1.389759,1.353836,a1.0.a0.real_tracker_v1.6457,a1.0.a0.real_tracker_v1.2310,544.829,108.80113333333333,0.19969739796511451
