x,y,z,rearZ,mattype,rearMat,Wm2Front,Wm2Back,Back/FrontRatio
-2.993,-6.780135,0.84731,0.8113865,a1.0.a0.real_tracker_v1.6457,a1.0.a0.real_tracker_v1.2310,731.8978333333333,179.1305,0.2447476233623363
-2.993,-6.332374,1.118535,1.082611,a1.0.a0.real_tracker_v1.6457,a1.0.a0.real_tracker_v1.2310,731.7764000000001,133.97209999999998,0.18307766815427748
-2.993,-5.884614,1.389759,1.353836,a1.0.a0.real_tracker_v1.6457,a1.0.a0.real_tracker_v1.2310,731.8609,155.59726666666668,0.21260468220393314
-2.474,-6.780135,0.84731,0.8113865,a1.0.a0.real_tracker_v1.6457,a1.0.a0.real_tracker_v1.2310,731.8847333333333,177.16459999999998,0.24206592905304158
-2.474,-6.332374,1.118535,1.082611,a1.0.a0.real_tracker_v1.6457,a1.0.a0.real_tracker_v1.2310,731.5750000000002,122.40566666666666,0.16731777240733245
-2.474,-5.884614,1.389759,1.353836,a1.0.a0.real_tracker_v1.6457,a1.0.a0.real_tracker_v1.2310,731.7426,153.0555,0.20916547818115525
-1.955,-6.780135,0.84731,0.8113865,a1.0.a0.real_tracker_v1.6457,a1.0.a0.real_tracker_v1.2310,731.8872666666666,162.8718,0.22253642723606995
-1.955,-6.332374,1.118535,1.082611,a1.0.a0.real_tracker_v1.6457,a1.0.a0.real_tracker_v1.2310,731.7638000000001,116.04703333333333,0.15858515377254184
-1.955,-5.884614,1.389759,1.353836,a1.0.a0.real_tracker_v1.6457,a1.0.a0.real_tracker_v1.2310,732.1331999999999,144.66870000000003,0.197598609653804
