x,y,z,rearZ,mattype,rearMat,Wm2Front,Wm2Back,Back/FrontRatio
-2.993,-6.780135,0.84731,0.8113865,a1.0.a0.real_tracker_v1.6457,a1.0.a0.real_tracker_v1.2310,26.74923,9.443025666666665,0.35300727009325394
-2.993,-6.332374,1.118535,1.082611,a1.0.a0.real_tracker_v1.6457,a1.0.a0.real_tracker_v1.2310,26.82952,7.63726,0.2846482289571727
-2.993,-5.884614,1.389759,1.353836,a1.0.a0.real_tracker_v1.6457,a1.0.a0.real_tracker_v1.2310,26.76701,12.022126666666667,0.44912291450379266
-2.474,-6.780135,0.84731,0.8113865,a1.0.a0.real_tracker_v1.6457,a1.0.a0.real_tracker_v1.2310,26.75113,9.359135333333333,0.34984636114333073
-2.474,-6.332374,1.118535,1.082611,a1.0.a0.real_tracker_v1.6457,a1.0.a0.real_tracker_v1.2310,26.72357,7.491602666666666,0.2803264062496297
-2.474,-5.884614,1.389759,1.353836,a1.0.a0.real_tracker_v1.6457,a1.0.a0.real_tracker_v1.2310,26.77082,11.828606666666667,0.4418305018734874
-1.955,-6.780135,0.84731,0.8113865,a1.0.a0.real_tracker_v1.6457,a1.0.a0.real_tracker_v1.2310,26.76181,9.470803666666667,0.353879270026827
-1.955,-6.332374,1.118535,1.082611,a1.0.a0.real_tracker_v1.6457,a1.0.a0.real_tracker_v1.2310,26.82946,7.659064333333333,0.2854615363781811
-1.955,-5.884614,1.389759,1.353836,a1.0.a0.real_tracker_v1.6457,a1.0.a0.real_tracker_v1.2310,26.76114,11.861986666666667,0.4432375985876565
