x,y,z,rearZ,mattype,rearMat,Wm2Front,Wm2Back,Back/FrontRatio
-2.993,-6.780135,0.84731,0.8113865,a1.0.a0.real_tracker_v1.6457,a1.0.a0.real_tracker_v1.2310,500.1897666666667,127.4151,0.2547330108652545
-2.993,-6.332374,1.118535,1.082611,a1.0.a0.real_tracker_v1.6457,a1.0.a0.real_tracker_v1.2310,500.1937,110.33683333333333,0.2205877697891108
-2.993,-5.884614,1.389759,1.353836,a1.0.a0.real_tracker_v1.6457,a1.0.a0.real_tracker_v1.2310,500.6243,135.9267,0.271513844785711
-2.474,-6.780135,0.84731,0.8113865,a1.0.a0.real_tracker_v1.6457,a1.0.a0.real_tracker_v1.2310,499.8924,128.25733333333335,0.2565693672557656
-2.474,-6.332374,1.118535,1.082611,a1.0.a0.real_tracker_v1.6457,a1.0.a0.real_tracker_v1.2310,500.0635,93.54726666666666,0.18707040125157187
-2.474,-5.884614,1.389759,1.353836,a1.0.a0.real_tracker_v1.6457,a1.0.a0.real_tracker_v1.2310,500.4247,124.7185,0.2492248099967688
-1.955,-6.780135,0.84731,0.8113865,a1.0.a0.real_tracker_v1.6457,a1.0.a0.real_tracker_v1.2310,500.14990000000006,128.54433333333336,0.2570111007164705
-1.955,-6.332374,1.118535,1.082611,a1.0.a0.real_tracker_v1.6457,a1.0.a0.real_tracker_v1.2310,500.3838,92.82731,0.1855118500801783
-1.955,-5.884614,1.389759,1.353836,a1.0.a0.real_tracker_v1.6457,a1.0.a0.real_tracker_v1.2310,500.1597,119.43566666666668,0.2387945847537935
