x,y,z,rearZ,mattype,rearMat,Wm2Front,Wm2Back,Back/FrontRatio
-2.993,-6.780135,0.84731,0.8113865,a1.0.a0.real_tracker_v1.6457,a1.0.a0.real_tracker_v1.2310,692.5817000000001,150.79956666666666,0.21773510465489054
-2.993,-6.332374,1.118535,1.082611,a1.0.a0.real_tracker_v1.6457,a1.0.a0.real_tracker_v1.2310,692.5639333333334,110.65036666666667,0.15976894200245387
-2.993,-5.884614,1.389759,1.353836,a1.0.a0.real_tracker_v1.6457,a1.0.a0.real_tracker_v1.2310,692.6470333333333,135.1889,0.19517690586575454
-2.474,-6.780135,0.84731,0.8113865,a1.0.a0.real_tracker_v1.6457,a1.0.a0.real_tracker_v1.2310,692.5067333333333,155.35686666666666,0.2243395404681883
-2.474,-6.332374,1.118535,1.082611,a1.0.a0.real_tracker_v1.6457,a1.0.a0.real_tracker_v1.2310,692.687,111.22326666666667,0.16056762448124795
-2.474,-5.884614,1.389759,1.353836,a1.0.a0.real_tracker_v1.6457,a1.0.a0.real_tracker_v1.2310,692.7288,137.59633333333332,0.19862915285777127
-1.955,-6.780135,0.84731,0.8113865,a1.0.a0.real_tracker_v1.6457,a1.0.a0.real_tracker_v1.2310,692.4758333333334,169.9715666666667,0.24545451701031637
-1.955,-6.332374,1.118535,1.082611,a1.0.a0.real_tracker_v1.6457,a1.0.a0.real_tracker_v1.2310,692.2945666666666,118.70496666666668,0.1714657328201871
-1.955,-5.884614,1.389759,1.353836,a1.0.a0.real_tracker_v1.6457,a1.0.a0.real_tracker_v1.2310,692.0353,140.66596666666666,0.20326385576402087
