x,y,z,rearZ,mattype,rearMat,Wm2Front,Wm2Back,Back/FrontRatio
0.5235,-0.2595,4.2555,4.2135,a2.1.a0.real_tracker_v1.6457,a2.1.a0.real_tracker_v1.2310,8095.726024366667,2891.179771933333,0.35712416725902535
0.0,-0.25950000000000006,4.2555,4.2135,a2.1.a0.real_tracker_v1.6457,a2.1.a0.real_tracker_v1.2310,8102.064888066666,1998.6577031666668,0.24668494810816594
-0.5235,-0.25950000000000006,4.2555,4.2135,a2.1.a0.real_tracker_v1.6457,a2.1.a0.real_tracker_v1.2310,8102.0662617,2896.3514857666664,0.3574830215812039
0.5235,0.0,4.2555,4.2135,a2.1.a0.real_tracker_v1.6457,a2.1.a0.real_tracker_v1.2310,8098.995654033333,2912.2528862333334,0.3595819347305224
-1.588979221893691e-17,-5.551115123125783e-17,4.2555,4.2135,a2.1.a0.real_tracker_v1.6457,a2.1.a0.real_tracker_v1.2310,8105.024174233333,1992.6041087000003,0.24584798515304845
-0.5235,-5.551115123125783e-17,4.2555,4.2135,a2.1.a0.real_tracker_v1.6457,a2.1.a0.real_tracker_v1.2310,8105.728237766667,2911.589090266667,0.3592013753310224
0.5235,0.2595,4.2555,4.2135,a2.1.a0.real_tracker_v1.6457,a2.1.a0.real_tracker_v1.2310,8097.568040100001,2935.0645392000006,0.36246242849739924
-3.177958443787382e-17,0.25949999999999995,4.2555,4.2135,a2.1.a0.real_tracker_v1.6457,a2.1.a0.real_tracker_v1.2310,8103.930927066667,2183.7493139666667,0.2694678748069279
-0.5235,0.25949999999999995,4.2555,4.2135,a2.1.a0.real_tracker_v1.6457,a2.1.a0.real_tracker_v1.2310,8104.495987266666,2927.2135005000005,0.3611838594176881
