x,y,z,rearZ,mattype,rearMat,Wm2Front,Wm2Back,Back/FrontRatio
0.1932496,-0.2595,1.449534,1.419634,a2.1.a0.real_tracker_v1.6457,a2.1.a0.real_tracker_v1.2310,895.1484666666666,175.15436666666665,0.19567052563735723
-0.1794319,-0.2595,1.081891,1.051991,a2.1.a0.real_tracker_v1.6457,a2.1.a0.real_tracker_v1.2310,894.3724333333333,125.87216666666666,0.14073781932177995
-0.5521133,-0.2595,0.7142492,0.6843492,a2.1.a0.real_tracker_v1.6457,a2.1.a0.real_tracker_v1.2310,891.9970666666668,164.49720000000002,0.18441430104743875
0.1932496,0.0,1.449534,1.419634,a2.1.a0.real_tracker_v1.6457,a2.1.a0.real_tracker_v1.2310,894.9925666666667,173.93436666666665,0.19434147143031605
-0.1794319,0.0,1.081891,1.051991,a2.1.a0.real_tracker_v1.6457,a2.1.a0.real_tracker_v1.2310,894.2083333333334,126.00013333333334,0.14090675263212044
-0.5521133,-5.551115e-17,0.7142492,0.6843492,a2.1.a0.real_tracker_v1.6457,a2.1.a0.real_tracker_v1.2310,892.3615666666666,170.82646666666665,0.19143168152466578
0.1932496,0.2595,1.449534,1.419634,a2.1.a0.real_tracker_v1.6457,a2.1.a0.real_tracker_v1.2310,894.8472333333333,178.03383333333332,0.19895422117575468
-0.1794319,0.2595,1.081891,1.051991,a2.1.a0.real_tracker_v1.6457,a2.1.a0.real_tracker_v1.2310,894.0518666666667,145.59986666666666,0.16285375518062203
-0.5521133,0.2595,0.7142492,0.6843492,a2.1.a0.real_tracker_v1.6457,a2.1.a0.real_tracker_v1.2310,892.6502666666667,180.6825,0.20241107221491275
