x,y,z,rearZ,mattype,rearMat,Wm2Front,Wm2Back,Back/FrontRatio
0.1915223,-0.2595,1.450138,1.420331,a2.1.a0.real_tracker_v1.6457,a2.1.a0.real_tracker_v1.2310,476.35993333333334,64.79311,0.13601684241109052
-0.1800024,-0.2595,1.081327,1.05152,a2.1.a0.real_tracker_v1.6457,a2.1.a0.real_tracker_v1.2310,469.00006666666667,45.53422333333333,0.0970876754224866
-0.5515271,-0.2595,0.7125156,0.6827084,a2.1.a0.real_tracker_v1.6457,a2.1.a0.real_tracker_v1.2310,458.8365333333333,59.80937333333333,0.13034978393950045
0.1915223,0.0,1.450138,1.420331,a2.1.a0.real_tracker_v1.6457,a2.1.a0.real_tracker_v1.2310,476.45806666666664,64.62228666666667,0.13563030108497603
-0.1800024,0.0,1.081327,1.05152,a2.1.a0.real_tracker_v1.6457,a2.1.a0.real_tracker_v1.2310,469.30496666666664,43.36509,0.09240259677073501
-0.5515271,-5.551115e-17,0.7125156,0.6827084,a2.1.a0.real_tracker_v1.6457,a2.1.a0.real_tracker_v1.2310,458.94219999999996,56.90158333333333,0.12398393381432242
0.1915223,0.2595,1.450138,1.420331,a2.1.a0.real_tracker_v1.6457,a2.1.a0.real_tracker_v1.2310,476.5551666666667,64.60666333333333,0.13556988210903437
-0.1800024,0.2595,1.081327,1.05152,a2.1.a0.real_tracker_v1.6457,a2.1.a0.real_tracker_v1.2310,469.60876666666667,48.13205666666667,0.10249373007787389
-0.5515271,0.2595,0.7125156,0.6827084,a2.1.a0.real_tracker_v1.6457,a2.1.a0.real_tracker_v1.2310,459.04686666666663,56.06421333333333,0.12213151918216808
