x,y,z,rearZ,mattype,rearMat,Wm2Front,Wm2Back,Back/FrontRatio
0.5254905,-0.2595,1.151381,1.109382,a2.1.a0.real_tracker_v1.6457,a2.1.a0.real_tracker_v1.2310,0.9879547,0.3929164,0.39730475015690814
0.002006672,-0.2595,1.155492,1.113493,a2.1.a0.real_tracker_v1.6457,a2.1.a0.real_tracker_v1.2310,0.9879555999999999,0.3144708666666667,0.3179827958572323
-0.5214772,-0.2595,1.159604,1.117605,a2.1.a0.real_tracker_v1.6457,a2.1.a0.real_tracker_v1.2310,0.9879561999999998,0.39214516666666666,0.3965243017503371
0.5254905,0.0,1.151381,1.109382,a2.1.a0.real_tracker_v1.6457,a2.1.a0.real_tracker_v1.2310,0.987955,0.3905860333333333,0.3949482366066538
0.002006672,-5.551115e-17,1.155492,1.113493,a2.1.a0.real_tracker_v1.6457,a2.1.a0.real_tracker_v1.2310,0.9879555999999999,0.2996544666666667,0.30300093013949936
-0.5214772,-5.551115e-17,1.159604,1.117605,a2.1.a0.real_tracker_v1.6457,a2.1.a0.real_tracker_v1.2310,0.9879561,0.39023973333333334,0.3945976301003991
0.5254905,0.2595,1.151381,1.109382,a2.1.a0.real_tracker_v1.6457,a2.1.a0.real_tracker_v1.2310,0.9879549,0.38923579999999997,0.39358296318669334
0.002006672,0.2595,1.155492,1.113493,a2.1.a0.real_tracker_v1.6457,a2.1.a0.real_tracker_v1.2310,0.9879555,0.3110658,0.31453973409319225
-0.5214772,0.2595,1.159604,1.117605,a2.1.a0.real_tracker_v1.6457,a2.1.a0.real_tracker_v1.2310,0.987956,0.3901676666666667,0.3945247985417619
