x,y,z,rearZ,mattype,rearMat,Wm2Front,Wm2Back,Back/FrontRatio
0.5051652,-0.2595,0.60993,0.586371,a2.1.a0.real_tracker_v1.6457,a2.1.a0.real_tracker_v1.2310,825.5938,109.09166666666665,0.1321370564187985
0.2115194,-0.2595,1.043317,1.019758,a2.1.a0.real_tracker_v1.6457,a2.1.a0.real_tracker_v1.2310,829.0158,80.70144333333333,0.09734596854169099
-0.08212641,-0.2595,1.476704,1.453145,a2.1.a0.real_tracker_v1.6457,a2.1.a0.real_tracker_v1.2310,832.7615,127.10153333333335,0.15262638907651746
0.5051652,0.0,0.60993,0.586371,a2.1.a0.real_tracker_v1.6457,a2.1.a0.real_tracker_v1.2310,826.0822333333332,113.15246666666667,0.13697465594366867
0.2115194,0.0,1.043317,1.019758,a2.1.a0.real_tracker_v1.6457,a2.1.a0.real_tracker_v1.2310,828.6756,78.81698999999999,0.09511188079885445
-0.08212641,-5.551115e-17,1.476704,1.453145,a2.1.a0.real_tracker_v1.6457,a2.1.a0.real_tracker_v1.2310,832.5074000000001,128.45133333333334,0.15429433905211445
0.5051652,0.2595,0.60993,0.586371,a2.1.a0.real_tracker_v1.6457,a2.1.a0.real_tracker_v1.2310,827.2070666666667,120.83103333333334,0.14607090791587218
0.2115194,0.2595,1.043317,1.019758,a2.1.a0.real_tracker_v1.6457,a2.1.a0.real_tracker_v1.2310,828.3362666666667,94.68092333333334,0.11430238278949018
-0.08212641,0.2595,1.476704,1.453145,a2.1.a0.real_tracker_v1.6457,a2.1.a0.real_tracker_v1.2310,832.3275333333335,128.01806666666667,0.15380713449048322
