x,y,z,rearZ,mattype,rearMat,Wm2Front,Wm2Back,Back/FrontRatio
0.4225833,-0.2595,0.4990563,0.4843545,a2.1.a0.real_tracker_v1.6457,a2.1.a0.real_tracker_v1.2310,540.578,66.56156666666666,0.12313013762404139
0.2393354,-0.2595,0.9894362,0.9747344,a2.1.a0.real_tracker_v1.6457,a2.1.a0.real_tracker_v1.2310,554.1058666666667,53.41170666666667,0.09639242875291325
0.05608738,-0.2595,1.479816,1.465114,a2.1.a0.real_tracker_v1.6457,a2.1.a0.real_tracker_v1.2310,565.3646333333332,83.98863999999999,0.14855632363929208
0.4225833,0.0,0.4990563,0.4843545,a2.1.a0.real_tracker_v1.6457,a2.1.a0.real_tracker_v1.2310,539.5847333333332,65.80803999999999,0.1219603038676832
0.2393354,0.0,0.9894362,0.9747344,a2.1.a0.real_tracker_v1.6457,a2.1.a0.real_tracker_v1.2310,553.5116333333333,51.69881,0.09340131893406349
0.05608738,0.0,1.479816,1.465114,a2.1.a0.real_tracker_v1.6457,a2.1.a0.real_tracker_v1.2310,565.7789666666666,83.93287,0.1483489606295121
0.4225833,0.2595,0.4990563,0.4843545,a2.1.a0.real_tracker_v1.6457,a2.1.a0.real_tracker_v1.2310,541.3163666666666,69.71721666666667,0.12879176054515404
0.2393354,0.2595,0.9894362,0.9747344,a2.1.a0.real_tracker_v1.6457,a2.1.a0.real_tracker_v1.2310,553.9520666666667,59.52298666666667,0.10745131717536599
0.05608738,0.2595,1.479816,1.465114,a2.1.a0.real_tracker_v1.6457,a2.1.a0.real_tracker_v1.2310,566.193,83.77338,0.14795879150962393
