x,y,z,rearZ,mattype,rearMat,Wm2Front,Wm2Back,Back/FrontRatio
0.5730893,-0.2595,1.004408,0.9639734,a2.1.a0.real_tracker_v1.6457,a2.1.a0.real_tracker_v1.2310,93.23218000000001,23.72964,0.2545192602032881
0.06909548,-0.2595,1.14598,1.105545,a2.1.a0.real_tracker_v1.6457,a2.1.a0.real_tracker_v1.2310,93.93754999999999,18.132143333333335,0.19302132440125314
-0.4348984,-0.2595,1.287551,1.247116,a2.1.a0.real_tracker_v1.6457,a2.1.a0.real_tracker_v1.2310,94.03566000000001,22.046490000000002,0.23444569383897726
0.5730893,0.0,1.004408,0.9639734,a2.1.a0.real_tracker_v1.6457,a2.1.a0.real_tracker_v1.2310,93.57586333333334,23.64791333333333,0.2527111135270295
0.06909548,-5.551115e-17,1.14598,1.105545,a2.1.a0.real_tracker_v1.6457,a2.1.a0.real_tracker_v1.2310,93.84646333333335,16.98609,0.1809967941239683
-0.4348984,-5.551115e-17,1.287551,1.247116,a2.1.a0.real_tracker_v1.6457,a2.1.a0.real_tracker_v1.2310,93.94614,22.044459999999997,0.23464748368071658
0.5730893,0.2595,1.004408,0.9639734,a2.1.a0.real_tracker_v1.6457,a2.1.a0.real_tracker_v1.2310,93.02713,23.982806666666665,0.2578016635040032
0.06909548,0.2595,1.14598,1.105545,a2.1.a0.real_tracker_v1.6457,a2.1.a0.real_tracker_v1.2310,93.42848,18.202246666666664,0.19482337551987514
-0.4348984,0.2595,1.287551,1.247116,a2.1.a0.real_tracker_v1.6457,a2.1.a0.real_tracker_v1.2310,94.30935999999998,21.925669999999997,0.2324842148837095
