x,y,z,rearZ,mattype,rearMat,Wm2Front,Wm2Back,Back/FrontRatio
0.5627923,-0.2595,3.849676,3.817964,a2.1.a0.real_tracker_v1.6457,a2.1.a0.real_tracker_v1.2310,893.1312666666666,322.3721333333333,0.36094556804725597
0.1675221,-0.2595,4.192916,4.161204,a2.1.a0.real_tracker_v1.6457,a2.1.a0.real_tracker_v1.2310,892.0224,204.74206666666666,0.22952544368978064
-0.2277481,-0.2595,4.536156,4.504444,a2.1.a0.real_tracker_v1.6457,a2.1.a0.real_tracker_v1.2310,896.7507666666667,305.28816666666665,0.3404377644010217
0.5627923,0.0,3.849676,3.817964,a2.1.a0.real_tracker_v1.6457,a2.1.a0.real_tracker_v1.2310,893.5108666666666,322.81873333333334,0.36129204924568065
0.1675221,0.0,4.192916,4.161204,a2.1.a0.real_tracker_v1.6457,a2.1.a0.real_tracker_v1.2310,896.4647666666666,206.03086666666664,0.22982569366006278
-0.2277481,-5.551115e-17,4.536156,4.504444,a2.1.a0.real_tracker_v1.6457,a2.1.a0.real_tracker_v1.2310,896.6038,307.12373333333335,0.34254080876360843
0.5627923,0.2595,3.849676,3.817964,a2.1.a0.real_tracker_v1.6457,a2.1.a0.real_tracker_v1.2310,893.8856666666667,326.4786,0.3652348918207379
0.1675221,0.2595,4.192916,4.161204,a2.1.a0.real_tracker_v1.6457,a2.1.a0.real_tracker_v1.2310,895.6466666666666,227.31566666666666,0.25380032252265866
-0.2277481,0.2595,4.536156,4.504444,a2.1.a0.real_tracker_v1.6457,a2.1.a0.real_tracker_v1.2310,895.9961,308.9867,0.3448523438301307
