x,y,z,rearZ,mattype,rearMat,Wm2Front,Wm2Back,Back/FrontRatio
0.5051652,-0.2595,3.70993,3.686371,a2.1.a0.real_tracker_v1.6457,a2.1.a0.real_tracker_v1.2310,836.5954666666667,197.43416666666667,0.235996892807022
0.2115194,-0.2595,4.143317,4.119758,a2.1.a0.real_tracker_v1.6457,a2.1.a0.real_tracker_v1.2310,841.2325333333334,114.54266666666666,0.13616036704195417
-0.08212641,-0.2595,4.576704,4.553145,a2.1.a0.real_tracker_v1.6457,a2.1.a0.real_tracker_v1.2310,844.1072333333333,193.03626666666665,0.2286866293252204
0.5051652,0.0,3.70993,3.686371,a2.1.a0.real_tracker_v1.6457,a2.1.a0.real_tracker_v1.2310,837.5153333333333,198.40893333333335,0.23690156888482578
0.2115194,0.0,4.143317,4.119758,a2.1.a0.real_tracker_v1.6457,a2.1.a0.real_tracker_v1.2310,841.2695666666665,111.58566666666665,0.1326394516674917
-0.08212641,-5.551115e-17,4.576704,4.553145,a2.1.a0.real_tracker_v1.6457,a2.1.a0.real_tracker_v1.2310,845.9077000000001,194.23956666666666,0.22962237729280552
0.5051652,0.2595,3.70993,3.686371,a2.1.a0.real_tracker_v1.6457,a2.1.a0.real_tracker_v1.2310,836.9465,201.94546666666668,0.2412880935383243
0.2115194,0.2595,4.143317,4.119758,a2.1.a0.real_tracker_v1.6457,a2.1.a0.real_tracker_v1.2310,840.4307333333333,128.01543333333333,0.1523210372192832
-0.08212641,0.2595,4.576704,4.553145,a2.1.a0.real_tracker_v1.6457,a2.1.a0.real_tracker_v1.2310,845.6669,194.2200333333333,0.229664663082675
