x,y,z,rearZ,mattype,rearMat,Wm2Front,Wm2Back,Back/FrontRatio
0.4225833,-0.2595,3.599056,3.584354,a2.1.a0.real_tracker_v1.6457,a2.1.a0.real_tracker_v1.2310,560.9483666666666,114.8186,0.20468621024084113
0.2393354,-0.2595,4.089436,4.074734,a2.1.a0.real_tracker_v1.6457,a2.1.a0.real_tracker_v1.2310,573.6823333333333,75.87952333333334,0.1322672612649255
0.05608738,-0.2595,4.579816,4.565114,a2.1.a0.real_tracker_v1.6457,a2.1.a0.real_tracker_v1.2310,583.351,107.03613333333334,0.18348464277714543
0.4225833,0.0,3.599056,3.584354,a2.1.a0.real_tracker_v1.6457,a2.1.a0.real_tracker_v1.2310,561.4838333333333,116.85376666666667,0.20811562437572523
0.2393354,0.0,4.089436,4.074734,a2.1.a0.real_tracker_v1.6457,a2.1.a0.real_tracker_v1.2310,573.6709333333333,73.97667333333334,0.128952924197442
0.05608738,0.0,4.579816,4.565114,a2.1.a0.real_tracker_v1.6457,a2.1.a0.real_tracker_v1.2310,583.3399,107.0598,0.1835287050847969
0.4225833,0.2595,3.599056,3.584354,a2.1.a0.real_tracker_v1.6457,a2.1.a0.real_tracker_v1.2310,558.8161333333334,117.55443333333334,0.21036297264567289
0.2393354,0.2595,4.089436,4.074734,a2.1.a0.real_tracker_v1.6457,a2.1.a0.real_tracker_v1.2310,573.1440666666666,81.76669666666668,0.14266317800170664
0.05608738,0.2595,4.579816,4.565114,a2.1.a0.real_tracker_v1.6457,a2.1.a0.real_tracker_v1.2310,580.7567333333333,107.65920000000001,0.18537712684784458
