x,y,z,rearZ,mattype,rearMat,Wm2Front,Wm2Back,Back/FrontRatio
0.5730893,-0.2595,4.104408,4.063973,a2.1.a0.real_tracker_v1.6457,a2.1.a0.real_tracker_v1.2310,93.40638000000001,35.429246666666664,0.37929815252998916
0.06909548,-0.2595,4.24598,4.205545,a2.1.a0.real_tracker_v1.6457,a2.1.a0.real_tracker_v1.2310,94.01870666666667,24.997833333333332,0.26587865692837725
-0.4348984,-0.2595,4.387551,4.347116,a2.1.a0.real_tracker_v1.6457,a2.1.a0.real_tracker_v1.2310,94.06881333333335,34.984033333333336,0.37189436327856357
0.5730893,0.0,4.104408,4.063973,a2.1.a0.real_tracker_v1.6457,a2.1.a0.real_tracker_v1.2310,93.44064000000002,35.12513666666667,0.3759045396320812
0.06909548,-5.551115e-17,4.24598,4.205545,a2.1.a0.real_tracker_v1.6457,a2.1.a0.real_tracker_v1.2310,93.81672666666667,24.046463333333335,0.2563104456663094
-0.4348984,-5.551115e-17,4.387551,4.347116,a2.1.a0.real_tracker_v1.6457,a2.1.a0.real_tracker_v1.2310,94.59219,35.17669333333333,0.3718734227414609
0.5730893,0.2595,4.104408,4.063973,a2.1.a0.real_tracker_v1.6457,a2.1.a0.real_tracker_v1.2310,93.45386,35.313050000000004,0.37786210369369766
0.06909548,0.2595,4.24598,4.205545,a2.1.a0.real_tracker_v1.6457,a2.1.a0.real_tracker_v1.2310,94.21724666666667,25.025826666666664,0.2656154996728517
-0.4348984,0.2595,4.387551,4.347116,a2.1.a0.real_tracker_v1.6457,a2.1.a0.real_tracker_v1.2310,94.40167333333333,35.09433666666667,0.37175151325163747
