x,y,z,rearZ,mattype,rearMat,Wm2Front,Wm2Back,Back/FrontRatio
0.04848887,-0.2595,4.580501,4.559001,a2.1.a0.real_tracker_v1.6457,a2.1.a0.real_tracker_v1.2310,842.6066666666666,165.25226666666666,0.19612006062133308
-0.2194871,-0.2595,4.130789,4.109289,a2.1.a0.real_tracker_v1.6457,a2.1.a0.real_tracker_v1.2310,837.3778333333333,92.13976333333333,0.11003354714204423
-0.487463,-0.2595,3.681076,3.659577,a2.1.a0.real_tracker_v1.6457,a2.1.a0.real_tracker_v1.2310,833.5860333333334,169.27380000000002,0.20306673836217304
0.04848887,0.0,4.580501,4.559001,a2.1.a0.real_tracker_v1.6457,a2.1.a0.real_tracker_v1.2310,842.8363666666668,165.66436666666667,0.19655555534023347
-0.2194871,0.0,4.130789,4.109289,a2.1.a0.real_tracker_v1.6457,a2.1.a0.real_tracker_v1.2310,837.5732333333332,90.13186,0.10761059308295343
-0.487463,-5.551115e-17,3.681076,3.659577,a2.1.a0.real_tracker_v1.6457,a2.1.a0.real_tracker_v1.2310,834.6420333333334,171.13916666666668,0.2050447434793581
0.04848887,0.2595,4.580501,4.559001,a2.1.a0.real_tracker_v1.6457,a2.1.a0.real_tracker_v1.2310,843.0658333333334,167.36663333333334,0.1985211927642747
-0.2194871,0.2595,4.130789,4.109289,a2.1.a0.real_tracker_v1.6457,a2.1.a0.real_tracker_v1.2310,837.7684666666668,106.60636666666666,0.1272502411562385
-0.487463,0.2595,3.681076,3.659577,a2.1.a0.real_tracker_v1.6457,a2.1.a0.real_tracker_v1.2310,835.6986,173.6342666666667,0.20777114966510296
