x,y,z,rearZ,mattype,rearMat,Wm2Front,Wm2Back,Back/FrontRatio
0.5823372,-0.2595,4.014692,3.976495,a2.1.a0.real_tracker_v1.6457,a2.1.a0.real_tracker_v1.2310,880.0470666666666,410.8135666666667,0.4668081008605515
0.1062381,-0.2595,4.232365,4.194168,a2.1.a0.real_tracker_v1.6457,a2.1.a0.real_tracker_v1.2310,880.0621,290.8814333333333,0.33052338330437137
-0.3698611,-0.2595,4.450039,4.411842,a2.1.a0.real_tracker_v1.6457,a2.1.a0.real_tracker_v1.2310,879.5996333333333,395.2092333333333,0.4493053078368634
0.5823372,0.0,4.014692,3.976495,a2.1.a0.real_tracker_v1.6457,a2.1.a0.real_tracker_v1.2310,880.1994333333333,412.01133333333337,0.46808808281659187
0.1062381,-5.551115e-17,4.232365,4.194168,a2.1.a0.real_tracker_v1.6457,a2.1.a0.real_tracker_v1.2310,880.3552666666666,290.31260000000003,0.3297671760765945
-0.3698611,-5.551115e-17,4.450039,4.411842,a2.1.a0.real_tracker_v1.6457,a2.1.a0.real_tracker_v1.2310,879.8984999999999,397.48150000000004,0.45173511293051094
0.5823372,0.2595,4.014692,3.976495,a2.1.a0.real_tracker_v1.6457,a2.1.a0.real_tracker_v1.2310,880.3569333333334,416.8009333333334,0.47344485413470844
0.1062381,0.2595,4.232365,4.194168,a2.1.a0.real_tracker_v1.6457,a2.1.a0.real_tracker_v1.2310,880.6541666666667,315.08306666666664,0.3577825675619155
-0.3698611,0.2595,4.450039,4.411842,a2.1.a0.real_tracker_v1.6457,a2.1.a0.real_tracker_v1.2310,880.1973666666667,397.02250000000004,0.45106025531896204
