x,y,z,rearZ,mattype,rearMat,Wm2Front,Wm2Back,Back/FrontRatio
0.1915223,-0.2595,4.550138,4.520331,a2.1.a0.real_tracker_v1.6457,a2.1.a0.real_tracker_v1.2310,480.76143333333334,104.90476666666666,0.21820499979442376
-0.1800024,-0.2595,4.181327,4.15152,a2.1.a0.real_tracker_v1.6457,a2.1.a0.real_tracker_v1.2310,475.17710000000005,75.2968,0.15846016472560498
-0.5515271,-0.2595,3.812516,3.782708,a2.1.a0.real_tracker_v1.6457,a2.1.a0.real_tracker_v1.2310,467.2788666666667,112.49773333333333,0.24075022563209084
0.1915223,0.0,4.550138,4.520331,a2.1.a0.real_tracker_v1.6457,a2.1.a0.real_tracker_v1.2310,481.0842666666667,106.11863333333334,0.22058175688606277
-0.1800024,0.0,4.181327,4.15152,a2.1.a0.real_tracker_v1.6457,a2.1.a0.real_tracker_v1.2310,475.2593,73.68292000000001,0.15503697657894003
-0.5515271,-5.551115e-17,3.812516,3.782708,a2.1.a0.real_tracker_v1.6457,a2.1.a0.real_tracker_v1.2310,467.4305,112.35516666666666,0.240367126876701
0.1915223,0.2595,4.550138,4.520331,a2.1.a0.real_tracker_v1.6457,a2.1.a0.real_tracker_v1.2310,481.4041666666667,105.39433333333334,0.21893062358076062
-0.1800024,0.2595,4.181327,4.15152,a2.1.a0.real_tracker_v1.6457,a2.1.a0.real_tracker_v1.2310,475.3397333333333,77.94573,0.1639786463352394
-0.5515271,0.2595,3.812516,3.782708,a2.1.a0.real_tracker_v1.6457,a2.1.a0.real_tracker_v1.2310,467.5803,113.1631,0.2420180191123982
