x,y,z,rearZ,mattype,rearMat,Wm2Front,Wm2Back,Back/FrontRatio
0.3378983,-0.2595,4.474507,4.437608,a2.1.a0.real_tracker_v1.6457,a2.1.a0.real_tracker_v1.2310,890.3607000000001,378.6594,0.42528716138620964
-0.1220316,-0.2595,4.224474,4.187574,a2.1.a0.real_tracker_v1.6457,a2.1.a0.real_tracker_v1.2310,890.8773000000001,276.0995666666667,0.30991838802973054
-0.5819615,-0.2595,3.97444,3.937541,a2.1.a0.real_tracker_v1.6457,a2.1.a0.real_tracker_v1.2310,889.2891,399.70903333333337,0.44946978869250137
0.3378983,0.0,4.474507,4.437608,a2.1.a0.real_tracker_v1.6457,a2.1.a0.real_tracker_v1.2310,890.7052333333335,379.6571666666666,0.4262428536576611
-0.1220316,-5.551115e-17,4.224474,4.187574,a2.1.a0.real_tracker_v1.6457,a2.1.a0.real_tracker_v1.2310,888.634,274.5416666666667,0.30894761816343796
-0.5819615,-5.551115e-17,3.97444,3.937541,a2.1.a0.real_tracker_v1.6457,a2.1.a0.real_tracker_v1.2310,889.5436333333333,401.8339,0.4517298907129974
0.3378983,0.2595,4.474507,4.437608,a2.1.a0.real_tracker_v1.6457,a2.1.a0.real_tracker_v1.2310,891.0536000000001,383.6873333333333,0.43059912752073026
-0.1220316,0.2595,4.224474,4.187574,a2.1.a0.real_tracker_v1.6457,a2.1.a0.real_tracker_v1.2310,890.2934666666666,298.61266666666666,0.33540887632908273
-0.5819615,0.2595,3.97444,3.937541,a2.1.a0.real_tracker_v1.6457,a2.1.a0.real_tracker_v1.2310,889.6253333333334,407.19983333333334,0.457720076481549
