x,y,z,rearZ,mattype,rearMat,Wm2Front,Wm2Back,Back/FrontRatio
0.5505032,-0.2595,4.19047,4.148776,a2.1.a0.real_tracker_v1.6457,a2.1.a0.real_tracker_v1.2310,855.8377666666667,439.8951666666667,0.5139930367725417
0.03082777,-0.2595,4.253633,4.21194,a2.1.a0.real_tracker_v1.6457,a2.1.a0.real_tracker_v1.2310,855.8083333333334,331.1177,0.38690592297038123
-0.4888477,-0.2595,4.316797,4.275104,a2.1.a0.real_tracker_v1.6457,a2.1.a0.real_tracker_v1.2310,855.7808666666666,446.00596666666667,0.5211678162846483
0.5505032,0.0,4.19047,4.148776,a2.1.a0.real_tracker_v1.6457,a2.1.a0.real_tracker_v1.2310,855.8428666666667,446.79223333333334,0.5220487646578527
0.03082777,-5.551115e-17,4.253633,4.21194,a2.1.a0.real_tracker_v1.6457,a2.1.a0.real_tracker_v1.2310,855.8153666666667,334.2761666666667,0.3905933325026775
-0.4888477,-5.551115e-17,4.316797,4.275104,a2.1.a0.real_tracker_v1.6457,a2.1.a0.real_tracker_v1.2310,855.7878333333333,447.79223333333334,0.5232508486809344
0.5505032,0.2595,4.19047,4.148776,a2.1.a0.real_tracker_v1.6457,a2.1.a0.real_tracker_v1.2310,855.8498333333333,448.8232,0.5244175532924839
0.03082777,0.2595,4.253633,4.21194,a2.1.a0.real_tracker_v1.6457,a2.1.a0.real_tracker_v1.2310,855.8223333333334,363.88210000000004,0.4251836632949947
-0.4888477,0.2595,4.316797,4.275104,a2.1.a0.real_tracker_v1.6457,a2.1.a0.real_tracker_v1.2310,855.7948,445.86283333333336,0.5209920793410453
