x,y,z,rearZ,mattype,rearMat,Wm2Front,Wm2Back,Back/FrontRatio
0.1932496,-0.2595,4.549534,4.519634,a2.1.a0.real_tracker_v1.6457,a2.1.a0.real_tracker_v1.2310,902.9704,280.79580000000004,0.310968653049255
-0.1794319,-0.2595,4.181891,4.151991,a2.1.a0.real_tracker_v1.6457,a2.1.a0.real_tracker_v1.2310,902.7741,184.79413333333335,0.20469564715878114
-0.5521133,-0.2595,3.814249,3.784349,a2.1.a0.real_tracker_v1.6457,a2.1.a0.real_tracker_v1.2310,899.2468333333333,296.2855,0.3294814722007486
0.1932496,0.0,4.549534,4.519634,a2.1.a0.real_tracker_v1.6457,a2.1.a0.real_tracker_v1.2310,903.3009999999999,286.6803333333333,0.3173693109650298
-0.1794319,0.0,4.181891,4.151991,a2.1.a0.real_tracker_v1.6457,a2.1.a0.real_tracker_v1.2310,903.1142666666666,184.78203333333332,0.20460514859343537
-0.5521133,-5.551115e-17,3.814249,3.784349,a2.1.a0.real_tracker_v1.6457,a2.1.a0.real_tracker_v1.2310,898.9564333333333,298.6512666666667,0.33221958637047816
0.1932496,0.2595,4.549534,4.519634,a2.1.a0.real_tracker_v1.6457,a2.1.a0.real_tracker_v1.2310,903.6412,285.30736666666667,0.31573045909837616
-0.1794319,0.2595,4.181891,4.151991,a2.1.a0.real_tracker_v1.6457,a2.1.a0.real_tracker_v1.2310,901.5447666666665,205.62536666666665,0.2280808964662286
-0.5521133,0.2595,3.814249,3.784349,a2.1.a0.real_tracker_v1.6457,a2.1.a0.real_tracker_v1.2310,899.7339666666667,301.10196666666667,0.3346562908210488
