x,y,z,rearZ,mattype,rearMat,Wm2Front,Wm2Back,Back/FrontRatio
0.5254905,-0.2595,4.251381,4.209382,a2.1.a0.real_tracker_v1.6457,a2.1.a0.real_tracker_v1.2310,0.9877777,0.5445586,0.5507391600761223
0.002006672,-0.2595,4.255492,4.213493,a2.1.a0.real_tracker_v1.6457,a2.1.a0.real_tracker_v1.2310,0.9877813999999999,0.39701649999999994,0.4015210035302039
-0.5214772,-0.2595,4.259604,4.217605,a2.1.a0.real_tracker_v1.6457,a2.1.a0.real_tracker_v1.2310,0.9877816999999999,0.5459524333333333,0.5521465793039387
0.5254905,0.0,4.251381,4.209382,a2.1.a0.real_tracker_v1.6457,a2.1.a0.real_tracker_v1.2310,0.9877807,0.5449829,0.55116660347436
0.002006672,-5.551115e-17,4.255492,4.213493,a2.1.a0.real_tracker_v1.6457,a2.1.a0.real_tracker_v1.2310,0.9877809000000001,0.3817587,0.38609028552230323
-0.5214772,-5.551115e-17,4.259604,4.217605,a2.1.a0.real_tracker_v1.6457,a2.1.a0.real_tracker_v1.2310,0.9877811,0.5444302666666666,0.5506074768891381
0.5254905,0.2595,4.251381,4.209382,a2.1.a0.real_tracker_v1.6457,a2.1.a0.real_tracker_v1.2310,0.9877801,0.5450891999999999,0.5512744441357587
0.002006672,0.2595,4.255492,4.213493,a2.1.a0.real_tracker_v1.6457,a2.1.a0.real_tracker_v1.2310,0.9877804,0.3949273,0.3994085036475237
-0.5214772,0.2595,4.259604,4.217605,a2.1.a0.real_tracker_v1.6457,a2.1.a0.real_tracker_v1.2310,0.9877806000000001,0.5460971666666666,0.5522935691362336
