x,y,z,rearZ,mattype,rearMat,Wm2Front,Wm2Back,Back/FrontRatio
0.464456,-0.2595,4.351587,4.310374,a2.1.a0.real_tracker_v1.6457,a2.1.a0.real_tracker_v1.2310,858.0727333333334,440.26009999999997,0.5130795675212371
-0.04923312,-0.2595,4.250712,4.209499,a2.1.a0.real_tracker_v1.6457,a2.1.a0.real_tracker_v1.2310,858.0443666666666,327.7692,0.3819951866569915
-0.5629222,-0.2595,4.149837,4.108624,a2.1.a0.real_tracker_v1.6457,a2.1.a0.real_tracker_v1.2310,858.0193333333333,436.4796666666667,0.5087055046481028
0.464456,0.0,4.351587,4.310374,a2.1.a0.real_tracker_v1.6457,a2.1.a0.real_tracker_v1.2310,858.0880333333334,441.5772666666667,0.5146054191501729
-0.04923312,-5.551115e-17,4.250712,4.209499,a2.1.a0.real_tracker_v1.6457,a2.1.a0.real_tracker_v1.2310,858.0629666666667,328.85543333333334,0.3832528180979825
-0.5629222,-5.551115e-17,4.149837,4.108624,a2.1.a0.real_tracker_v1.6457,a2.1.a0.real_tracker_v1.2310,858.0379333333334,438.19163333333336,0.5106896858759479
0.464456,0.2595,4.351587,4.310374,a2.1.a0.real_tracker_v1.6457,a2.1.a0.real_tracker_v1.2310,858.1065333333332,445.8481,0.5195713621905818
-0.04923312,0.2595,4.250712,4.209499,a2.1.a0.real_tracker_v1.6457,a2.1.a0.real_tracker_v1.2310,858.0814999999999,353.4754666666667,0.4119364591011549
-0.5629222,0.2595,4.149837,4.108624,a2.1.a0.real_tracker_v1.6457,a2.1.a0.real_tracker_v1.2310,858.0564333333333,442.7226333333333,0.5159592075479952
