x,y,z,rearZ,mattype,rearMat,Wm2Front,Wm2Back,Back/FrontRatio
0.5627923,-0.2595,1.349676,1.317964,a2.1.a0.real_tracker_v1.6457,a2.1.a0.real_tracker_v1.2310,886.4394666666667,264.0038666666667,0.2978247006924398
0.1675221,-0.2595,1.692916,1.661204,a2.1.a0.real_tracker_v1.6457,a2.1.a0.real_tracker_v1.2310,889.4453666666667,187.62776666666664,0.21094893823652322
-0.2277481,-0.2595,2.036156,2.004444,a2.1.a0.real_tracker_v1.6457,a2.1.a0.real_tracker_v1.2310,891.8184,221.60469999999998,0.24848607240434553
0.5627923,0.0,1.349676,1.317964,a2.1.a0.real_tracker_v1.6457,a2.1.a0.real_tracker_v1.2310,886.7092333333334,262.60909999999996,0.2961611247146615
0.1675221,0.0,1.692916,1.661204,a2.1.a0.real_tracker_v1.6457,a2.1.a0.real_tracker_v1.2310,889.5706333333334,186.48996666666667,0.20964019049018687
-0.2277481,-5.551115e-17,2.036156,2.004444,a2.1.a0.real_tracker_v1.6457,a2.1.a0.real_tracker_v1.2310,891.7191333333334,221.5879,0.2484948939884128
0.5627923,0.2595,1.349676,1.317964,a2.1.a0.real_tracker_v1.6457,a2.1.a0.real_tracker_v1.2310,886.9749,264.63910000000004,0.2983610941402129
0.1675221,0.2595,1.692916,1.661204,a2.1.a0.real_tracker_v1.6457,a2.1.a0.real_tracker_v1.2310,889.6925666666666,204.09293333333335,0.2293968856018479
-0.2277481,0.2595,2.036156,2.004444,a2.1.a0.real_tracker_v1.6457,a2.1.a0.real_tracker_v1.2310,891.6167,216.1794,0.24245750168485886
