x,y,z,rearZ,mattype,rearMat,Wm2Front,Wm2Back,Back/FrontRatio
0.5730893,-0.2595,1.604408,1.563973,a2.1.a0.real_tracker_v1.6457,a2.1.a0.real_tracker_v1.2310,92.98852666666666,31.168163333333336,0.33517928793271273
0.06909548,-0.2595,1.74598,1.705545,a2.1.a0.real_tracker_v1.6457,a2.1.a0.real_tracker_v1.2310,94.03723333333333,22.174746666666664,0.23580564926251624
-0.4348984,-0.2595,1.887551,1.847116,a2.1.a0.real_tracker_v1.6457,a2.1.a0.real_tracker_v1.2310,94.28069,30.381646666666665,0.322243339790225
0.5730893,0.0,1.604408,1.563973,a2.1.a0.real_tracker_v1.6457,a2.1.a0.real_tracker_v1.2310,92.91224333333334,31.006706666666663,0.33371676151081864
0.06909548,-5.551115e-17,1.74598,1.705545,a2.1.a0.real_tracker_v1.6457,a2.1.a0.real_tracker_v1.2310,94.01366333333334,21.19888,0.22548482596633238
-0.4348984,-5.551115e-17,1.887551,1.847116,a2.1.a0.real_tracker_v1.6457,a2.1.a0.real_tracker_v1.2310,94.25873333333334,30.396649999999998,0.32247757260788623
0.5730893,0.2595,1.604408,1.563973,a2.1.a0.real_tracker_v1.6457,a2.1.a0.real_tracker_v1.2310,92.83751666666666,31.292289999999998,0.33706150338823093
0.06909548,0.2595,1.74598,1.705545,a2.1.a0.real_tracker_v1.6457,a2.1.a0.real_tracker_v1.2310,93.99171333333334,22.507680000000004,0.239461966803526
-0.4348984,0.2595,1.887551,1.847116,a2.1.a0.real_tracker_v1.6457,a2.1.a0.real_tracker_v1.2310,94.46503666666666,30.45022,0.32234039951783733
