x,y,z,rearZ,mattype,rearMat,Wm2Front,Wm2Back,Back/FrontRatio
0.04848887,-0.2595,2.080501,2.059001,a2.1.a0.real_tracker_v1.6457,a2.1.a0.real_tracker_v1.2310,826.8896333333332,128.84123333333332,0.1558141163287253
-0.2194871,-0.2595,1.630789,1.609289,a2.1.a0.real_tracker_v1.6457,a2.1.a0.real_tracker_v1.2310,818.1893666666666,101.63953333333332,0.12422479837719917
-0.487463,-0.2595,1.181076,1.159577,a2.1.a0.real_tracker_v1.6457,a2.1.a0.real_tracker_v1.2310,808.7211000000001,164.0287,0.20282455493673288
0.04848887,0.0,2.080501,2.059001,a2.1.a0.real_tracker_v1.6457,a2.1.a0.real_tracker_v1.2310,827.0895,127.48746666666666,0.15413968201383846
-0.2194871,0.0,1.630789,1.609289,a2.1.a0.real_tracker_v1.6457,a2.1.a0.real_tracker_v1.2310,818.2330666666667,100.37893333333334,0.12267752886684177
-0.487463,-5.551115e-17,1.181076,1.159577,a2.1.a0.real_tracker_v1.6457,a2.1.a0.real_tracker_v1.2310,809.2031999999999,163.55859999999998,0.2021227769208316
0.04848887,0.2595,2.080501,2.059001,a2.1.a0.real_tracker_v1.6457,a2.1.a0.real_tracker_v1.2310,826.0411666666665,130.21953333333332,0.15764271920743353
-0.2194871,0.2595,1.630789,1.609289,a2.1.a0.real_tracker_v1.6457,a2.1.a0.real_tracker_v1.2310,818.2777333333333,112.75903333333333,0.13780027359870284
-0.487463,0.2595,1.181076,1.159577,a2.1.a0.real_tracker_v1.6457,a2.1.a0.real_tracker_v1.2310,809.1515666666668,164.36183333333335,0.20312835935307957
