x,y,z,rearZ,mattype,rearMat,Wm2Front,Wm2Back,Back/FrontRatio
0.4225833,-0.2595,1.099056,1.084354,a2.1.a0.real_tracker_v1.6457,a2.1.a0.real_tracker_v1.2310,544.4454666666667,85.37913666666668,0.15681823998123112
0.2393354,-0.2595,1.589436,1.574734,a2.1.a0.real_tracker_v1.6457,a2.1.a0.real_tracker_v1.2310,558.1110333333332,61.82076333333333,0.11076765889477032
0.05608738,-0.2595,2.079816,2.065114,a2.1.a0.real_tracker_v1.6457,a2.1.a0.real_tracker_v1.2310,569.0240666666667,90.23411666666668,0.15857669890582443
0.4225833,0.0,1.099056,1.084354,a2.1.a0.real_tracker_v1.6457,a2.1.a0.real_tracker_v1.2310,544.2187666666666,85.60980333333335,0.15730741251404998
0.2393354,0.0,1.589436,1.574734,a2.1.a0.real_tracker_v1.6457,a2.1.a0.real_tracker_v1.2310,558.0683,58.760533333333335,0.10529253863871985
0.05608738,0.0,2.079816,2.065114,a2.1.a0.real_tracker_v1.6457,a2.1.a0.real_tracker_v1.2310,568.8912666666666,89.72357666666666,0.157716288168914
0.4225833,0.2595,1.099056,1.084354,a2.1.a0.real_tracker_v1.6457,a2.1.a0.real_tracker_v1.2310,543.9932666666667,85.77942666666667,0.15768443147807684
0.2393354,0.2595,1.589436,1.574734,a2.1.a0.real_tracker_v1.6457,a2.1.a0.real_tracker_v1.2310,558.3154666666666,66.45923666666665,0.11903506458165244
0.05608738,0.2595,2.079816,2.065114,a2.1.a0.real_tracker_v1.6457,a2.1.a0.real_tracker_v1.2310,568.7595333333334,90.33987333333333,0.15883639605561004
