x,y,z,rearZ,mattype,rearMat,Wm2Front,Wm2Back,Back/FrontRatio
0.3378983,-0.2595,1.974507,1.937608,a2.1.a0.real_tracker_v1.6457,a2.1.a0.real_tracker_v1.2310,888.8762333333334,275.00596666666667,0.30938576932090023
-0.1220316,-0.2595,1.724474,1.687574,a2.1.a0.real_tracker_v1.6457,a2.1.a0.real_tracker_v1.2310,888.9279,239.6679333333333,0.26961428898681694
-0.5819615,-0.2595,1.47444,1.437541,a2.1.a0.real_tracker_v1.6457,a2.1.a0.real_tracker_v1.2310,886.7935333333334,316.0817333333334,0.3564317566835099
0.3378983,0.0,1.974507,1.937608,a2.1.a0.real_tracker_v1.6457,a2.1.a0.real_tracker_v1.2310,888.7464,277.0745,0.31175843664915365
-0.1220316,-5.551115e-17,1.724474,1.687574,a2.1.a0.real_tracker_v1.6457,a2.1.a0.real_tracker_v1.2310,887.9725666666667,243.34796666666668,0.2740486606827298
-0.5819615,-5.551115e-17,1.47444,1.437541,a2.1.a0.real_tracker_v1.6457,a2.1.a0.real_tracker_v1.2310,886.9801666666667,315.7329666666667,0.3559635520258134
0.3378983,0.2595,1.974507,1.937608,a2.1.a0.real_tracker_v1.6457,a2.1.a0.real_tracker_v1.2310,888.6227666666667,277.5826333333334,0.3123736318403668
-0.1220316,0.2595,1.724474,1.687574,a2.1.a0.real_tracker_v1.6457,a2.1.a0.real_tracker_v1.2310,888.6806333333334,264.7271,0.29788744368108727
-0.5819615,0.2595,1.47444,1.437541,a2.1.a0.real_tracker_v1.6457,a2.1.a0.real_tracker_v1.2310,887.1708333333332,317.57120000000003,0.3579590650514717
