x,y,z,rearZ,mattype,rearMat,Wm2Front,Wm2Back,Back/FrontRatio
0.5505032,-0.2595,1.69047,1.648776,a2.1.a0.real_tracker_v1.6457,a2.1.a0.real_tracker_v1.2310,856.4529333333334,347.3331666666666,0.40554798471745
0.03082777,-0.2595,1.753633,1.71194,a2.1.a0.real_tracker_v1.6457,a2.1.a0.real_tracker_v1.2310,856.4808666666668,289.87896666666666,0.33845312778756625
-0.4888477,-0.2595,1.816797,1.775104,a2.1.a0.real_tracker_v1.6457,a2.1.a0.real_tracker_v1.2310,856.6383,336.27930000000003,0.3925564703837427
0.5505032,0.0,1.69047,1.648776,a2.1.a0.real_tracker_v1.6457,a2.1.a0.real_tracker_v1.2310,856.5385,348.8695333333333,0.4073011616315807
0.03082777,-5.551115e-17,1.753633,1.71194,a2.1.a0.real_tracker_v1.6457,a2.1.a0.real_tracker_v1.2310,856.6073333333334,291.0115333333333,0.33972531203486617
-0.4888477,-5.551115e-17,1.816797,1.775104,a2.1.a0.real_tracker_v1.6457,a2.1.a0.real_tracker_v1.2310,856.6609333333332,339.3433,0.3961227723515049
0.5505032,0.2595,1.69047,1.648776,a2.1.a0.real_tracker_v1.6457,a2.1.a0.real_tracker_v1.2310,856.5812666666667,348.0231999999999,0.4062927911808275
0.03082777,0.2595,1.753633,1.71194,a2.1.a0.real_tracker_v1.6457,a2.1.a0.real_tracker_v1.2310,856.6474666666667,317.83273333333335,0.3710188551087506
-0.4888477,0.2595,1.816797,1.775104,a2.1.a0.real_tracker_v1.6457,a2.1.a0.real_tracker_v1.2310,856.6857666666666,340.3759,0.39731663105336484
