x,y,z,rearZ,mattype,rearMat,Wm2Front,Wm2Back,Back/FrontRatio
0.464456,-0.2595,1.851587,1.810374,a2.1.a0.real_tracker_v1.6457,a2.1.a0.real_tracker_v1.2310,858.6240666666666,329.19013333333334,0.38339217676384324
-0.04923312,-0.2595,1.750712,1.709499,a2.1.a0.real_tracker_v1.6457,a2.1.a0.real_tracker_v1.2310,858.5922666666667,285.28653333333335,0.3322720366080983
-0.5629222,-0.2595,1.649837,1.608624,a2.1.a0.real_tracker_v1.6457,a2.1.a0.real_tracker_v1.2310,858.5627,344.507,0.40125968521613486
0.464456,0.0,1.851587,1.810374,a2.1.a0.real_tracker_v1.6457,a2.1.a0.real_tracker_v1.2310,858.5738666666666,329.23123333333336,0.3834624633394425
-0.04923312,-5.551115e-17,1.750712,1.709499,a2.1.a0.real_tracker_v1.6457,a2.1.a0.real_tracker_v1.2310,858.5442666666668,286.55850000000004,0.33377215055016707
-0.5629222,-5.551115e-17,1.649837,1.608624,a2.1.a0.real_tracker_v1.6457,a2.1.a0.real_tracker_v1.2310,858.5147333333334,346.8308,0.4039888688508601
0.464456,0.2595,1.851587,1.810374,a2.1.a0.real_tracker_v1.6457,a2.1.a0.real_tracker_v1.2310,858.5259666666666,330.57123333333334,0.3850446708934672
-0.04923312,0.2595,1.750712,1.709499,a2.1.a0.real_tracker_v1.6457,a2.1.a0.real_tracker_v1.2310,858.4964,314.0507666666667,0.3658144645128415
-0.5629222,0.2595,1.649837,1.608624,a2.1.a0.real_tracker_v1.6457,a2.1.a0.real_tracker_v1.2310,857.5460333333334,342.75040000000007,0.3996869987033948
