x,y,z,rearZ,mattype,rearMat,Wm2Front,Wm2Back,Back/FrontRatio
0.1932496,-0.2595,2.049534,2.019634,a2.1.a0.real_tracker_v1.6457,a2.1.a0.real_tracker_v1.2310,895.4879999999999,197.00816666666665,0.22000065513553677
-0.1794319,-0.2595,1.681891,1.651991,a2.1.a0.real_tracker_v1.6457,a2.1.a0.real_tracker_v1.2310,892.6266666666667,169.99556666666666,0.1904439813091162
-0.5521133,-0.2595,1.314249,1.284349,a2.1.a0.real_tracker_v1.6457,a2.1.a0.real_tracker_v1.2310,889.8681666666666,247.5104,0.27814246101720946
0.1932496,0.0,2.049534,2.019634,a2.1.a0.real_tracker_v1.6457,a2.1.a0.real_tracker_v1.2310,895.3959666666666,198.55403333333334,0.22174972746724742
-0.1794319,0.0,1.681891,1.651991,a2.1.a0.real_tracker_v1.6457,a2.1.a0.real_tracker_v1.2310,892.5386666666667,165.202,0.18509205379854266
-0.5521133,-5.551115e-17,1.314249,1.284349,a2.1.a0.real_tracker_v1.6457,a2.1.a0.real_tracker_v1.2310,890.0591666666668,247.28449999999998,0.27782897073812046
0.1932496,0.2595,2.049534,2.019634,a2.1.a0.real_tracker_v1.6457,a2.1.a0.real_tracker_v1.2310,895.3119,199.78946666666664,0.2231504389880528
-0.1794319,0.2595,1.681891,1.651991,a2.1.a0.real_tracker_v1.6457,a2.1.a0.real_tracker_v1.2310,892.4576000000001,185.264,0.20758834079250288
-0.5521133,0.2595,1.314249,1.284349,a2.1.a0.real_tracker_v1.6457,a2.1.a0.real_tracker_v1.2310,890.2574333333332,247.0916,0.2775504176633654
