x,y,z,rearZ,mattype,rearMat,Wm2Front,Wm2Back,Back/FrontRatio
0.1915223,-0.2595,2.050138,2.020331,a2.1.a0.real_tracker_v1.6457,a2.1.a0.real_tracker_v1.2310,479.20073333333335,71.50373,0.14921425576368255
-0.1800024,-0.2595,1.681327,1.65152,a2.1.a0.real_tracker_v1.6457,a2.1.a0.real_tracker_v1.2310,471.99800000000005,51.62112,0.10936701137078679
-0.5515271,-0.2595,1.312516,1.282708,a2.1.a0.real_tracker_v1.6457,a2.1.a0.real_tracker_v1.2310,462.80653333333333,67.81272666666666,0.1465246820384514
0.1915223,0.0,2.050138,2.020331,a2.1.a0.real_tracker_v1.6457,a2.1.a0.real_tracker_v1.2310,479.2203666666667,71.89514000000001,0.15002490498302076
-0.1800024,0.0,1.681327,1.65152,a2.1.a0.real_tracker_v1.6457,a2.1.a0.real_tracker_v1.2310,471.6614333333334,48.89552333333334,0.10366635092767264
-0.5515271,-5.551115e-17,1.312516,1.282708,a2.1.a0.real_tracker_v1.6457,a2.1.a0.real_tracker_v1.2310,463.2959333333333,67.24234333333334,0.14513876198043762
0.1915223,0.2595,2.050138,2.020331,a2.1.a0.real_tracker_v1.6457,a2.1.a0.real_tracker_v1.2310,479.23826666666673,72.10852,0.15046454874524054
-0.1800024,0.2595,1.681327,1.65152,a2.1.a0.real_tracker_v1.6457,a2.1.a0.real_tracker_v1.2310,471.32323333333335,53.81735,0.11418328656557514
-0.5515271,0.2595,1.312516,1.282708,a2.1.a0.real_tracker_v1.6457,a2.1.a0.real_tracker_v1.2310,463.78403333333335,68.10367333333333,0.14684318906079405
