x,y,z,rearZ,mattype,rearMat,Wm2Front,Wm2Back,Back/FrontRatio
0.5823372,-0.2595,1.514692,1.476495,a2.1.a0.real_tracker_v1.6457,a2.1.a0.real_tracker_v1.2310,879.1666333333333,321.1214,0.36525616711170256
0.1062381,-0.2595,1.732365,1.694168,a2.1.a0.real_tracker_v1.6457,a2.1.a0.real_tracker_v1.2310,878.7118,254.73373333333333,0.28989418764963176
-0.3698611,-0.2595,1.950039,1.911842,a2.1.a0.real_tracker_v1.6457,a2.1.a0.real_tracker_v1.2310,878.6598666666667,291.54566666666665,0.33180681845168475
0.5823372,0.0,1.514692,1.476495,a2.1.a0.real_tracker_v1.6457,a2.1.a0.real_tracker_v1.2310,879.2395666666666,317.30033333333336,0.36087999730979964
0.1062381,-5.551115e-17,1.732365,1.694168,a2.1.a0.real_tracker_v1.6457,a2.1.a0.real_tracker_v1.2310,878.9149000000001,255.827,0.29107107972446505
-0.3698611,-5.551115e-17,1.950039,1.911842,a2.1.a0.real_tracker_v1.6457,a2.1.a0.real_tracker_v1.2310,878.8676,290.47246666666666,0.330507275679967
0.5823372,0.2595,1.514692,1.476495,a2.1.a0.real_tracker_v1.6457,a2.1.a0.real_tracker_v1.2310,879.3691666666667,321.6621666666667,0.3657869903478266
0.1062381,0.2595,1.732365,1.694168,a2.1.a0.real_tracker_v1.6457,a2.1.a0.real_tracker_v1.2310,879.1226,278.30586666666665,0.31657194354316803
-0.3698611,0.2595,1.950039,1.911842,a2.1.a0.real_tracker_v1.6457,a2.1.a0.real_tracker_v1.2310,879.7042,290.0292,0.32968908220617543
