x,y,z,rearZ,mattype,rearMat,Wm2Front,Wm2Back,Back/FrontRatio
0.5254905,-0.2595,1.751381,1.709382,a2.1.a0.real_tracker_v1.6457,a2.1.a0.real_tracker_v1.2310,0.9880852,0.45679166666666665,0.4618324757732364
0.002006672,-0.2595,1.755492,1.713493,a2.1.a0.real_tracker_v1.6457,a2.1.a0.real_tracker_v1.2310,0.9880843,0.3515304666666667,0.3554100157758714
-0.5214772,-0.2595,1.759604,1.717605,a2.1.a0.real_tracker_v1.6457,a2.1.a0.real_tracker_v1.2310,0.9880841,0.4575841,0.4626341683179418
0.5254905,0.0,1.751381,1.709382,a2.1.a0.real_tracker_v1.6457,a2.1.a0.real_tracker_v1.2310,0.9880847999999999,0.4530294333333333,0.4580289104971923
0.002006672,-5.551115e-17,1.755492,1.713493,a2.1.a0.real_tracker_v1.6457,a2.1.a0.real_tracker_v1.2310,0.9880846,0.3376927333333333,0.3414194633435131
-0.5214772,-5.551115e-17,1.759604,1.717605,a2.1.a0.real_tracker_v1.6457,a2.1.a0.real_tracker_v1.2310,0.9880844,0.4540731666666667,0.45908434777322005
0.5254905,0.2595,1.751381,1.709382,a2.1.a0.real_tracker_v1.6457,a2.1.a0.real_tracker_v1.2310,0.988085,0.4534080333333333,0.45841159590261027
0.002006672,0.2595,1.755492,1.713493,a2.1.a0.real_tracker_v1.6457,a2.1.a0.real_tracker_v1.2310,0.9880849,0.35045926666666666,0.3543267788909391
-0.5214772,0.2595,1.759604,1.717605,a2.1.a0.real_tracker_v1.6457,a2.1.a0.real_tracker_v1.2310,0.9880847999999999,0.45547143333333334,0.4604978595701131
