x,y,z,rearZ,mattype,rearMat,Wm2Front,Wm2Back,Back/FrontRatio
0.3378983,-0.2595,2.474507,2.437608,a2.1.a0.real_tracker_v1.6457,a2.1.a0.real_tracker_v1.2310,891.0449666666667,305.93356666666665,0.3433420700069383
-0.1220316,-0.2595,2.224474,2.187574,a2.1.a0.real_tracker_v1.6457,a2.1.a0.real_tracker_v1.2310,891.4799666666668,263.1050666666667,0.2951325676087532
-0.5819615,-0.2595,1.97444,1.937541,a2.1.a0.real_tracker_v1.6457,a2.1.a0.real_tracker_v1.2310,889.5575333333333,353.4370666666667,0.39731738095106056
0.3378983,0.0,2.474507,2.437608,a2.1.a0.real_tracker_v1.6457,a2.1.a0.real_tracker_v1.2310,890.8718666666667,308.1981666666667,0.34595078399888407
-0.1220316,-5.551115e-17,2.224474,2.187574,a2.1.a0.real_tracker_v1.6457,a2.1.a0.real_tracker_v1.2310,890.1729,266.3359666666667,0.2991954343602601
-0.5819615,-5.551115e-17,1.97444,1.937541,a2.1.a0.real_tracker_v1.6457,a2.1.a0.real_tracker_v1.2310,889.5230666666666,353.56379999999996,0.3974752491238573
0.3378983,0.2595,2.474507,2.437608,a2.1.a0.real_tracker_v1.6457,a2.1.a0.real_tracker_v1.2310,890.7035,309.19966666666664,0.3471405686921607
-0.1220316,0.2595,2.224474,2.187574,a2.1.a0.real_tracker_v1.6457,a2.1.a0.real_tracker_v1.2310,891.1431333333334,291.42946666666666,0.327028429819284
-0.5819615,0.2595,1.97444,1.937541,a2.1.a0.real_tracker_v1.6457,a2.1.a0.real_tracker_v1.2310,889.4925666666667,351.1543,0.3947800334474969
