x,y,z,rearZ,mattype,rearMat,Wm2Front,Wm2Back,Back/FrontRatio
0.5051652,-0.2595,1.70993,1.686371,a2.1.a0.real_tracker_v1.6457,a2.1.a0.real_tracker_v1.2310,820.5107666666667,203.52526666666665,0.24804673733502827
0.2115194,-0.2595,2.143317,2.119758,a2.1.a0.real_tracker_v1.6457,a2.1.a0.real_tracker_v1.2310,827.5662333333333,133.05603333333332,0.1607797263763101
-0.08212641,-0.2595,2.576704,2.553145,a2.1.a0.real_tracker_v1.6457,a2.1.a0.real_tracker_v1.2310,835.5455666666667,169.80010000000001,0.2032203910278769
0.5051652,0.0,1.70993,1.686371,a2.1.a0.real_tracker_v1.6457,a2.1.a0.real_tracker_v1.2310,821.0316666666668,203.1449,0.2474260869847647
0.2115194,0.0,2.143317,2.119758,a2.1.a0.real_tracker_v1.6457,a2.1.a0.real_tracker_v1.2310,828.2638666666667,131.5719,0.1588524459929203
-0.08212641,-5.551115e-17,2.576704,2.553145,a2.1.a0.real_tracker_v1.6457,a2.1.a0.real_tracker_v1.2310,835.6424666666667,169.56106666666668,0.20291077885528855
0.5051652,0.2595,1.70993,1.686371,a2.1.a0.real_tracker_v1.6457,a2.1.a0.real_tracker_v1.2310,820.5213666666667,205.08843333333334,0.2499486201290227
0.2115194,0.2595,2.143317,2.119758,a2.1.a0.real_tracker_v1.6457,a2.1.a0.real_tracker_v1.2310,828.1842333333334,144.39256666666668,0.1743481540784133
-0.08212641,0.2595,2.576704,2.553145,a2.1.a0.real_tracker_v1.6457,a2.1.a0.real_tracker_v1.2310,835.7401333333332,168.96303333333333,0.20217149377275279
