x,y,z,rearZ,mattype,rearMat,Wm2Front,Wm2Back,Back/FrontRatio
0.464456,-0.2595,2.351587,2.310374,a2.1.a0.real_tracker_v1.6457,a2.1.a0.real_tracker_v1.2310,858.1462333333334,357.4225666666666,0.4165049455188672
-0.04923312,-0.2595,2.250712,2.209499,a2.1.a0.real_tracker_v1.6457,a2.1.a0.real_tracker_v1.2310,858.0965666666666,316.5523,0.36890012545970396
-0.5629222,-0.2595,2.149837,2.108624,a2.1.a0.real_tracker_v1.6457,a2.1.a0.real_tracker_v1.2310,858.0493,377.69253333333336,0.4401752826533985
0.464456,0.0,2.351587,2.310374,a2.1.a0.real_tracker_v1.6457,a2.1.a0.real_tracker_v1.2310,858.0987666666666,362.35993333333334,0.4222818224749547
-0.04923312,-5.551115e-17,2.250712,2.209499,a2.1.a0.real_tracker_v1.6457,a2.1.a0.real_tracker_v1.2310,858.0516000000001,317.85880000000003,0.37044209177852266
-0.5629222,-5.551115e-17,2.149837,2.108624,a2.1.a0.real_tracker_v1.6457,a2.1.a0.real_tracker_v1.2310,858.0044666666666,380.1612333333333,0.4430755375140578
0.464456,0.2595,2.351587,2.310374,a2.1.a0.real_tracker_v1.6457,a2.1.a0.real_tracker_v1.2310,858.0538666666666,364.92173333333335,0.4252895094587192
-0.04923312,0.2595,2.250712,2.209499,a2.1.a0.real_tracker_v1.6457,a2.1.a0.real_tracker_v1.2310,858.0066999999999,344.33126666666664,0.4013148910745984
-0.5629222,0.2595,2.149837,2.108624,a2.1.a0.real_tracker_v1.6457,a2.1.a0.real_tracker_v1.2310,857.9594999999999,380.4990666666667,0.44349252286867136
