x,y,z,rearZ,mattype,rearMat,Wm2Front,Wm2Back,Back/FrontRatio
0.4225833,-0.2595,1.599056,1.584354,a2.1.a0.real_tracker_v1.6457,a2.1.a0.real_tracker_v1.2310,549.8658333333334,90.34026333333334,0.16429480349939274
0.2393354,-0.2595,2.089436,2.074734,a2.1.a0.real_tracker_v1.6457,a2.1.a0.real_tracker_v1.2310,563.2569333333333,62.30193,0.11060994672778096
0.05608738,-0.2595,2.579816,2.565114,a2.1.a0.real_tracker_v1.6457,a2.1.a0.real_tracker_v1.2310,574.0254,93.41901,0.16274340343928434
0.4225833,0.0,1.599056,1.584354,a2.1.a0.real_tracker_v1.6457,a2.1.a0.real_tracker_v1.2310,550.2081999999999,90.99246666666666,0.16537794472841724
0.2393354,0.0,2.089436,2.074734,a2.1.a0.real_tracker_v1.6457,a2.1.a0.real_tracker_v1.2310,563.6628000000001,59.895226666666666,0.10626055224172044
0.05608738,0.0,2.579816,2.565114,a2.1.a0.real_tracker_v1.6457,a2.1.a0.real_tracker_v1.2310,573.5817666666667,93.10015,0.16231336680675496
0.4225833,0.2595,1.599056,1.584354,a2.1.a0.real_tracker_v1.6457,a2.1.a0.real_tracker_v1.2310,550.5517666666666,91.56431333333335,0.1663134196704004
0.2393354,0.2595,2.089436,2.074734,a2.1.a0.real_tracker_v1.6457,a2.1.a0.real_tracker_v1.2310,564.0693666666667,66.65538666666667,0.11816856655768303
0.05608738,0.2595,2.579816,2.565114,a2.1.a0.real_tracker_v1.6457,a2.1.a0.real_tracker_v1.2310,573.8862666666666,93.02398000000001,0.16209451821490148
