x,y,z,rearZ,mattype,rearMat,Wm2Front,Wm2Back,Back/FrontRatio
0.1932496,-0.2595,2.549534,2.519634,a2.1.a0.real_tracker_v1.6457,a2.1.a0.real_tracker_v1.2310,896.4690999999999,224.8181,0.25078148172482273
-0.1794319,-0.2595,2.181891,2.151991,a2.1.a0.real_tracker_v1.6457,a2.1.a0.real_tracker_v1.2310,895.6120666666667,188.79546666666667,0.2108002592786349
-0.5521133,-0.2595,1.814249,1.784349,a2.1.a0.real_tracker_v1.6457,a2.1.a0.real_tracker_v1.2310,890.3868666666667,274.0079666666666,0.3077400051423282
0.1932496,0.0,2.549534,2.519634,a2.1.a0.real_tracker_v1.6457,a2.1.a0.real_tracker_v1.2310,896.3693333333334,227.58633333333333,0.2538976635772937
-0.1794319,0.0,2.181891,2.151991,a2.1.a0.real_tracker_v1.6457,a2.1.a0.real_tracker_v1.2310,894.8024666666666,189.50390000000002,0.21178270654889433
-0.5521133,-5.551115e-17,1.814249,1.784349,a2.1.a0.real_tracker_v1.6457,a2.1.a0.real_tracker_v1.2310,890.2814,273.7871333333333,0.3075284127073986
0.1932496,0.2595,2.549534,2.519634,a2.1.a0.real_tracker_v1.6457,a2.1.a0.real_tracker_v1.2310,896.2765333333333,226.84356666666667,0.2530952280182857
-0.1794319,0.2595,2.181891,2.151991,a2.1.a0.real_tracker_v1.6457,a2.1.a0.real_tracker_v1.2310,894.9162,205.71546666666666,0.22987094969977856
-0.5521133,0.2595,1.814249,1.784349,a2.1.a0.real_tracker_v1.6457,a2.1.a0.real_tracker_v1.2310,890.1820333333334,275.7091666666667,0.3097218845367794
