x,y,z,rearZ,mattype,rearMat,Wm2Front,Wm2Back,Back/FrontRatio
0.04848887,-0.2595,2.580501,2.559001,a2.1.a0.real_tracker_v1.6457,a2.1.a0.real_tracker_v1.2310,831.1790333333333,147.5814,0.17755647883906098
-0.2194871,-0.2595,2.130789,2.109289,a2.1.a0.real_tracker_v1.6457,a2.1.a0.real_tracker_v1.2310,826.8084666666667,115.55943333333335,0.13976549373487257
-0.487463,-0.2595,1.681076,1.659577,a2.1.a0.real_tracker_v1.6457,a2.1.a0.real_tracker_v1.2310,814.3930666666666,179.47299999999998,0.22037611439703514
0.04848887,0.0,2.580501,2.559001,a2.1.a0.real_tracker_v1.6457,a2.1.a0.real_tracker_v1.2310,831.0551,147.95933333333335,0.17803772011700936
-0.2194871,0.0,2.130789,2.109289,a2.1.a0.real_tracker_v1.6457,a2.1.a0.real_tracker_v1.2310,822.2423333333332,114.16246666666666,0.13884267836366365
-0.487463,-5.551115e-17,1.681076,1.659577,a2.1.a0.real_tracker_v1.6457,a2.1.a0.real_tracker_v1.2310,814.9058666666666,179.44466666666668,0.2202026685585257
0.04848887,0.2595,2.580501,2.559001,a2.1.a0.real_tracker_v1.6457,a2.1.a0.real_tracker_v1.2310,831.1213333333334,148.82843333333332,0.17906922647167464
-0.2194871,0.2595,2.130789,2.109289,a2.1.a0.real_tracker_v1.6457,a2.1.a0.real_tracker_v1.2310,822.368,127.3161,0.1548162686093469
-0.487463,0.2595,1.681076,1.659577,a2.1.a0.real_tracker_v1.6457,a2.1.a0.real_tracker_v1.2310,814.7614666666667,181.22060000000002,0.22242138956327315
