x,y,z,rearZ,mattype,rearMat,Wm2Front,Wm2Back,Back/FrontRatio
0.5823372,-0.2595,2.014692,1.976495,a2.1.a0.real_tracker_v1.6457,a2.1.a0.real_tracker_v1.2310,880.4825666666667,358.43626666666665,0.4070902402229199
0.1062381,-0.2595,2.232365,2.194168,a2.1.a0.real_tracker_v1.6457,a2.1.a0.real_tracker_v1.2310,879.3456666666667,280.85833333333335,0.31939432305802795
-0.3698611,-0.2595,2.450039,2.411842,a2.1.a0.real_tracker_v1.6457,a2.1.a0.real_tracker_v1.2310,881.6030000000001,325.28479999999996,0.3689692877981497
0.5823372,0.0,2.014692,1.976495,a2.1.a0.real_tracker_v1.6457,a2.1.a0.real_tracker_v1.2310,880.6226666666666,353.64196666666675,0.40158126570146696
0.1062381,-5.551115e-17,2.232365,2.194168,a2.1.a0.real_tracker_v1.6457,a2.1.a0.real_tracker_v1.2310,880.3154666666666,282.9765333333333,0.32144864267372936
-0.3698611,-5.551115e-17,2.450039,2.411842,a2.1.a0.real_tracker_v1.6457,a2.1.a0.real_tracker_v1.2310,881.8816,320.28266666666667,0.36318061686064185
0.5823372,0.2595,2.014692,1.976495,a2.1.a0.real_tracker_v1.6457,a2.1.a0.real_tracker_v1.2310,880.7673,353.5655,0.40142850281964054
0.1062381,0.2595,2.232365,2.194168,a2.1.a0.real_tracker_v1.6457,a2.1.a0.real_tracker_v1.2310,879.6349666666666,305.11993333333334,0.34687068843895613
-0.3698611,0.2595,2.450039,2.411842,a2.1.a0.real_tracker_v1.6457,a2.1.a0.real_tracker_v1.2310,882.1657,325.78249999999997,0.3692981156509308
