x,y,z,rearZ,mattype,rearMat,Wm2Front,Wm2Back,Back/FrontRatio
0.5505032,-0.2595,2.19047,2.148776,a2.1.a0.real_tracker_v1.6457,a2.1.a0.real_tracker_v1.2310,856.0084666666668,378.88453333333337,0.44261722339207776
0.03082777,-0.2595,2.253633,2.21194,a2.1.a0.real_tracker_v1.6457,a2.1.a0.real_tracker_v1.2310,856.0021999999999,319.64786666666663,0.37341900902551145
-0.4888477,-0.2595,2.316797,2.275104,a2.1.a0.real_tracker_v1.6457,a2.1.a0.real_tracker_v1.2310,855.9978333333333,370.5768,0.43291741246532073
0.5505032,0.0,2.19047,2.148776,a2.1.a0.real_tracker_v1.6457,a2.1.a0.real_tracker_v1.2310,855.9921666666668,380.622,0.4446554187835222
0.03082777,-5.551115e-17,2.253633,2.21194,a2.1.a0.real_tracker_v1.6457,a2.1.a0.real_tracker_v1.2310,855.9877666666667,320.6704,0.37461986942741415
-0.4888477,-5.551115e-17,2.316797,2.275104,a2.1.a0.real_tracker_v1.6457,a2.1.a0.real_tracker_v1.2310,855.9833666666667,369.7192,0.43192284158149147
0.5505032,0.2595,2.19047,2.148776,a2.1.a0.real_tracker_v1.6457,a2.1.a0.real_tracker_v1.2310,855.9777,381.9366333333333,0.4461987586061818
0.03082777,0.2595,2.253633,2.21194,a2.1.a0.real_tracker_v1.6457,a2.1.a0.real_tracker_v1.2310,855.9733,349.9890333333333,0.40887796903871215
-0.4888477,0.2595,2.316797,2.275104,a2.1.a0.real_tracker_v1.6457,a2.1.a0.real_tracker_v1.2310,855.9689,374.02726666666666,0.43696310660768173
