x,y,z,rearZ,mattype,rearMat,Wm2Front,Wm2Back,Back/FrontRatio
0.5254905,-0.2595,2.251381,2.209382,a2.1.a0.real_tracker_v1.6457,a2.1.a0.real_tracker_v1.2310,0.9876299999999999,0.4897125666666666,0.4953446351685329
0.002006672,-0.2595,2.255492,2.213493,a2.1.a0.real_tracker_v1.6457,a2.1.a0.real_tracker_v1.2310,0.987631,0.3678695,0.3720999038063747
-0.5214772,-0.2595,2.259604,2.217605,a2.1.a0.real_tracker_v1.6457,a2.1.a0.real_tracker_v1.2310,0.9876308000000001,0.49110963333333335,0.4967573671924173
0.5254905,0.0,2.251381,2.209382,a2.1.a0.real_tracker_v1.6457,a2.1.a0.real_tracker_v1.2310,0.9876305,0.4876107333333333,0.4932183797013478
0.002006672,-5.551115e-17,2.255492,2.213493,a2.1.a0.real_tracker_v1.6457,a2.1.a0.real_tracker_v1.2310,0.9876302999999998,0.3539307333333333,0.3580010984220627
-0.5214772,-5.551115e-17,2.259604,2.217605,a2.1.a0.real_tracker_v1.6457,a2.1.a0.real_tracker_v1.2310,0.9876302,0.48977646666666663,0.4954091698459815
0.5254905,0.2595,2.251381,2.209382,a2.1.a0.real_tracker_v1.6457,a2.1.a0.real_tracker_v1.2310,0.9876298,0.48773776666666663,0.4933472232646301
0.002006672,0.2595,2.255492,2.213493,a2.1.a0.real_tracker_v1.6457,a2.1.a0.real_tracker_v1.2310,0.9876298,0.3701761333333333,0.3744335173118728
-0.5214772,0.2595,2.259604,2.217605,a2.1.a0.real_tracker_v1.6457,a2.1.a0.real_tracker_v1.2310,0.9876296999999999,0.48754146666666665,0.4931487155065913
