x,y,z,rearZ,mattype,rearMat,Wm2Front,Wm2Back,Back/FrontRatio
0.1915223,-0.2595,2.550138,2.520331,a2.1.a0.real_tracker_v1.6457,a2.1.a0.real_tracker_v1.2310,480.6196333333334,74.99780666666665,0.1560436682597688
-0.1800024,-0.2595,2.181327,2.15152,a2.1.a0.real_tracker_v1.6457,a2.1.a0.real_tracker_v1.2310,474.4184,52.685563333333334,0.1110527169279615
-0.5515271,-0.2595,1.812516,1.782708,a2.1.a0.real_tracker_v1.6457,a2.1.a0.real_tracker_v1.2310,465.8766666666667,72.22862666666667,0.1550377531154459
0.1915223,0.0,2.550138,2.520331,a2.1.a0.real_tracker_v1.6457,a2.1.a0.real_tracker_v1.2310,480.50516666666664,74.58238333333333,0.15521628754677794
-0.1800024,0.0,2.181327,2.15152,a2.1.a0.real_tracker_v1.6457,a2.1.a0.real_tracker_v1.2310,474.576,51.014559999999996,0.10749480063298474
-0.5515271,-5.551115e-17,1.812516,1.782708,a2.1.a0.real_tracker_v1.6457,a2.1.a0.real_tracker_v1.2310,465.64703333333335,72.37605666666667,0.15543082217821028
0.1915223,0.2595,2.550138,2.520331,a2.1.a0.real_tracker_v1.6457,a2.1.a0.real_tracker_v1.2310,480.3887333333334,74.27357666666667,0.15461108244611388
-0.1800024,0.2595,2.181327,2.15152,a2.1.a0.real_tracker_v1.6457,a2.1.a0.real_tracker_v1.2310,474.7314333333333,55.43738999999999,0.11677607449473468
-0.5515271,0.2595,1.812516,1.782708,a2.1.a0.real_tracker_v1.6457,a2.1.a0.real_tracker_v1.2310,465.41533333333336,72.15475666666667,0.15503271264652652
