x,y,z,rearZ,mattype,rearMat,Wm2Front,Wm2Back,Back/FrontRatio
0.5627923,-0.2595,1.849676,1.817964,a2.1.a0.real_tracker_v1.6457,a2.1.a0.real_tracker_v1.2310,886.2118333333333,291.35356666666667,0.3287625226220113
0.1675221,-0.2595,2.192916,2.161204,a2.1.a0.real_tracker_v1.6457,a2.1.a0.real_tracker_v1.2310,885.9810666666667,207.99693333333335,0.23476427024745647
-0.2277481,-0.2595,2.536156,2.504444,a2.1.a0.real_tracker_v1.6457,a2.1.a0.real_tracker_v1.2310,892.1646000000001,250.2468,0.28049366619829325
0.5627923,0.0,1.849676,1.817964,a2.1.a0.real_tracker_v1.6457,a2.1.a0.real_tracker_v1.2310,886.0255000000001,290.70206666666667,0.3280963567869208
0.1675221,0.0,2.192916,2.161204,a2.1.a0.real_tracker_v1.6457,a2.1.a0.real_tracker_v1.2310,888.0249333333333,207.86776666666665,0.23407848674689608
-0.2277481,-5.551115e-17,2.536156,2.504444,a2.1.a0.real_tracker_v1.6457,a2.1.a0.real_tracker_v1.2310,892.4673666666667,249.5322666666667,0.2795978837868054
0.5627923,0.2595,1.849676,1.817964,a2.1.a0.real_tracker_v1.6457,a2.1.a0.real_tracker_v1.2310,885.8353666666667,293.59,0.33142689897091976
0.1675221,0.2595,2.192916,2.161204,a2.1.a0.real_tracker_v1.6457,a2.1.a0.real_tracker_v1.2310,890.6156666666666,224.32976666666664,0.2518813930422741
-0.2277481,0.2595,2.536156,2.504444,a2.1.a0.real_tracker_v1.6457,a2.1.a0.real_tracker_v1.2310,891.5981333333334,249.5219,0.2798588408976321
