x,y,z,rearZ,mattype,rearMat,Wm2Front,Wm2Back,Back/FrontRatio
0.5730893,-0.2595,2.104408,2.063973,a2.1.a0.real_tracker_v1.6457,a2.1.a0.real_tracker_v1.2310,93.12995333333333,32.38016666666667,0.3476842607932071
0.06909548,-0.2595,2.24598,2.205545,a2.1.a0.real_tracker_v1.6457,a2.1.a0.real_tracker_v1.2310,94.02673666666668,23.018216666666664,0.24480241131685923
-0.4348984,-0.2595,2.387551,2.347116,a2.1.a0.real_tracker_v1.6457,a2.1.a0.real_tracker_v1.2310,94.14424000000001,32.42483333333333,0.3444128809203028
0.5730893,0.0,2.104408,2.063973,a2.1.a0.real_tracker_v1.6457,a2.1.a0.real_tracker_v1.2310,93.20446333333332,32.344123333333336,0.34701960782771
0.06909548,-5.551115e-17,2.24598,2.205545,a2.1.a0.real_tracker_v1.6457,a2.1.a0.real_tracker_v1.2310,93.95615,22.27438666666667,0.2370696287261445
-0.4348984,-5.551115e-17,2.387551,2.347116,a2.1.a0.real_tracker_v1.6457,a2.1.a0.real_tracker_v1.2310,94.07486999999999,31.975543333333334,0.3398910191671184
0.5730893,0.2595,2.104408,2.063973,a2.1.a0.real_tracker_v1.6457,a2.1.a0.real_tracker_v1.2310,93.23798333333333,32.44246666666666,0.3479495969050141
0.06909548,0.2595,2.24598,2.205545,a2.1.a0.real_tracker_v1.6457,a2.1.a0.real_tracker_v1.2310,93.88679,23.587806666666665,0.25123401740169476
-0.4348984,0.2595,2.387551,2.347116,a2.1.a0.real_tracker_v1.6457,a2.1.a0.real_tracker_v1.2310,94.00549333333333,31.89296,0.33926337287055486
