x,y,z,rearZ,mattype,rearMat,Wm2Front,Wm2Back,Back/FrontRatio
0.5627923,4.0485,0.7496761,0.7179638,a5.1.a0.real_tracker_v1.6457,a5.1.a0.real_tracker_v1.2310,894.3345666666668,227.9681666666667,0.25490227065031185
0.1675221,4.0485,1.092916,1.061204,a5.1.a0.real_tracker_v1.6457,a5.1.a0.real_tracker_v1.2310,895.7314999999999,161.60963333333333,0.18042175910032668
-0.2277481,4.0485,1.436156,1.404444,a5.1.a0.real_tracker_v1.6457,a5.1.a0.real_tracker_v1.2310,894.8964,254.51863333333336,0.28441096524957316
0.5627923,4.308,0.7496761,0.7179638,a5.1.a0.real_tracker_v1.6457,a5.1.a0.real_tracker_v1.2310,894.8501,255.3817,0.2853901615587219
0.1675221,4.308,1.092916,1.061204,a5.1.a0.real_tracker_v1.6457,a5.1.a0.real_tracker_v1.2310,896.4647333333334,174.6335333333333,0.19480224044257943
-0.2277481,4.308,1.436156,1.404444,a5.1.a0.real_tracker_v1.6457,a5.1.a0.real_tracker_v1.2310,895.5929333333333,270.7535,0.30231725553597244
0.5627923,4.5675,0.7496761,0.7179638,a5.1.a0.real_tracker_v1.6457,a5.1.a0.real_tracker_v1.2310,897.7166666666667,293.8866,0.32737085490501283
0.1675221,4.5675,1.092916,1.061204,a5.1.a0.real_tracker_v1.6457,a5.1.a0.real_tracker_v1.2310,897.1936000000001,210.0095666666667,0.23407359637102887
-0.2277481,4.5675,1.436156,1.404444,a5.1.a0.real_tracker_v1.6457,a5.1.a0.real_tracker_v1.2310,896.2844,293.60493333333335,0.32757973446106936
