x,y,z,rearZ,mattype,rearMat,Wm2Front,Wm2Back,Back/FrontRatio
0.5505032,4.0485,1.09047,1.048776,a5.1.a0.real_tracker_v1.6457,a5.1.a0.real_tracker_v1.2310,855.6463666666667,371.5127333333333,0.4341890687756455
0.03082777,4.0485,1.153633,1.11194,a5.1.a0.real_tracker_v1.6457,a5.1.a0.real_tracker_v1.2310,855.6374,280.402,0.32771086477652245
-0.4888477,4.0485,1.216797,1.175104,a5.1.a0.real_tracker_v1.6457,a5.1.a0.real_tracker_v1.2310,855.6309666666666,380.1007333333334,0.44423390913515437
0.5505032,4.308,1.09047,1.048776,a5.1.a0.real_tracker_v1.6457,a5.1.a0.real_tracker_v1.2310,855.6660333333333,409.7291666666667,0.4788418283108644
0.03082777,4.308,1.153633,1.11194,a5.1.a0.real_tracker_v1.6457,a5.1.a0.real_tracker_v1.2310,855.6596,298.46506666666664,0.34881244580697846
-0.4888477,4.308,1.216797,1.175104,a5.1.a0.real_tracker_v1.6457,a5.1.a0.real_tracker_v1.2310,855.6531666666666,413.0312666666667,0.48270818136221316
0.5505032,4.5675,1.09047,1.048776,a5.1.a0.real_tracker_v1.6457,a5.1.a0.real_tracker_v1.2310,855.6882333333333,443.7325,0.5185673521582622
0.03082777,4.5675,1.153633,1.11194,a5.1.a0.real_tracker_v1.6457,a5.1.a0.real_tracker_v1.2310,855.6818,341.70009999999996,0.39933033596094253
-0.4888477,4.5675,1.216797,1.175104,a5.1.a0.real_tracker_v1.6457,a5.1.a0.real_tracker_v1.2310,855.6754000000001,449.1811666666667,0.5249428015855838
