x,y,z,rearZ,mattype,rearMat,Wm2Front,Wm2Back,Back/FrontRatio
0.1932496,4.0485,1.449534,1.419634,a5.1.a0.real_tracker_v1.6457,a5.1.a0.real_tracker_v1.2310,899.9787666666666,237.838,0.2642703856342252
-0.1794319,4.0485,1.081891,1.051991,a5.1.a0.real_tracker_v1.6457,a5.1.a0.real_tracker_v1.2310,899.6767333333333,148.85293333333334,0.1654513920021436
-0.5521133,4.0485,0.7142492,0.6843492,a5.1.a0.real_tracker_v1.6457,a5.1.a0.real_tracker_v1.2310,901.5026666666668,206.037,0.22854815528574296
0.1932496,4.308,1.449534,1.419634,a5.1.a0.real_tracker_v1.6457,a5.1.a0.real_tracker_v1.2310,900.7516666666667,255.35576666666665,0.2834915466990939
-0.1794319,4.308,1.081891,1.051991,a5.1.a0.real_tracker_v1.6457,a5.1.a0.real_tracker_v1.2310,900.0648666666666,156.5191,0.17389738439883068
-0.5521133,4.308,0.7142492,0.6843492,a5.1.a0.real_tracker_v1.6457,a5.1.a0.real_tracker_v1.2310,902.0493666666666,229.7731,0.25472313796520824
0.1932496,4.5675,1.449534,1.419634,a5.1.a0.real_tracker_v1.6457,a5.1.a0.real_tracker_v1.2310,901.5337,270.5894666666666,0.3001431521900007
-0.1794319,4.5675,1.081891,1.051991,a5.1.a0.real_tracker_v1.6457,a5.1.a0.real_tracker_v1.2310,900.4623,190.7912,0.21188115051440742
-0.5521133,4.5675,0.7142492,0.6843492,a5.1.a0.real_tracker_v1.6457,a5.1.a0.real_tracker_v1.2310,903.1646999999999,267.19520000000006,0.2958429444342274
