x,y,z,rearZ,mattype,rearMat,Wm2Front,Wm2Back,Back/FrontRatio
0.3378983,4.0485,1.374507,1.337608,a5.1.a0.real_tracker_v1.6457,a5.1.a0.real_tracker_v1.2310,890.5258,325.83383333333336,0.3658888573969176
-0.1220316,4.0485,1.124474,1.087574,a5.1.a0.real_tracker_v1.6457,a5.1.a0.real_tracker_v1.2310,890.4287333333333,221.45376666666667,0.24870437090824912
-0.5819615,4.0485,0.8744404,0.8375406,a5.1.a0.real_tracker_v1.6457,a5.1.a0.real_tracker_v1.2310,890.1820000000001,303.65883333333335,0.3411195600604969
0.3378983,4.308,1.374507,1.337608,a5.1.a0.real_tracker_v1.6457,a5.1.a0.real_tracker_v1.2310,890.7702333333333,348.27816666666666,0.39098497305911356
-0.1220316,4.308,1.124474,1.087574,a5.1.a0.real_tracker_v1.6457,a5.1.a0.real_tracker_v1.2310,890.6779,237.56613333333334,0.2667247796409383
-0.5819615,4.308,0.8744404,0.8375406,a5.1.a0.real_tracker_v1.6457,a5.1.a0.real_tracker_v1.2310,890.4072333333334,341.45886666666667,0.38348574719303846
0.3378983,4.5675,1.374507,1.337608,a5.1.a0.real_tracker_v1.6457,a5.1.a0.real_tracker_v1.2310,891.0194,372.74870000000004,0.41833913118038607
-0.1220316,4.5675,1.124474,1.087574,a5.1.a0.real_tracker_v1.6457,a5.1.a0.real_tracker_v1.2310,890.9270666666667,279.02479999999997,0.3131844314254775
-0.5819615,4.5675,0.8744404,0.8375406,a5.1.a0.real_tracker_v1.6457,a5.1.a0.real_tracker_v1.2310,890.6370333333333,380.22746666666666,0.42691582038509396
