x,y,z,rearZ,mattype,rearMat,Wm2Front,Wm2Back,Back/FrontRatio
0.1915223,4.0485,1.450138,1.420331,a5.1.a0.real_tracker_v1.6457,a5.1.a0.real_tracker_v1.2310,480.1252666666667,83.07156333333333,0.17302024300829755
-0.1800024,4.0485,1.081327,1.05152,a5.1.a0.real_tracker_v1.6457,a5.1.a0.real_tracker_v1.2310,476.704,60.134743333333326,0.1261466595343731
-0.5515271,4.0485,0.7125156,0.6827084,a5.1.a0.real_tracker_v1.6457,a5.1.a0.real_tracker_v1.2310,470.8625666666667,86.22015333333333,0.1831106915824945
0.1915223,4.308,1.450138,1.420331,a5.1.a0.real_tracker_v1.6457,a5.1.a0.real_tracker_v1.2310,480.40599999999995,87.11269,0.18133101724163056
-0.1800024,4.308,1.081327,1.05152,a5.1.a0.real_tracker_v1.6457,a5.1.a0.real_tracker_v1.2310,477.61546666666663,62.479553333333335,0.13081532504392998
-0.5515271,4.308,0.7125156,0.6827084,a5.1.a0.real_tracker_v1.6457,a5.1.a0.real_tracker_v1.2310,472.97223333333335,92.41105666666665,0.1953832693985431
0.1915223,4.5675,1.450138,1.420331,a5.1.a0.real_tracker_v1.6457,a5.1.a0.real_tracker_v1.2310,480.6852666666667,91.89581666666668,0.1911762890667149
-0.1800024,4.5675,1.081327,1.05152,a5.1.a0.real_tracker_v1.6457,a5.1.a0.real_tracker_v1.2310,478.30673333333334,70.37688666666666,0.14713725445375753
-0.5515271,4.5675,0.7125156,0.6827084,a5.1.a0.real_tracker_v1.6457,a5.1.a0.real_tracker_v1.2310,473.7537333333333,99.21893333333333,0.2094310121932291
