x,y,z,rearZ,mattype,rearMat,Wm2Front,Wm2Back,Back/FrontRatio
0.4225833,4.0485,0.4990563,0.4843545,a5.1.a0.real_tracker_v1.6457,a5.1.a0.real_tracker_v1.2310,565.6996666666666,77.18803666666666,0.13644678398823407
0.2393354,4.0485,0.9894362,0.9747344,a5.1.a0.real_tracker_v1.6457,a5.1.a0.real_tracker_v1.2310,570.2795333333333,60.39423333333334,0.10590267386530701
0.05608738,4.0485,1.479816,1.465114,a5.1.a0.real_tracker_v1.6457,a5.1.a0.real_tracker_v1.2310,576.1548666666666,99.60700666666666,0.17288204881595698
0.4225833,4.308,0.4990563,0.4843545,a5.1.a0.real_tracker_v1.6457,a5.1.a0.real_tracker_v1.2310,568.9552,80.71505666666667,0.14186515001799202
0.2393354,4.308,0.9894362,0.9747344,a5.1.a0.real_tracker_v1.6457,a5.1.a0.real_tracker_v1.2310,572.5730666666667,61.23092333333333,0.10693974264290232
0.05608738,4.308,1.479816,1.465114,a5.1.a0.real_tracker_v1.6457,a5.1.a0.real_tracker_v1.2310,577.0527333333333,103.00223333333334,0.1784967800803299
0.4225833,4.5675,0.4990563,0.4843545,a5.1.a0.real_tracker_v1.6457,a5.1.a0.real_tracker_v1.2310,572.8442,89.99526333333334,0.15710223867343803
0.2393354,4.5675,0.9894362,0.9747344,a5.1.a0.real_tracker_v1.6457,a5.1.a0.real_tracker_v1.2310,574.9136,72.837,0.12669185997363783
0.05608738,4.5675,1.479816,1.465114,a5.1.a0.real_tracker_v1.6457,a5.1.a0.real_tracker_v1.2310,577.9511666666667,107.48536666666666,0.18597623275051883
