x,y,z,rearZ,mattype,rearMat,Wm2Front,Wm2Back,Back/FrontRatio
0.5823372,4.0485,0.9146917,0.8764947,a5.1.a0.real_tracker_v1.6457,a5.1.a0.real_tracker_v1.2310,880.7926666666666,319.60903333333334,0.3628648177533823
0.1062381,4.0485,1.132365,1.094168,a5.1.a0.real_tracker_v1.6457,a5.1.a0.real_tracker_v1.2310,880.6206999999999,234.07156666666666,0.26580263314731706
-0.3698611,4.0485,1.350039,1.311842,a5.1.a0.real_tracker_v1.6457,a5.1.a0.real_tracker_v1.2310,881.7845000000001,337.90343333333334,0.3832036627199396
0.5823372,4.308,0.9146917,0.8764947,a5.1.a0.real_tracker_v1.6457,a5.1.a0.real_tracker_v1.2310,880.7411000000001,355.78943333333336,0.4039655119623932
0.1062381,4.308,1.132365,1.094168,a5.1.a0.real_tracker_v1.6457,a5.1.a0.real_tracker_v1.2310,880.5891,251.97343333333333,0.2861415695376695
-0.3698611,4.308,1.350039,1.311842,a5.1.a0.real_tracker_v1.6457,a5.1.a0.real_tracker_v1.2310,881.8413333333334,364.44873333333334,0.41328105893457145
0.5823372,4.5675,0.9146917,0.8764947,a5.1.a0.real_tracker_v1.6457,a5.1.a0.real_tracker_v1.2310,880.6955333333332,388.2203333333334,0.4408105614586274
0.1062381,4.5675,1.132365,1.094168,a5.1.a0.real_tracker_v1.6457,a5.1.a0.real_tracker_v1.2310,880.5294666666667,295.5483,0.33564801127078164
-0.3698611,4.5675,1.350039,1.311842,a5.1.a0.real_tracker_v1.6457,a5.1.a0.real_tracker_v1.2310,881.9027,389.25870000000003,0.4413845865483953
