x,y,z,rearZ,mattype,rearMat,Wm2Front,Wm2Back,Back/FrontRatio
0.464456,4.0485,1.251587,1.210374,a5.1.a0.real_tracker_v1.6457,a5.1.a0.real_tracker_v1.2310,858.9931333333333,373.68949999999995,0.43503149264814533
-0.04923312,4.0485,1.150712,1.109499,a5.1.a0.real_tracker_v1.6457,a5.1.a0.real_tracker_v1.2310,858.9602333333333,271.8869,0.3165298845268027
-0.5629222,4.0485,1.049837,1.008624,a5.1.a0.real_tracker_v1.6457,a5.1.a0.real_tracker_v1.2310,858.9305666666668,365.7439,0.42581261906507334
0.464456,4.308,1.251587,1.210374,a5.1.a0.real_tracker_v1.6457,a5.1.a0.real_tracker_v1.2310,859.0092333333333,406.3332333333333,0.4730249042046724
-0.04923312,4.308,1.150712,1.109499,a5.1.a0.real_tracker_v1.6457,a5.1.a0.real_tracker_v1.2310,858.9796,291.41586666666666,0.3392577977508068
-0.5629222,4.308,1.049837,1.008624,a5.1.a0.real_tracker_v1.6457,a5.1.a0.real_tracker_v1.2310,858.9499666666667,400.0207666666667,0.4657085004735816
0.464456,4.5675,1.251587,1.210374,a5.1.a0.real_tracker_v1.6457,a5.1.a0.real_tracker_v1.2310,859.0286333333333,436.5326,0.5081694310196284
-0.04923312,4.5675,1.150712,1.109499,a5.1.a0.real_tracker_v1.6457,a5.1.a0.real_tracker_v1.2310,858.9989666666667,333.28313333333335,0.3879896929759291
-0.5629222,4.5675,1.049837,1.008624,a5.1.a0.real_tracker_v1.6457,a5.1.a0.real_tracker_v1.2310,858.4512,432.5206666666666,0.503837798617869
