x,y,z,rearZ,mattype,rearMat,Wm2Front,Wm2Back,Back/FrontRatio
0.04848887,4.0485,1.480501,1.459001,a5.1.a0.real_tracker_v1.6457,a5.1.a0.real_tracker_v1.2310,837.0160333333333,148.50179999999997,0.17741789484092935
-0.2194871,4.0485,1.030789,1.009289,a5.1.a0.real_tracker_v1.6457,a5.1.a0.real_tracker_v1.2310,835.3455,78.38391666666666,0.0938340157846674
-0.487463,4.0485,0.5810764,0.5595769,a5.1.a0.real_tracker_v1.6457,a5.1.a0.real_tracker_v1.2310,835.5190333333334,113.9563,0.13638966805543581
0.04848887,4.308,1.480501,1.459001,a5.1.a0.real_tracker_v1.6457,a5.1.a0.real_tracker_v1.2310,837.8801666666667,156.89576666666667,0.18725300544806772
-0.2194871,4.308,1.030789,1.009289,a5.1.a0.real_tracker_v1.6457,a5.1.a0.real_tracker_v1.2310,836.9715333333334,84.30354,0.10072438060094047
-0.487463,4.308,0.5810764,0.5595769,a5.1.a0.real_tracker_v1.6457,a5.1.a0.real_tracker_v1.2310,837.1846999999999,126.59706666666666,0.15121742603423194
0.04848887,4.5675,1.480501,1.459001,a5.1.a0.real_tracker_v1.6457,a5.1.a0.real_tracker_v1.2310,838.7447333333333,165.23739999999998,0.1970053538672745
-0.2194871,4.5675,1.030789,1.009289,a5.1.a0.real_tracker_v1.6457,a5.1.a0.real_tracker_v1.2310,838.4144999999999,106.8137,0.12739948152199002
-0.487463,4.5675,0.5810764,0.5595769,a5.1.a0.real_tracker_v1.6457,a5.1.a0.real_tracker_v1.2310,839.5343333333334,149.92866666666666,0.17858529678719098
