x,y,z,rearZ,mattype,rearMat,Wm2Front,Wm2Back,Back/FrontRatio
0.5730893,4.0485,1.004408,0.9639734,a5.1.a0.real_tracker_v1.6457,a5.1.a0.real_tracker_v1.2310,93.51664999999998,27.366433333333333,0.29263388604539714
0.06909548,4.0485,1.14598,1.105545,a5.1.a0.real_tracker_v1.6457,a5.1.a0.real_tracker_v1.2310,93.55539,20.473696666666665,0.2188380362545697
-0.4348984,4.0485,1.287551,1.247116,a5.1.a0.real_tracker_v1.6457,a5.1.a0.real_tracker_v1.2310,94.62162666666666,26.621066666666668,0.281339332931926
0.5730893,4.308,1.004408,0.9639734,a5.1.a0.real_tracker_v1.6457,a5.1.a0.real_tracker_v1.2310,93.74505666666666,28.47675,0.30376477702155436
0.06909548,4.308,1.14598,1.105545,a5.1.a0.real_tracker_v1.6457,a5.1.a0.real_tracker_v1.2310,94.46900999999998,20.60887,0.21815251210410586
-0.4348984,4.308,1.287551,1.247116,a5.1.a0.real_tracker_v1.6457,a5.1.a0.real_tracker_v1.2310,94.66938999999998,27.999466666666667,0.2957573816550948
0.5730893,4.5675,1.004408,0.9639734,a5.1.a0.real_tracker_v1.6457,a5.1.a0.real_tracker_v1.2310,94.25483333333334,30.348926666666667,0.3219845986543715
0.06909548,4.5675,1.14598,1.105545,a5.1.a0.real_tracker_v1.6457,a5.1.a0.real_tracker_v1.2310,94.39117333333333,22.754933333333337,0.24106800945219614
-0.4348984,4.5675,1.287551,1.247116,a5.1.a0.real_tracker_v1.6457,a5.1.a0.real_tracker_v1.2310,94.71876666666667,29.510206666666665,0.3115527804298504
