x,y,z,rearZ,mattype,rearMat,Wm2Front,Wm2Back,Back/FrontRatio
0.5051652,4.0485,0.60993,0.586371,a5.1.a0.real_tracker_v1.6457,a5.1.a0.real_tracker_v1.2310,840.2718666666666,134.32436666666663,0.15985803183140584
0.2115194,4.0485,1.043317,1.019758,a5.1.a0.real_tracker_v1.6457,a5.1.a0.real_tracker_v1.2310,838.746,94.02768333333331,0.11210494145831022
-0.08212641,4.0485,1.476704,1.453145,a5.1.a0.real_tracker_v1.6457,a5.1.a0.real_tracker_v1.2310,839.6299333333333,170.42613333333333,0.20297743516516464
0.5051652,4.308,0.60993,0.586371,a5.1.a0.real_tracker_v1.6457,a5.1.a0.real_tracker_v1.2310,841.6596333333333,147.6065,0.1753753165517741
0.2115194,4.308,1.043317,1.019758,a5.1.a0.real_tracker_v1.6457,a5.1.a0.real_tracker_v1.2310,839.7699333333334,101.9789,0.12143656794027323
-0.08212641,4.308,1.476704,1.453145,a5.1.a0.real_tracker_v1.6457,a5.1.a0.real_tracker_v1.2310,843.3256333333334,177.99193333333335,0.21105930525376904
0.5051652,4.5675,0.60993,0.586371,a5.1.a0.real_tracker_v1.6457,a5.1.a0.real_tracker_v1.2310,843.1151,175.20613333333336,0.20780783729943406
0.2115194,4.5675,1.043317,1.019758,a5.1.a0.real_tracker_v1.6457,a5.1.a0.real_tracker_v1.2310,842.247,126.45413333333335,0.15013883480083462
-0.08212641,4.5675,1.476704,1.453145,a5.1.a0.real_tracker_v1.6457,a5.1.a0.real_tracker_v1.2310,844.2636333333334,190.2887333333333,0.22538991427608854
