x,y,z,rearZ,mattype,rearMat,Wm2Front,Wm2Back,Back/FrontRatio
0.5235000000000002,4.0485,1.1555,1.1135,a5.1.a0.real_tracker_v1.6457,a5.1.a0.real_tracker_v1.2310,8097.888815633333,2327.3411667333335,0.2874009426801904
2.220446049250313e-16,4.0485,1.1555,1.1135,a5.1.a0.real_tracker_v1.6457,a5.1.a0.real_tracker_v1.2310,8096.673754933333,1632.0319797,0.20156817818396336
-0.5234999999999997,4.0485,1.1555,1.1135,a5.1.a0.real_tracker_v1.6457,a5.1.a0.real_tracker_v1.2310,8100.703159466667,2345.231748033333,0.2895096156909572
0.5235000000000002,4.308,1.1555,1.1135,a5.1.a0.real_tracker_v1.6457,a5.1.a0.real_tracker_v1.2310,8105.422453733334,2532.1258533666664,0.31239895951400004
2.061548127060944e-16,4.308,1.1555,1.1135,a5.1.a0.real_tracker_v1.6457,a5.1.a0.real_tracker_v1.2310,8104.822841499999,1741.5117988,0.21487349174484832
-0.5234999999999997,4.308,1.1555,1.1135,a5.1.a0.real_tracker_v1.6457,a5.1.a0.real_tracker_v1.2310,8110.6867226,2547.9425853333337,0.3141463057730144
0.5235000000000002,4.5675,1.1555,1.1135,a5.1.a0.real_tracker_v1.6457,a5.1.a0.real_tracker_v1.2310,8116.314330099999,2758.8648190000004,0.3399159232722922
1.902650204871575e-16,4.5675,1.1555,1.1135,a5.1.a0.real_tracker_v1.6457,a5.1.a0.real_tracker_v1.2310,8113.054237866667,2049.9638683666667,0.2526747086348824
-0.5234999999999997,4.5675,1.1555,1.1135,a5.1.a0.real_tracker_v1.6457,a5.1.a0.real_tracker_v1.2310,8117.325099066666,2788.890954866667,0.34357261502495695
