x,y,z,rearZ,mattype,rearMat,Wm2Front,Wm2Back,Back/FrontRatio
0.5235,-0.2595,2.7555,2.7135,a2.1.a0.real_tracker_v1.6457,a2.1.a0.real_tracker_v1.2310,8070.571030833333,2644.5385516000006,0.32767671752344635
0.0,-0.25950000000000006,2.7555,2.7135,a2.1.a0.real_tracker_v1.6457,a2.1.a0.real_tracker_v1.2310,8081.136277699999,2050.0719833333337,0.2536860732449792
-0.5235,-0.25950000000000006,2.7555,2.7135,a2.1.a0.real_tracker_v1.6457,a2.1.a0.real_tracker_v1.2310,8080.476153566668,2638.4369664333335,0.32651994632133147
0.5235,0.0,2.7555,2.7135,a2.1.a0.real_tracker_v1.6457,a2.1.a0.real_tracker_v1.2310,8072.395662133333,2640.860119,0.32714697128152354
-1.588979221893691e-17,-5.551115123125783e-17,2.7555,2.7135,a2.1.a0.real_tracker_v1.6457,a2.1.a0.real_tracker_v1.2310,8084.972247999999,2052.8112520333334,0.25390452003550446
-0.5235,-5.551115123125783e-17,2.7555,2.7135,a2.1.a0.real_tracker_v1.6457,a2.1.a0.real_tracker_v1.2310,8083.140570233334,2639.6130789666668,0.32655781864407823
0.5235,0.2595,2.7555,2.7135,a2.1.a0.real_tracker_v1.6457,a2.1.a0.real_tracker_v1.2310,8069.586425466667,2648.3382124666664,0.32818756063151666
-3.177958443787382e-17,0.25949999999999995,2.7555,2.7135,a2.1.a0.real_tracker_v1.6457,a2.1.a0.real_tracker_v1.2310,8083.862427800001,2220.8078730333336,0.27472110246148973
-0.5235,0.25949999999999995,2.7555,2.7135,a2.1.a0.real_tracker_v1.6457,a2.1.a0.real_tracker_v1.2310,8084.7197969,2653.836712533333,0.3282533533564843
