x,y,z,rearZ,mattype,rearMat,Wm2Front,Wm2Back,Back/FrontRatio
6.7235,-3.1315000000000004,1.1555,1.1135,a0.0.a0.real_tracker_v1.6457,a0.0.a0.real_tracker_v1.2310,8159.904858899999,2090.0033536333335,0.2561308169203655
6.199999999999999,-3.1315000000000004,1.1555,1.1135,a0.0.a0.real_tracker_v1.6457,a0.0.a0.real_tracker_v1.2310,8150.943913333335,1572.8574111333332,0.19296626683863968
5.6765,-3.1315000000000004,1.1555,1.1135,a0.0.a0.real_tracker_v1.6457,a0.0.a0.real_tracker_v1.2310,8137.7811711,2059.241333066667,0.25304699606973075
6.7235,-2.8720000000000003,1.1555,1.1135,a0.0.a0.real_tracker_v1.6457,a0.0.a0.real_tracker_v1.2310,8158.466035566667,2053.9544171333337,0.251757396111201
6.199999999999999,-2.8720000000000003,1.1555,1.1135,a0.0.a0.real_tracker_v1.6457,a0.0.a0.real_tracker_v1.2310,8146.923940000001,1525.9397635666667,0.18730254357378018
5.6765,-2.8720000000000003,1.1555,1.1135,a0.0.a0.real_tracker_v1.6457,a0.0.a0.real_tracker_v1.2310,8135.247774433334,2016.668482933333,0.24789266300879723
6.7235,-2.6125000000000003,1.1555,1.1135,a0.0.a0.real_tracker_v1.6457,a0.0.a0.real_tracker_v1.2310,8157.799212333333,2035.3785598666666,0.24950090795181384
6.199999999999999,-2.6125000000000003,1.1555,1.1135,a0.0.a0.real_tracker_v1.6457,a0.0.a0.real_tracker_v1.2310,8144.504046666667,1675.2638023333332,0.20569252431355234
5.6765,-2.6125000000000003,1.1555,1.1135,a0.0.a0.real_tracker_v1.6457,a0.0.a0.real_tracker_v1.2310,8130.534787766666,1992.4417432999999,0.24505663529553112
