x,y,z,rearZ,mattype,rearMat,Wm2Front,Wm2Back,Back/FrontRatio
0.5235,-0.2595,10.2555,10.2135,a2.1.a0.real_tracker_v1.6457,a2.1.a0.real_tracker_v1.2310,8094.645626933334,3305.9016956333335,0.4084059314749578
0.0,-0.25950000000000006,10.2555,10.2135,a2.1.a0.real_tracker_v1.6457,a2.1.a0.real_tracker_v1.2310,8095.924135633333,2140.48152,0.26438998436125644
-0.5235,-0.25950000000000006,10.2555,10.2135,a2.1.a0.real_tracker_v1.6457,a2.1.a0.real_tracker_v1.2310,8097.424818766666,3306.3270400666665,0.40831828707882617
0.5235,0.0,10.2555,10.2135,a2.1.a0.real_tracker_v1.6457,a2.1.a0.real_tracker_v1.2310,8095.877439366666,3297.1973430999997,0.407268632773337
-1.588979221893691e-17,-5.551115123125783e-17,10.2555,10.2135,a2.1.a0.real_tracker_v1.6457,a2.1.a0.real_tracker_v1.2310,8107.133339066667,2140.7124464666667,0.2640529140057541
-0.5235,-5.551115123125783e-17,10.2555,10.2135,a2.1.a0.real_tracker_v1.6457,a2.1.a0.real_tracker_v1.2310,8097.294368766667,3308.8321192999992,0.40863423755826034
0.5235,0.2595,10.2555,10.2135,a2.1.a0.real_tracker_v1.6457,a2.1.a0.real_tracker_v1.2310,8096.806956133333,3305.8566898999998,0.40829135479196005
-3.177958443787382e-17,0.25949999999999995,10.2555,10.2135,a2.1.a0.real_tracker_v1.6457,a2.1.a0.real_tracker_v1.2310,8099.434892500001,2316.3446779,0.2859883958146903
-0.5235,0.25949999999999995,10.2555,10.2135,a2.1.a0.real_tracker_v1.6457,a2.1.a0.real_tracker_v1.2310,8099.729515533333,3312.1954862000002,0.4089266278486681
