x,y,z,rearZ,mattype,rearMat,Wm2Front,Wm2Back,Back/FrontRatio
-2.993,-6.7235,1.1555,1.1135,a1.0.a0.real_tracker_v1.6457,a1.0.a0.real_tracker_v1.2310,535.472,250.55346666666665,0.46791055135677556
-2.993,-6.2,1.1555,1.1135,a1.0.a0.real_tracker_v1.6457,a1.0.a0.real_tracker_v1.2310,535.4529,147.28283333333331,0.27506165018750134
-2.993,-5.6765,1.1555,1.1135,a1.0.a0.real_tracker_v1.6457,a1.0.a0.real_tracker_v1.2310,535.4329,148.5256,0.27739297044882666
-2.474,-6.7235,1.1555,1.1135,a1.0.a0.real_tracker_v1.6457,a1.0.a0.real_tracker_v1.2310,535.4896,251.6742,0.46998808195699426
-2.474,-6.2,1.1555,1.1135,a1.0.a0.real_tracker_v1.6457,a1.0.a0.real_tracker_v1.2310,535.4697,149.8534,0.27985359423027256
-2.474,-5.6765,1.1555,1.1135,a1.0.a0.real_tracker_v1.6457,a1.0.a0.real_tracker_v1.2310,535.4497,154.65126666666666,0.2888244737875339
-1.955,-6.7235,1.1555,1.1135,a1.0.a0.real_tracker_v1.6457,a1.0.a0.real_tracker_v1.2310,535.5064,254.2893333333333,0.47485680558911664
-1.955,-6.2,1.1555,1.1135,a1.0.a0.real_tracker_v1.6457,a1.0.a0.real_tracker_v1.2310,535.4865,152.90073333333333,0.2855355789506447
-1.955,-5.6765,1.1555,1.1135,a1.0.a0.real_tracker_v1.6457,a1.0.a0.real_tracker_v1.2310,535.4664,160.5764,0.2998808144062552
