x,y,z,rearZ,mattype,rearMat,Wm2Front,Wm2Back,Back/FrontRatio
-2.993,-6.7235,1.1555,1.1135,a1.0.a0.real_tracker_v1.6457,a1.0.a0.real_tracker_v1.2310,399.7945,195.16526666666667,0.48816273986742387
-2.993,-6.2,1.1555,1.1135,a1.0.a0.real_tracker_v1.6457,a1.0.a0.real_tracker_v1.2310,399.7945,139.59596666666667,0.3491684290260062
-2.993,-5.6765,1.1555,1.1135,a1.0.a0.real_tracker_v1.6457,a1.0.a0.real_tracker_v1.2310,399.7879,139.5296,0.34900818907178266
-2.474,-6.7235,1.1555,1.1135,a1.0.a0.real_tracker_v1.6457,a1.0.a0.real_tracker_v1.2310,399.7827,186.39336666666668,0.4662355335314239
-2.474,-6.2,1.1555,1.1135,a1.0.a0.real_tracker_v1.6457,a1.0.a0.real_tracker_v1.2310,399.7761,115.22196666666667,0.28821552476784357
-2.474,-5.6765,1.1555,1.1135,a1.0.a0.real_tracker_v1.6457,a1.0.a0.real_tracker_v1.2310,399.76939999999996,123.56413333333334,0.30908774970166214
-1.955,-6.7235,1.1555,1.1135,a1.0.a0.real_tracker_v1.6457,a1.0.a0.real_tracker_v1.2310,399.7643,185.17843333333334,0.4632178764223242
-1.955,-6.2,1.1555,1.1135,a1.0.a0.real_tracker_v1.6457,a1.0.a0.real_tracker_v1.2310,399.7576000000001,112.5699,0.28159469239686147
-1.955,-5.6765,1.1555,1.1135,a1.0.a0.real_tracker_v1.6457,a1.0.a0.real_tracker_v1.2310,399.751,116.73876666666666,0.29202797401055325
