x,y,z,rearZ,mattype,rearMat,Wm2Front,Wm2Back,Back/FrontRatio
-2.993,-6.780073,0.9533595,0.9140863,a1.0.a0.real_tracker_v1.6457,a1.0.a0.real_tracker_v1.2310,874.4820999999998,254.23283333333333,0.2907235523857847
-2.993,-6.290561,1.138912,1.099639,a1.0.a0.real_tracker_v1.6457,a1.0.a0.real_tracker_v1.2310,874.9591,185.78813333333332,0.21233897789548725
-2.993,-5.801048,1.324465,1.285191,a1.0.a0.real_tracker_v1.6457,a1.0.a0.real_tracker_v1.2310,873.5344,211.17099999999996,0.2417429219239426
-2.474,-6.780073,0.9533595,0.9140863,a1.0.a0.real_tracker_v1.6457,a1.0.a0.real_tracker_v1.2310,874.4998,232.4706666666667,0.26583242309974636
-2.474,-6.290561,1.138912,1.099639,a1.0.a0.real_tracker_v1.6457,a1.0.a0.real_tracker_v1.2310,874.0298666666667,174.44213333333332,0.1995834929704618
-2.474,-5.801048,1.324465,1.285191,a1.0.a0.real_tracker_v1.6457,a1.0.a0.real_tracker_v1.2310,873.5211,198.96753333333334,0.22777618715466194
-1.955,-6.780073,0.9533595,0.9140863,a1.0.a0.real_tracker_v1.6457,a1.0.a0.real_tracker_v1.2310,874.5167,225.32223333333332,0.2576531422215163
-1.955,-6.290561,1.138912,1.099639,a1.0.a0.real_tracker_v1.6457,a1.0.a0.real_tracker_v1.2310,873.9213,171.1656,0.19585905978140164
-1.955,-5.801048,1.324465,1.285191,a1.0.a0.real_tracker_v1.6457,a1.0.a0.real_tracker_v1.2310,874.0180999999999,189.78473333333332,0.21714025852905658
