x,y,z,rearZ,mattype,rearMat,Wm2Front,Wm2Back,Back/FrontRatio
-2.993,-6.780073,0.9533595,0.9140863,a1.0.a0.real_tracker_v1.6457,a1.0.a0.real_tracker_v1.2310,924.6767999999998,257.3578333333333,0.2783216308787054
-2.993,-6.290561,1.138912,1.099639,a1.0.a0.real_tracker_v1.6457,a1.0.a0.real_tracker_v1.2310,924.9250333333333,190.49116666666666,0.20595286520388784
-2.993,-5.801048,1.324465,1.285191,a1.0.a0.real_tracker_v1.6457,a1.0.a0.real_tracker_v1.2310,924.1204000000001,218.04923333333332,0.23595301800535437
-2.474,-6.780073,0.9533595,0.9140863,a1.0.a0.real_tracker_v1.6457,a1.0.a0.real_tracker_v1.2310,924.6272333333333,241.97396666666668,0.26169865676103987
-2.474,-6.290561,1.138912,1.099639,a1.0.a0.real_tracker_v1.6457,a1.0.a0.real_tracker_v1.2310,924.3527,179.6457333333333,0.19434739465351122
-2.474,-5.801048,1.324465,1.285191,a1.0.a0.real_tracker_v1.6457,a1.0.a0.real_tracker_v1.2310,924.1313,201.40036666666666,0.21793456052414428
-1.955,-6.780073,0.9533595,0.9140863,a1.0.a0.real_tracker_v1.6457,a1.0.a0.real_tracker_v1.2310,924.7130000000001,242.99536666666668,0.26277894210173813
-1.955,-6.290561,1.138912,1.099639,a1.0.a0.real_tracker_v1.6457,a1.0.a0.real_tracker_v1.2310,924.9845,178.4497,0.19292161877132127
-1.955,-5.801048,1.324465,1.285191,a1.0.a0.real_tracker_v1.6457,a1.0.a0.real_tracker_v1.2310,924.1434,198.3370666666667,0.21461696534293415
