x,y,z,rearZ,mattype,rearMat,Wm2Front,Wm2Back,Back/FrontRatio
-2.993,-6.780073,0.9533595,0.9140863,a1.0.a0.real_tracker_v1.6457,a1.0.a0.real_tracker_v1.2310,542.2626,153.89123333333336,0.28379414243060636
-2.993,-6.290561,1.138912,1.099639,a1.0.a0.real_tracker_v1.6457,a1.0.a0.real_tracker_v1.2310,542.5591,127.06479999999999,0.2341948845851363
-2.993,-5.801048,1.324465,1.285191,a1.0.a0.real_tracker_v1.6457,a1.0.a0.real_tracker_v1.2310,542.5239,143.2535,0.26404963163902706
-2.474,-6.780073,0.9533595,0.9140863,a1.0.a0.real_tracker_v1.6457,a1.0.a0.real_tracker_v1.2310,542.168,159.86666666666667,0.29486500826618023
-2.474,-6.290561,1.138912,1.099639,a1.0.a0.real_tracker_v1.6457,a1.0.a0.real_tracker_v1.2310,542.3036333333333,116.2314,0.21432861321057003
-2.474,-5.801048,1.324465,1.285191,a1.0.a0.real_tracker_v1.6457,a1.0.a0.real_tracker_v1.2310,542.4475,137.21516666666668,0.25295519605394184
-1.955,-6.780073,0.9533595,0.9140863,a1.0.a0.real_tracker_v1.6457,a1.0.a0.real_tracker_v1.2310,542.0696,157.74280000000002,0.2910004711563402
-1.955,-6.290561,1.138912,1.099639,a1.0.a0.real_tracker_v1.6457,a1.0.a0.real_tracker_v1.2310,542.1422,113.57576666666665,0.2094940352782561
-1.955,-5.801048,1.324465,1.285191,a1.0.a0.real_tracker_v1.6457,a1.0.a0.real_tracker_v1.2310,542.3676,136.63513333333333,0.2519230157006385
