x,y,z,rearZ,mattype,rearMat,Wm2Front,Wm2Back,Back/FrontRatio
-2.993,-6.780073,0.9533595,0.9140863,a1.0.a0.real_tracker_v1.6457,a1.0.a0.real_tracker_v1.2310,743.8178000000001,220.24813333333336,0.296104553062296
-2.993,-6.290561,1.138912,1.099639,a1.0.a0.real_tracker_v1.6457,a1.0.a0.real_tracker_v1.2310,744.1317,163.34946666666664,0.21951658174229763
-2.993,-5.801048,1.324465,1.285191,a1.0.a0.real_tracker_v1.6457,a1.0.a0.real_tracker_v1.2310,743.8721,181.53883333333332,0.24404543373504609
-2.474,-6.780073,0.9533595,0.9140863,a1.0.a0.real_tracker_v1.6457,a1.0.a0.real_tracker_v1.2310,743.7073,212.44833333333335,0.28566083413797233
-2.474,-6.290561,1.138912,1.099639,a1.0.a0.real_tracker_v1.6457,a1.0.a0.real_tracker_v1.2310,743.8002,156.0379333333333,0.20978446032801953
-2.474,-5.801048,1.324465,1.285191,a1.0.a0.real_tracker_v1.6457,a1.0.a0.real_tracker_v1.2310,743.8245000000001,181.38160000000002,0.2438496663531971
-1.955,-6.780073,0.9533595,0.9140863,a1.0.a0.real_tracker_v1.6457,a1.0.a0.real_tracker_v1.2310,743.5948,195.47576666666666,0.26287906234363706
-1.955,-6.290561,1.138912,1.099639,a1.0.a0.real_tracker_v1.6457,a1.0.a0.real_tracker_v1.2310,744.0529,150.26613333333333,0.201955978368413
-1.955,-5.801048,1.324465,1.285191,a1.0.a0.real_tracker_v1.6457,a1.0.a0.real_tracker_v1.2310,744.0992,170.58606666666665,0.2292514726735279
