x,y,z,rearZ,mattype,rearMat,Wm2Front,Wm2Back,Back/FrontRatio
-2.993,-6.780073,0.9533595,0.9140863,a1.0.a0.real_tracker_v1.6457,a1.0.a0.real_tracker_v1.2310,310.8815,113.676,0.36565583459988904
-2.993,-6.290561,1.138912,1.099639,a1.0.a0.real_tracker_v1.6457,a1.0.a0.real_tracker_v1.2310,311.0227,111.14773333333333,0.3573609771002446
-2.993,-5.801048,1.324465,1.285191,a1.0.a0.real_tracker_v1.6457,a1.0.a0.real_tracker_v1.2310,310.7989,122.47576666666667,0.39406630010713223
-2.474,-6.780073,0.9533595,0.9140863,a1.0.a0.real_tracker_v1.6457,a1.0.a0.real_tracker_v1.2310,310.8414,101.5994,0.3268518065746501
-2.474,-6.290561,1.138912,1.099639,a1.0.a0.real_tracker_v1.6457,a1.0.a0.real_tracker_v1.2310,310.8242,78.43502333333333,0.252344479576731
-2.474,-5.801048,1.324465,1.285191,a1.0.a0.real_tracker_v1.6457,a1.0.a0.real_tracker_v1.2310,310.7504,110.9282,0.35696765967908756
-1.955,-6.780073,0.9533595,0.9140863,a1.0.a0.real_tracker_v1.6457,a1.0.a0.real_tracker_v1.2310,310.7975,95.16988666666667,0.30621089441122357
-1.955,-6.290561,1.138912,1.099639,a1.0.a0.real_tracker_v1.6457,a1.0.a0.real_tracker_v1.2310,310.9348,74.97881666666667,0.2411392212368813
-1.955,-5.801048,1.324465,1.285191,a1.0.a0.real_tracker_v1.6457,a1.0.a0.real_tracker_v1.2310,310.6978,99.75322,0.3210608473544153
