x,y,z,rearZ,mattype,rearMat,Wm2Front,Wm2Back,Back/FrontRatio
0.5505032,-0.2595,1.09047,1.048776,a2.1.a0.real_tracker_v1.6457,a2.1.a0.real_tracker_v1.2310,856.6111666666667,285.6354666666667,0.3334478282956912
0.03082777,-0.2595,1.153633,1.11194,a2.1.a0.real_tracker_v1.6457,a2.1.a0.real_tracker_v1.2310,856.6508,232.70133333333334,0.27164051173806364
-0.4888477,-0.2595,1.216797,1.175104,a2.1.a0.real_tracker_v1.6457,a2.1.a0.real_tracker_v1.2310,856.6920666666666,291.0156666666667,0.33969653542194345
0.5505032,0.0,1.09047,1.048776,a2.1.a0.real_tracker_v1.6457,a2.1.a0.real_tracker_v1.2310,856.6834666666667,291.2058333333334,0.3399219253576599
0.03082777,-5.551115e-17,1.153633,1.11194,a2.1.a0.real_tracker_v1.6457,a2.1.a0.real_tracker_v1.2310,856.7248,235.11123333333333,0.27442996736334235
-0.4888477,-5.551115e-17,1.216797,1.175104,a2.1.a0.real_tracker_v1.6457,a2.1.a0.real_tracker_v1.2310,856.7660333333333,291.69,0.34045427596012
0.5505032,0.2595,1.09047,1.048776,a2.1.a0.real_tracker_v1.6457,a2.1.a0.real_tracker_v1.2310,856.7574,288.2909,0.33649031045391564
0.03082777,0.2595,1.153633,1.11194,a2.1.a0.real_tracker_v1.6457,a2.1.a0.real_tracker_v1.2310,856.7986999999999,263.48946666666666,0.30752749641096594
-0.4888477,0.2595,1.216797,1.175104,a2.1.a0.real_tracker_v1.6457,a2.1.a0.real_tracker_v1.2310,856.8399666666668,288.0713333333333,0.33620163430561145
