x,y,z,rearZ,mattype,rearMat,Wm2Front,Wm2Back,Back/FrontRatio
0.4225833,-0.2595,0.4990563,0.4843545,a2.1.a0.real_tracker_v1.6457,a2.1.a0.real_tracker_v1.2310,577.8447666666666,72.20367666666667,0.1249531982957621
0.2393354,-0.2595,0.9894362,0.9747344,a2.1.a0.real_tracker_v1.6457,a2.1.a0.real_tracker_v1.2310,581.4662333333334,56.262963333333325,0.09676033335670331
0.05608738,-0.2595,1.479816,1.465114,a2.1.a0.real_tracker_v1.6457,a2.1.a0.real_tracker_v1.2310,584.7324,92.71172999999999,0.1585538469326363
0.4225833,0.0,0.4990563,0.4843545,a2.1.a0.real_tracker_v1.6457,a2.1.a0.real_tracker_v1.2310,577.7757333333334,71.28939666666666,0.12338571727418121
0.2393354,0.0,0.9894362,0.9747344,a2.1.a0.real_tracker_v1.6457,a2.1.a0.real_tracker_v1.2310,581.6365999999999,53.63369666666667,0.0922115363014129
0.05608738,0.0,1.479816,1.465114,a2.1.a0.real_tracker_v1.6457,a2.1.a0.real_tracker_v1.2310,584.5422666666666,92.24997,0.15781546937671798
0.4225833,0.2595,0.4990563,0.4843545,a2.1.a0.real_tracker_v1.6457,a2.1.a0.real_tracker_v1.2310,577.6571333333333,76.08546,0.13171364793386448
0.2393354,0.2595,0.9894362,0.9747344,a2.1.a0.real_tracker_v1.6457,a2.1.a0.real_tracker_v1.2310,581.4082333333333,61.706146666666676,0.10613203769209721
0.05608738,0.2595,1.479816,1.465114,a2.1.a0.real_tracker_v1.6457,a2.1.a0.real_tracker_v1.2310,584.3529666666667,92.51016333333332,0.1583118599520074
