x,y,z,rearZ,mattype,rearMat,Wm2Front,Wm2Back,Back/FrontRatio
0.5792191,-0.2595,0.8380503,0.802479,a2.1.a0.real_tracker_v1.6457,a2.1.a0.real_tracker_v1.2310,123.60476666666666,23.655739999999998,0.191380553172681
0.1358479,-0.2595,1.116392,1.080821,a2.1.a0.real_tracker_v1.6457,a2.1.a0.real_tracker_v1.2310,125.0183,19.47786,0.15579882466147227
-0.3075233,-0.2595,1.394734,1.359163,a2.1.a0.real_tracker_v1.6457,a2.1.a0.real_tracker_v1.2310,125.79450000000001,25.52088666666667,0.20287599052960292
0.5792191,0.0,0.8380503,0.802479,a2.1.a0.real_tracker_v1.6457,a2.1.a0.real_tracker_v1.2310,123.66096666666668,23.606936666666666,0.19089892634733555
0.1358479,0.0,1.116392,1.080821,a2.1.a0.real_tracker_v1.6457,a2.1.a0.real_tracker_v1.2310,125.10393333333333,18.46572,0.14760185316433033
-0.3075233,-5.551115e-17,1.394734,1.359163,a2.1.a0.real_tracker_v1.6457,a2.1.a0.real_tracker_v1.2310,125.86039999999998,25.39654333333333,0.20178182773537662
0.5792191,0.2595,0.8380503,0.802479,a2.1.a0.real_tracker_v1.6457,a2.1.a0.real_tracker_v1.2310,123.7165,23.461433333333332,0.1896371437616613
0.1358479,0.2595,1.116392,1.080821,a2.1.a0.real_tracker_v1.6457,a2.1.a0.real_tracker_v1.2310,125.18906666666668,19.671923333333336,0.1571364554482757
-0.3075233,0.2595,1.394734,1.359163,a2.1.a0.real_tracker_v1.6457,a2.1.a0.real_tracker_v1.2310,125.9257,25.368386666666666,0.20145359694700699
