x,y,z,rearZ,mattype,rearMat,Wm2Front,Wm2Back,Back/FrontRatio
0.1932496,-0.2595,1.449534,1.419634,a2.1.a0.real_tracker_v1.6457,a2.1.a0.real_tracker_v1.2310,907.3933666666667,193.04093333333333,0.21274204516220824
-0.1794319,-0.2595,1.081891,1.051991,a2.1.a0.real_tracker_v1.6457,a2.1.a0.real_tracker_v1.2310,907.3947333333334,136.1446,0.15003883641800975
-0.5521133,-0.2595,0.7142492,0.6843492,a2.1.a0.real_tracker_v1.6457,a2.1.a0.real_tracker_v1.2310,907.2744666666666,173.5651333333333,0.19130367756003835
0.1932496,0.0,1.449534,1.419634,a2.1.a0.real_tracker_v1.6457,a2.1.a0.real_tracker_v1.2310,907.3164999999999,191.25,0.2107861911624101
-0.1794319,0.0,1.081891,1.051991,a2.1.a0.real_tracker_v1.6457,a2.1.a0.real_tracker_v1.2310,907.5107333333334,140.4132,0.15472328879347452
-0.5521133,-5.551115e-17,0.7142492,0.6843492,a2.1.a0.real_tracker_v1.6457,a2.1.a0.real_tracker_v1.2310,907.7503333333334,180.5539666666667,0.1989024527275091
0.1932496,0.2595,1.449534,1.419634,a2.1.a0.real_tracker_v1.6457,a2.1.a0.real_tracker_v1.2310,907.2508333333334,194.0685,0.21390808248573392
-0.1794319,0.2595,1.081891,1.051991,a2.1.a0.real_tracker_v1.6457,a2.1.a0.real_tracker_v1.2310,908.2078666666666,156.81376666666665,0.17266266871210903
-0.5521133,0.2595,0.7142492,0.6843492,a2.1.a0.real_tracker_v1.6457,a2.1.a0.real_tracker_v1.2310,907.9909333333334,189.3150333333333,0.20849858504616667
