x,y,z,rearZ,mattype,rearMat,Wm2Front,Wm2Back,Back/FrontRatio
0.04848887,-0.2595,1.480501,1.459001,a2.1.a0.real_tracker_v1.6457,a2.1.a0.real_tracker_v1.2310,846.4079,123.4741,0.1458799641638929
-0.2194871,-0.2595,1.030789,1.009289,a2.1.a0.real_tracker_v1.6457,a2.1.a0.real_tracker_v1.2310,846.1333000000001,74.36501,0.0878879511207618
-0.487463,-0.2595,0.5810764,0.5595769,a2.1.a0.real_tracker_v1.6457,a2.1.a0.real_tracker_v1.2310,844.8514666666666,99.50108999999999,0.11777333194347857
0.04848887,0.0,1.480501,1.459001,a2.1.a0.real_tracker_v1.6457,a2.1.a0.real_tracker_v1.2310,846.4870000000001,123.38576666666667,0.1457619796933526
-0.2194871,0.0,1.030789,1.009289,a2.1.a0.real_tracker_v1.6457,a2.1.a0.real_tracker_v1.2310,846.087,74.3578,0.0878842389916888
-0.487463,-5.551115e-17,0.5810764,0.5595769,a2.1.a0.real_tracker_v1.6457,a2.1.a0.real_tracker_v1.2310,845.3838,102.27306666666668,0.12097812341393728
0.04848887,0.2595,1.480501,1.459001,a2.1.a0.real_tracker_v1.6457,a2.1.a0.real_tracker_v1.2310,846.5665,125.1087,0.14778349038913022
-0.2194871,0.2595,1.030789,1.009289,a2.1.a0.real_tracker_v1.6457,a2.1.a0.real_tracker_v1.2310,846.8010333333333,86.69335000000001,0.10237735218790416
-0.487463,0.2595,0.5810764,0.5595769,a2.1.a0.real_tracker_v1.6457,a2.1.a0.real_tracker_v1.2310,844.3620999999999,111.87583333333333,0.13249730279939204
