x,y,z,rearZ,mattype,rearMat,Wm2Front,Wm2Back,Back/FrontRatio
0.5627923,-0.2595,0.7496761,0.7179638,a2.1.a0.real_tracker_v1.6457,a2.1.a0.real_tracker_v1.2310,901.9142,193.17796666666666,0.2141863965333622
0.1675221,-0.2595,1.092916,1.061204,a2.1.a0.real_tracker_v1.6457,a2.1.a0.real_tracker_v1.2310,901.5670666666666,151.42413333333334,0.16795640721081442
-0.2277481,-0.2595,1.436156,1.404444,a2.1.a0.real_tracker_v1.6457,a2.1.a0.real_tracker_v1.2310,902.2168333333334,207.0581666666667,0.22949908438594008
0.5627923,0.0,0.7496761,0.7179638,a2.1.a0.real_tracker_v1.6457,a2.1.a0.real_tracker_v1.2310,902.2094999999999,199.41166666666666,0.2210256549515514
0.1675221,0.0,1.092916,1.061204,a2.1.a0.real_tracker_v1.6457,a2.1.a0.real_tracker_v1.2310,901.5474333333333,152.69826666666668,0.169373337050888
-0.2277481,-5.551115e-17,1.436156,1.404444,a2.1.a0.real_tracker_v1.6457,a2.1.a0.real_tracker_v1.2310,902.2424333333333,207.24503333333334,0.22969968600122445
0.5627923,0.2595,0.7496761,0.7179638,a2.1.a0.real_tracker_v1.6457,a2.1.a0.real_tracker_v1.2310,901.8927333333332,205.9482,0.22835084931661576
0.1675221,0.2595,1.092916,1.061204,a2.1.a0.real_tracker_v1.6457,a2.1.a0.real_tracker_v1.2310,901.5237333333334,171.37033333333332,0.19008944180566387
-0.2277481,0.2595,1.436156,1.404444,a2.1.a0.real_tracker_v1.6457,a2.1.a0.real_tracker_v1.2310,902.2629666666667,209.48813333333337,0.23218053814923864
