x,y,z,rearZ,mattype,rearMat,Wm2Front,Wm2Back,Back/FrontRatio
0.5272759,-0.2595,1.147614,1.105619,a2.1.a0.real_tracker_v1.6457,a2.1.a0.real_tracker_v1.2310,0.9878147,0.39563733333333334,0.40011271407406596
0.003834868,-0.2595,1.155471,1.113476,a2.1.a0.real_tracker_v1.6457,a2.1.a0.real_tracker_v1.2310,0.9878152,0.31904363333333335,0.322652436302894
-0.5196062,-0.2595,1.163329,1.121333,a2.1.a0.real_tracker_v1.6457,a2.1.a0.real_tracker_v1.2310,0.9878155999999999,0.3991469666666667,0.40366168036453587
0.5272759,0.0,1.147614,1.105619,a2.1.a0.real_tracker_v1.6457,a2.1.a0.real_tracker_v1.2310,0.9878149,0.3957208333333333,0.40019707766674356
0.003834868,-5.551115e-17,1.155471,1.113476,a2.1.a0.real_tracker_v1.6457,a2.1.a0.real_tracker_v1.2310,0.9878154,0.3024663,0.3058875296642832
-0.5196062,-5.551115e-17,1.163329,1.121333,a2.1.a0.real_tracker_v1.6457,a2.1.a0.real_tracker_v1.2310,0.9878157,0.3986707,0.40317998591648574
0.5272759,0.2595,1.147614,1.105619,a2.1.a0.real_tracker_v1.6457,a2.1.a0.real_tracker_v1.2310,0.987815,0.3976816666666667,0.4021800505318656
0.003834868,0.2595,1.155471,1.113476,a2.1.a0.real_tracker_v1.6457,a2.1.a0.real_tracker_v1.2310,0.9878154,0.3227526333333333,0.32640332395038885
-0.5196062,0.2595,1.163329,1.121333,a2.1.a0.real_tracker_v1.6457,a2.1.a0.real_tracker_v1.2310,0.9878158,0.3993657,0.4038828060797572
