x,y,z,rearZ,mattype,rearMat,Wm2Front,Wm2Back,Back/FrontRatio
0.5235,-0.2595,1.7555,1.7135,a2.1.a0.real_tracker_v1.6457,a2.1.a0.real_tracker_v1.2310,8027.028778533333,2233.1950216666664,0.27820938544901064
0.0,-0.25950000000000006,1.7555,1.7135,a2.1.a0.real_tracker_v1.6457,a2.1.a0.real_tracker_v1.2310,8032.711950966666,1779.6349271333333,0.22154842803379024
-0.5235,-0.25950000000000006,1.7555,1.7135,a2.1.a0.real_tracker_v1.6457,a2.1.a0.real_tracker_v1.2310,8029.774740766667,2258.4071074333333,0.2812540698948219
0.5235,0.0,1.7555,1.7135,a2.1.a0.real_tracker_v1.6457,a2.1.a0.real_tracker_v1.2310,8026.494361466666,2232.3858794333332,0.27812710017257314
-1.588979221893691e-17,-5.551115123125783e-17,1.7555,1.7135,a2.1.a0.real_tracker_v1.6457,a2.1.a0.real_tracker_v1.2310,8031.992881266667,1769.6620627333334,0.22032661987713728
-0.5235,-5.551115123125783e-17,1.7555,1.7135,a2.1.a0.real_tracker_v1.6457,a2.1.a0.real_tracker_v1.2310,8031.129184400001,2257.9800431666667,0.2811534605120286
0.5235,0.2595,1.7555,1.7135,a2.1.a0.real_tracker_v1.6457,a2.1.a0.real_tracker_v1.2310,8024.739068333332,2245.0202447,0.27976236309000735
-3.177958443787382e-17,0.25949999999999995,1.7555,1.7135,a2.1.a0.real_tracker_v1.6457,a2.1.a0.real_tracker_v1.2310,8033.1514649,1945.6729926,0.2422054107775758
-0.5235,0.25949999999999995,1.7555,1.7135,a2.1.a0.real_tracker_v1.6457,a2.1.a0.real_tracker_v1.2310,8031.6342214666665,2253.5952381,0.28058983954807504
