x,y,z,rearZ,mattype,rearMat,Wm2Front,Wm2Back,Back/FrontRatio
0.3379811,-0.2595,1.374448,1.337545,a2.1.a0.real_tracker_v1.6457,a2.1.a0.real_tracker_v1.2310,887.2515666666667,232.74693333333335,0.26232320094349687
-0.1219924,-0.2595,1.124495,1.087592,a2.1.a0.real_tracker_v1.6457,a2.1.a0.real_tracker_v1.2310,886.9834666666666,182.46056666666667,0.20570886359753615
-0.581966,-0.2595,0.874542,0.8376387,a2.1.a0.real_tracker_v1.6457,a2.1.a0.real_tracker_v1.2310,884.6159333333334,235.53666666666666,0.26625837443461403
0.3379811,0.0,1.374448,1.337545,a2.1.a0.real_tracker_v1.6457,a2.1.a0.real_tracker_v1.2310,887.2610666666666,234.8936666666667,0.26473989533795017
-0.1219924,-5.551115e-17,1.124495,1.087592,a2.1.a0.real_tracker_v1.6457,a2.1.a0.real_tracker_v1.2310,886.9929666666667,182.80803333333333,0.20609839548326125
-0.581966,-5.551115e-17,0.874542,0.8376387,a2.1.a0.real_tracker_v1.6457,a2.1.a0.real_tracker_v1.2310,884.1570666666667,246.42906666666667,0.2787160757303502
0.3379811,0.2595,1.374448,1.337545,a2.1.a0.real_tracker_v1.6457,a2.1.a0.real_tracker_v1.2310,887.2706666666667,237.14509999999999,0.2672745100617436
-0.1219924,0.2595,1.124495,1.087592,a2.1.a0.real_tracker_v1.6457,a2.1.a0.real_tracker_v1.2310,886.8301333333334,209.1313,0.23581862672540366
-0.581966,0.2595,0.874542,0.8376387,a2.1.a0.real_tracker_v1.6457,a2.1.a0.real_tracker_v1.2310,886.6853666666666,245.02743333333333,0.27634058957562263
