x,y,z,rearZ,mattype,rearMat,Wm2Front,Wm2Back,Back/FrontRatio
0.3243521,-0.2595,0.416132,0.4104174,a2.1.a0.real_tracker_v1.6457,a2.1.a0.real_tracker_v1.2310,57.16823333333334,22.650009999999998,0.39619229923787674
0.253124,-0.2595,0.9347637,0.9290491,a2.1.a0.real_tracker_v1.6457,a2.1.a0.real_tracker_v1.2310,63.92335333333333,19.36876666666667,0.30299511307792665
0.1818958,-0.2595,1.453395,1.447681,a2.1.a0.real_tracker_v1.6457,a2.1.a0.real_tracker_v1.2310,161.47963333333334,29.40847666666667,0.18211766983822003
0.3243521,0.0,0.416132,0.4104174,a2.1.a0.real_tracker_v1.6457,a2.1.a0.real_tracker_v1.2310,149.06606666666667,22.710773333333332,0.1523527217726607
0.253124,0.0,0.9347637,0.9290491,a2.1.a0.real_tracker_v1.6457,a2.1.a0.real_tracker_v1.2310,156.07893333333334,18.81688,0.12055925190468644
0.1818958,0.0,1.453395,1.447681,a2.1.a0.real_tracker_v1.6457,a2.1.a0.real_tracker_v1.2310,161.52033333333335,29.36209,0.18178459398552096
0.3243521,0.2595,0.416132,0.4104174,a2.1.a0.real_tracker_v1.6457,a2.1.a0.real_tracker_v1.2310,149.52286666666666,22.51582333333333,0.15058347429930916
0.253124,0.2595,0.9347637,0.9290491,a2.1.a0.real_tracker_v1.6457,a2.1.a0.real_tracker_v1.2310,156.56993333333332,19.650246666666668,0.12550379721395713
0.1818958,0.2595,1.453395,1.447681,a2.1.a0.real_tracker_v1.6457,a2.1.a0.real_tracker_v1.2310,161.56133333333332,29.523839999999996,0.18273962371592387
