x,y,z,rearZ,mattype,rearMat,Wm2Front,Wm2Back,Back/FrontRatio
0.4229331,-0.2595,0.4994253,0.4846891,a2.1.a0.real_tracker_v1.6457,a2.1.a0.real_tracker_v1.2310,539.9359666666666,71.62156666666667,0.13264801465405626
0.2392572,-0.2595,0.989645,0.9749089,a2.1.a0.real_tracker_v1.6457,a2.1.a0.real_tracker_v1.2310,553.8806333333333,54.41220333333333,0.09823796287642445
0.05558137,-0.2595,1.479865,1.465129,a2.1.a0.real_tracker_v1.6457,a2.1.a0.real_tracker_v1.2310,564.4839666666667,80.85977333333334,0.14324522017090624
0.4229331,0.0,0.4994253,0.4846891,a2.1.a0.real_tracker_v1.6457,a2.1.a0.real_tracker_v1.2310,539.8651333333333,68.06205333333334,0.12607209293365568
0.2392572,0.0,0.989645,0.9749089,a2.1.a0.real_tracker_v1.6457,a2.1.a0.real_tracker_v1.2310,554.0321,50.71311,0.09153444081229083
0.05558137,0.0,1.479865,1.465129,a2.1.a0.real_tracker_v1.6457,a2.1.a0.real_tracker_v1.2310,563.9720000000001,80.82794,0.1433188113615368
0.4229331,0.2595,0.4994253,0.4846891,a2.1.a0.real_tracker_v1.6457,a2.1.a0.real_tracker_v1.2310,540.9547,72.78165333333334,0.13454272380036542
0.2392572,0.2595,0.989645,0.9749089,a2.1.a0.real_tracker_v1.6457,a2.1.a0.real_tracker_v1.2310,554.1842333333334,57.95338999999999,0.10457404224111105
0.05558137,0.2595,1.479865,1.465129,a2.1.a0.real_tracker_v1.6457,a2.1.a0.real_tracker_v1.2310,563.4610666666667,81.37363333333333,0.14441723435745038
