x,y,z,rearZ,mattype,rearMat,Wm2Front,Wm2Back,Back/FrontRatio
-0.2128822,-0.2595,1.44223,1.438877,a2.1.a0.real_tracker_v1.6457,a2.1.a0.real_tracker_v1.2310,30.744290000000003,18.78794,0.6110835188088971
-0.2546841,-0.2595,0.9204019,0.9170482,a2.1.a0.real_tracker_v1.6457,a2.1.a0.real_tracker_v1.2310,22.200149999999997,13.259190000000002,0.5972298732272879
-0.2964861,-0.2595,0.3985736,0.3952198,a2.1.a0.real_tracker_v1.6457,a2.1.a0.real_tracker_v1.2310,21.373046666666667,15.22022,0.7120888354630709
-0.2128822,0.0,1.44223,1.438877,a2.1.a0.real_tracker_v1.6457,a2.1.a0.real_tracker_v1.2310,30.724303333333335,18.77615666666667,0.6110975199485419
-0.2546841,0.0,0.9204019,0.9170482,a2.1.a0.real_tracker_v1.6457,a2.1.a0.real_tracker_v1.2310,22.18944,12.893466666666667,0.5810369991161358
-0.2964861,0.0,0.3985736,0.3952198,a2.1.a0.real_tracker_v1.6457,a2.1.a0.real_tracker_v1.2310,21.312746666666666,15.117199999999999,0.7092699484714403
-0.2128822,0.2595,1.44223,1.438877,a2.1.a0.real_tracker_v1.6457,a2.1.a0.real_tracker_v1.2310,30.704626666666666,18.76161,0.6110153752493571
-0.2546841,0.2595,0.9204019,0.9170482,a2.1.a0.real_tracker_v1.6457,a2.1.a0.real_tracker_v1.2310,22.14350333333333,13.325886666666667,0.6017694985557741
-0.2964861,0.2595,0.3985736,0.3952198,a2.1.a0.real_tracker_v1.6457,a2.1.a0.real_tracker_v1.2310,21.38197333333333,15.243653333333333,0.712887450014747
