x,y,z,rearZ,mattype,rearMat,Wm2Front,Wm2Back,Back/FrontRatio
-0.08695897,-0.2595,1.475995,1.463415,a2.1.a0.real_tracker_v1.6457,a2.1.a0.real_tracker_v1.2310,524.3570000000001,65.9612,0.1257942092997532
-0.2437684,-0.2595,0.9765326,0.9639519,a2.1.a0.real_tracker_v1.6457,a2.1.a0.real_tracker_v1.2310,513.5027,44.89530666666667,0.08742937327747916
-0.4005778,-0.2595,0.4770698,0.4644891,a2.1.a0.real_tracker_v1.6457,a2.1.a0.real_tracker_v1.2310,500.3655999999999,58.54868333333334,0.11701157378077064
-0.08695897,0.0,1.475995,1.463415,a2.1.a0.real_tracker_v1.6457,a2.1.a0.real_tracker_v1.2310,524.457,66.49857333333334,0.1267948497941367
-0.2437684,0.0,0.9765326,0.9639519,a2.1.a0.real_tracker_v1.6457,a2.1.a0.real_tracker_v1.2310,513.9612,41.006656666666665,0.07978535516165716
-0.4005778,0.0,0.4770698,0.4644891,a2.1.a0.real_tracker_v1.6457,a2.1.a0.real_tracker_v1.2310,498.5768,53.884553333333336,0.10807651951878591
-0.08695897,0.2595,1.475995,1.463415,a2.1.a0.real_tracker_v1.6457,a2.1.a0.real_tracker_v1.2310,524.5578999999999,66.02327,0.12586435956000366
-0.2437684,0.2595,0.9765326,0.9639519,a2.1.a0.real_tracker_v1.6457,a2.1.a0.real_tracker_v1.2310,514.4205,48.14163666666667,0.09358402917970318
-0.4005778,0.2595,0.4770698,0.4644891,a2.1.a0.real_tracker_v1.6457,a2.1.a0.real_tracker_v1.2310,498.13956666666667,56.24919333333333,0.11291831482372078
