x,y,z,rearZ,mattype,rearMat,Wm2Front,Wm2Back,Back/FrontRatio
0.5628448,-0.2595,0.7498725,0.7181507,a2.1.a0.real_tracker_v1.6457,a2.1.a0.real_tracker_v1.2310,885.4241999999999,178.55723333333333,0.20166269644610674
0.1674547,-0.2595,1.092975,1.061253,a2.1.a0.real_tracker_v1.6457,a2.1.a0.real_tracker_v1.2310,887.8494000000001,137.29460000000003,0.1546370875093372
-0.2279353,-0.2595,1.436076,1.404355,a2.1.a0.real_tracker_v1.6457,a2.1.a0.real_tracker_v1.2310,890.8870666666667,186.05773333333332,0.20884524138872365
0.5628448,0.0,0.7498725,0.7181507,a2.1.a0.real_tracker_v1.6457,a2.1.a0.real_tracker_v1.2310,885.5784666666667,183.74566666666666,0.20748636749481997
0.1674547,0.0,1.092975,1.061253,a2.1.a0.real_tracker_v1.6457,a2.1.a0.real_tracker_v1.2310,888.0615666666666,139.01250000000002,0.1565345790013219
-0.2279353,-5.551115e-17,1.436076,1.404355,a2.1.a0.real_tracker_v1.6457,a2.1.a0.real_tracker_v1.2310,891.1350666666667,184.49803333333332,0.20703688273268556
0.5628448,0.2595,0.7498725,0.7181507,a2.1.a0.real_tracker_v1.6457,a2.1.a0.real_tracker_v1.2310,886.4947333333333,193.81913333333333,0.21863515643166095
0.1674547,0.2595,1.092975,1.061253,a2.1.a0.real_tracker_v1.6457,a2.1.a0.real_tracker_v1.2310,888.2702333333333,161.8937,0.18225705609363987
-0.2279353,0.2595,1.436076,1.404355,a2.1.a0.real_tracker_v1.6457,a2.1.a0.real_tracker_v1.2310,891.3793333333333,184.98646666666664,0.2075280996776161
