x,y,z,rearZ,mattype,rearMat,Wm2Front,Wm2Back,Back/FrontRatio
0.2616949,-0.2595,0.3795691,0.3790707,a2.1.a0.real_tracker_v1.6457,a2.1.a0.real_tracker_v1.2310,0.6251529666666666,0.5348582666666667,0.8541974487703724
0.255482,-0.2595,0.9030323,0.9025338,a2.1.a0.real_tracker_v1.6457,a2.1.a0.real_tracker_v1.2310,0.654697,0.47136476666666666,0.7188758933877487
0.2492691,-0.2595,1.426495,1.425997,a2.1.a0.real_tracker_v1.6457,a2.1.a0.real_tracker_v1.2310,0.6669767999999999,0.6537556666666666,0.9787101388351612
0.2616949,0.0,0.3795691,0.3790707,a2.1.a0.real_tracker_v1.6457,a2.1.a0.real_tracker_v1.2310,0.6236202666666667,0.5417763333333334,0.86736912368304
0.255482,0.0,0.9030323,0.9025338,a2.1.a0.real_tracker_v1.6457,a2.1.a0.real_tracker_v1.2310,0.6546069,0.45816419999999997,0.6988398078177639
0.2492691,0.0,1.426495,1.425997,a2.1.a0.real_tracker_v1.6457,a2.1.a0.real_tracker_v1.2310,0.6665795666666666,0.6532318333333333,0.9785078303025753
0.2616949,0.2595,0.3795691,0.3790707,a2.1.a0.real_tracker_v1.6457,a2.1.a0.real_tracker_v1.2310,0.6261639,0.5354106000000001,0.8537012414139271
0.255482,0.2595,0.9030323,0.9025338,a2.1.a0.real_tracker_v1.6457,a2.1.a0.real_tracker_v1.2310,0.6525655333333333,0.4693557,0.7181463465586669
0.2492691,0.2595,1.426495,1.425997,a2.1.a0.real_tracker_v1.6457,a2.1.a0.real_tracker_v1.2310,0.6661816666666667,0.6530214999999999,0.978776145427657
