x,y,z,rearZ,mattype,rearMat,Wm2Front,Wm2Back,Back/FrontRatio
0.04879281,-0.2595,1.480475,1.458957,a2.1.a0.real_tracker_v1.6457,a2.1.a0.real_tracker_v1.2310,827.3286666666667,104.78493333333334,0.12665438887924163
-0.2194186,-0.2595,1.030904,1.009385,a2.1.a0.real_tracker_v1.6457,a2.1.a0.real_tracker_v1.2310,823.6813333333333,66.45747333333334,0.08068337834124564
-0.48763,-0.2595,0.5813316,0.5598132,a2.1.a0.real_tracker_v1.6457,a2.1.a0.real_tracker_v1.2310,818.0605,98.14708666666667,0.11997519338908709
0.04879281,0.0,1.480475,1.458957,a2.1.a0.real_tracker_v1.6457,a2.1.a0.real_tracker_v1.2310,827.0688,106.40383333333334,0.1286515761225151
-0.2194186,0.0,1.030904,1.009385,a2.1.a0.real_tracker_v1.6457,a2.1.a0.real_tracker_v1.2310,823.8235666666666,62.91271333333333,0.07636663906235377
-0.48763,-5.551115e-17,0.5813316,0.5598132,a2.1.a0.real_tracker_v1.6457,a2.1.a0.real_tracker_v1.2310,818.2372,95.15459333333332,0.11629204470450454
0.04879281,0.2595,1.480475,1.458957,a2.1.a0.real_tracker_v1.6457,a2.1.a0.real_tracker_v1.2310,826.8112000000001,107.4223,0.12992345782996428
-0.2194186,0.2595,1.030904,1.009385,a2.1.a0.real_tracker_v1.6457,a2.1.a0.real_tracker_v1.2310,825.1563,80.96584333333332,0.09812170762269609
-0.48763,0.2595,0.5813316,0.5598132,a2.1.a0.real_tracker_v1.6457,a2.1.a0.real_tracker_v1.2310,819.2403333333333,108.7385,0.13273072973206107
