x,y,z,rearZ,mattype,rearMat,Wm2Front,Wm2Back,Back/FrontRatio
0.505317,-0.2595,0.6101945,0.5866174,a2.1.a0.real_tracker_v1.6457,a2.1.a0.real_tracker_v1.2310,825.0128333333333,108.58390000000001,0.13161464161308004
0.2114443,-0.2595,1.043428,1.019851,a2.1.a0.real_tracker_v1.6457,a2.1.a0.real_tracker_v1.2310,828.9116666666665,80.91087333333333,0.09761085405861013
-0.08242836,-0.2595,1.476661,1.453084,a2.1.a0.real_tracker_v1.6457,a2.1.a0.real_tracker_v1.2310,832.9070666666667,122.01136666666666,0.1464883959582254
0.505317,0.0,0.6101945,0.5866174,a2.1.a0.real_tracker_v1.6457,a2.1.a0.real_tracker_v1.2310,825.6136333333333,113.88470000000001,0.13793929443837782
0.2114443,0.0,1.043428,1.019851,a2.1.a0.real_tracker_v1.6457,a2.1.a0.real_tracker_v1.2310,829.1837333333333,76.95067666666667,0.09280281410551779
-0.08242836,-5.551115e-17,1.476661,1.453084,a2.1.a0.real_tracker_v1.6457,a2.1.a0.real_tracker_v1.2310,833.0787,123.00486666666666,0.14765077899109372
0.505317,0.2595,0.6101945,0.5866174,a2.1.a0.real_tracker_v1.6457,a2.1.a0.real_tracker_v1.2310,824.0953333333333,122.40903333333334,0.14853728670070532
0.2114443,0.2595,1.043428,1.019851,a2.1.a0.real_tracker_v1.6457,a2.1.a0.real_tracker_v1.2310,829.4572333333334,95.67140333333333,0.115342038319229
-0.08242836,0.2595,1.476661,1.453084,a2.1.a0.real_tracker_v1.6457,a2.1.a0.real_tracker_v1.2310,833.2515666666667,125.24990000000001,0.15031444847634634
