x,y,z,rearZ,mattype,rearMat,Wm2Front,Wm2Back,Back/FrontRatio
0.5823347,-0.2595,0.9147934,0.8765933,a2.1.a0.real_tracker_v1.6457,a2.1.a0.real_tracker_v1.2310,877.8972,247.56726666666668,0.2819999706875657
0.1061975,-0.2595,1.132384,1.094184,a2.1.a0.real_tracker_v1.6457,a2.1.a0.real_tracker_v1.2310,877.9327666666667,193.66366666666667,0.22059029282125422
-0.3699396,-0.2595,1.349975,1.311775,a2.1.a0.real_tracker_v1.6457,a2.1.a0.real_tracker_v1.2310,878.0004333333333,247.39473333333333,0.28177030690496596
0.5823347,0.0,0.9147934,0.8765933,a2.1.a0.real_tracker_v1.6457,a2.1.a0.real_tracker_v1.2310,878.1290666666667,256.2708,0.2918369495908389
0.1061975,-5.551115e-17,1.132384,1.094184,a2.1.a0.real_tracker_v1.6457,a2.1.a0.real_tracker_v1.2310,877.9732,197.41783333333333,0.22485607587709677
-0.3699396,-5.551115e-17,1.349975,1.311775,a2.1.a0.real_tracker_v1.6457,a2.1.a0.real_tracker_v1.2310,877.8469666666666,246.28446666666665,0.28055480677576705
0.5823347,0.2595,0.9147934,0.8765933,a2.1.a0.real_tracker_v1.6457,a2.1.a0.real_tracker_v1.2310,878.3640666666666,254.6163333333333,0.28987529558704367
0.1061975,0.2595,1.132384,1.094184,a2.1.a0.real_tracker_v1.6457,a2.1.a0.real_tracker_v1.2310,878.2607666666667,221.18293333333335,0.25184169655113836
-0.3699396,0.2595,1.349975,1.311775,a2.1.a0.real_tracker_v1.6457,a2.1.a0.real_tracker_v1.2310,878.0108666666666,245.0554,0.27910260590251706
