x,y,z,rearZ,mattype,rearMat,Wm2Front,Wm2Back,Back/FrontRatio
2.993,6.782079,0.9227372,0.8843025,a1.0.a0.real_tracker_v1.6457,a1.0.a0.real_tracker_v1.2310,564.485,156.63916666666668,0.27748990527075373
2.993,6.303017,1.133811,1.095377,a1.0.a0.real_tracker_v1.6457,a1.0.a0.real_tracker_v1.2310,564.74,118.63953333333332,0.21007777606607864
2.993,5.823956,1.344885,1.306451,a1.0.a0.real_tracker_v1.6457,a1.0.a0.real_tracker_v1.2310,565.2212,131.9826,0.23350569032851154
2.474,6.782079,0.9227372,0.8843025,a1.0.a0.real_tracker_v1.6457,a1.0.a0.real_tracker_v1.2310,564.3806,160.21463333333335,0.2838764292339321
2.474,6.303017,1.133811,1.095377,a1.0.a0.real_tracker_v1.6457,a1.0.a0.real_tracker_v1.2310,564.8118,111.34460000000001,0.19713540486334594
2.474,5.823956,1.344885,1.306451,a1.0.a0.real_tracker_v1.6457,a1.0.a0.real_tracker_v1.2310,565.1043,131.63016666666667,0.2329303346945546
1.955,6.782079,0.9227372,0.8843025,a1.0.a0.real_tracker_v1.6457,a1.0.a0.real_tracker_v1.2310,564.7197,150.82126666666667,0.267072318522531
1.955,6.303017,1.133811,1.095377,a1.0.a0.real_tracker_v1.6457,a1.0.a0.real_tracker_v1.2310,565.0818666666668,107.72946666666667,0.1906436613485479
1.955,5.823956,1.344885,1.306451,a1.0.a0.real_tracker_v1.6457,a1.0.a0.real_tracker_v1.2310,564.9935666666667,129.7014,0.22956220758937096
