x,y,z,rearZ,mattype,rearMat,Wm2Front,Wm2Back,Back/FrontRatio
2.993,6.782079,0.9227372,0.8843025,a1.0.a0.real_tracker_v1.6457,a1.0.a0.real_tracker_v1.2310,922.9600999999999,222.91896666666665,0.2415258526785871
2.993,6.303017,1.133811,1.095377,a1.0.a0.real_tracker_v1.6457,a1.0.a0.real_tracker_v1.2310,923.5185,164.985,0.17864809568179124
2.993,5.823956,1.344885,1.306451,a1.0.a0.real_tracker_v1.6457,a1.0.a0.real_tracker_v1.2310,922.1923,177.48453333333336,0.19245914423075222
2.474,6.782079,0.9227372,0.8843025,a1.0.a0.real_tracker_v1.6457,a1.0.a0.real_tracker_v1.2310,923.0528666666668,230.602,0.24982507340850024
2.474,6.303017,1.133811,1.095377,a1.0.a0.real_tracker_v1.6457,a1.0.a0.real_tracker_v1.2310,922.0014666666666,164.65526666666668,0.1785844101501681
2.474,5.823956,1.344885,1.306451,a1.0.a0.real_tracker_v1.6457,a1.0.a0.real_tracker_v1.2310,922.2534,182.79256666666666,0.19820189165447913
1.955,6.782079,0.9227372,0.8843025,a1.0.a0.real_tracker_v1.6457,a1.0.a0.real_tracker_v1.2310,922.9299,252.7746,0.27388247592533743
1.955,6.303017,1.133811,1.095377,a1.0.a0.real_tracker_v1.6457,a1.0.a0.real_tracker_v1.2310,923.3494999999999,174.08100000000002,0.18853187386588305
1.955,5.823956,1.344885,1.306451,a1.0.a0.real_tracker_v1.6457,a1.0.a0.real_tracker_v1.2310,922.3948,190.60029999999998,0.20663613169097256
