x,y,z,rearZ,mattype,rearMat,Wm2Front,Wm2Back,Back/FrontRatio
2.993,6.782079,0.9227372,0.8843025,a1.0.a0.real_tracker_v1.6457,a1.0.a0.real_tracker_v1.2310,949.7858,256.5751666666667,0.2701397478535885
2.993,6.303017,1.133811,1.095377,a1.0.a0.real_tracker_v1.6457,a1.0.a0.real_tracker_v1.2310,950.0962,181.4466,0.19097688110227037
2.993,5.823956,1.344885,1.306451,a1.0.a0.real_tracker_v1.6457,a1.0.a0.real_tracker_v1.2310,949.6473,199.15316666666664,0.20971255007423975
2.474,6.782079,0.9227372,0.8843025,a1.0.a0.real_tracker_v1.6457,a1.0.a0.real_tracker_v1.2310,949.7232333333333,233.04356666666664,0.24538024669406666
2.474,6.303017,1.133811,1.095377,a1.0.a0.real_tracker_v1.6457,a1.0.a0.real_tracker_v1.2310,949.4749,170.50153333333333,0.17957436658827605
2.474,5.823956,1.344885,1.306451,a1.0.a0.real_tracker_v1.6457,a1.0.a0.real_tracker_v1.2310,949.6982000000002,188.12813333333335,0.19809233632431544
1.955,6.782079,0.9227372,0.8843025,a1.0.a0.real_tracker_v1.6457,a1.0.a0.real_tracker_v1.2310,950.2045000000002,227.17116666666666,0.23907582798317484
1.955,6.303017,1.133811,1.095377,a1.0.a0.real_tracker_v1.6457,a1.0.a0.real_tracker_v1.2310,950.6209,167.35863333333333,0.1760517334319074
1.955,5.823956,1.344885,1.306451,a1.0.a0.real_tracker_v1.6457,a1.0.a0.real_tracker_v1.2310,949.1263,178.20753333333334,0.18775935886928272
