x,y,z,rearZ,mattype,rearMat,Wm2Front,Wm2Back,Back/FrontRatio
0.5254905,-0.2595,10.25138,10.20938,a2.1.a0.real_tracker_v1.6457,a2.1.a0.real_tracker_v1.2310,0.9879136000000001,0.6006989666666667,0.6074332142531629
0.002006672,-0.2595,10.25549,10.21349,a2.1.a0.real_tracker_v1.6457,a2.1.a0.real_tracker_v1.2310,0.9879123,0.42845666666666665,0.4332605294389267
-0.5214772,-0.2595,10.2596,10.2176,a2.1.a0.real_tracker_v1.6457,a2.1.a0.real_tracker_v1.2310,0.9879121,0.6009500666666666,0.607688051007432
0.5254905,0.0,10.25138,10.20938,a2.1.a0.real_tracker_v1.6457,a2.1.a0.real_tracker_v1.2310,0.9879127,0.6014031,0.6081457948714786
0.002006672,-5.551115e-17,10.25549,10.21349,a2.1.a0.real_tracker_v1.6457,a2.1.a0.real_tracker_v1.2310,0.9879124,0.4123064666666667,0.4169292109863995
-0.5214772,-5.551115e-17,10.2596,10.2176,a2.1.a0.real_tracker_v1.6457,a2.1.a0.real_tracker_v1.2310,0.9879121,0.5990926333333334,0.6058097917229787
0.5254905,0.2595,10.25138,10.20938,a2.1.a0.real_tracker_v1.6457,a2.1.a0.real_tracker_v1.2310,0.9879128,0.6006399,0.6073739767550789
0.002006672,0.2595,10.25549,10.21349,a2.1.a0.real_tracker_v1.6457,a2.1.a0.real_tracker_v1.2310,0.9879124999999999,0.4254312333333334,0.43020108789537337
-0.5214772,0.2595,10.2596,10.2176,a2.1.a0.real_tracker_v1.6457,a2.1.a0.real_tracker_v1.2310,0.9879121999999999,0.6002462,0.6069762310546882
