x,y,z,rearZ,mattype,rearMat,Wm2Front,Wm2Back,Back/FrontRatio
0.1932496,-0.2595,10.54953,10.51963,a2.1.a0.real_tracker_v1.6457,a2.1.a0.real_tracker_v1.2310,902.8365,311.41446666666667,0.34492859087783423
-0.1794319,-0.2595,10.18189,10.15199,a2.1.a0.real_tracker_v1.6457,a2.1.a0.real_tracker_v1.2310,902.4812333333333,202.72416666666666,0.22462953749006398
-0.5521133,-0.2595,9.814249,9.784349,a2.1.a0.real_tracker_v1.6457,a2.1.a0.real_tracker_v1.2310,899.0141666666667,342.58716666666663,0.38106939612253476
0.1932496,0.0,10.54953,10.51963,a2.1.a0.real_tracker_v1.6457,a2.1.a0.real_tracker_v1.2310,903.2798333333334,313.0202,0.34653696663182454
-0.1794319,0.0,10.18189,10.15199,a2.1.a0.real_tracker_v1.6457,a2.1.a0.real_tracker_v1.2310,901.4751333333334,205.74216666666666,0.22822807954538563
-0.5521133,-5.551115e-17,9.814249,9.784349,a2.1.a0.real_tracker_v1.6457,a2.1.a0.real_tracker_v1.2310,899.2557333333334,342.3716,0.3807273132455833
0.1932496,0.2595,10.54953,10.51963,a2.1.a0.real_tracker_v1.6457,a2.1.a0.real_tracker_v1.2310,903.7339333333333,312.10846666666674,0.34535399170140163
-0.1794319,0.2595,10.18189,10.15199,a2.1.a0.real_tracker_v1.6457,a2.1.a0.real_tracker_v1.2310,899.4063333333334,222.60643333333334,0.24750346709796303
-0.5521133,0.2595,9.814249,9.784349,a2.1.a0.real_tracker_v1.6457,a2.1.a0.real_tracker_v1.2310,899.2913333333332,342.3808666666667,0.3807225459129531
