x,y,z,rearZ,mattype,rearMat,Wm2Front,Wm2Back,Back/FrontRatio
0.4225833,-0.2595,9.599056,9.584354,a2.1.a0.real_tracker_v1.6457,a2.1.a0.real_tracker_v1.2310,562.6364333333333,134.61273333333335,0.23925307019801922
0.2393354,-0.2595,10.08944,10.07473,a2.1.a0.real_tracker_v1.6457,a2.1.a0.real_tracker_v1.2310,569.5474333333333,87.31496,0.15330559244800546
0.05608738,-0.2595,10.57982,10.56511,a2.1.a0.real_tracker_v1.6457,a2.1.a0.real_tracker_v1.2310,582.2622333333333,125.35636666666666,0.21529157173299113
0.4225833,0.0,9.599056,9.584354,a2.1.a0.real_tracker_v1.6457,a2.1.a0.real_tracker_v1.2310,562.5288666666667,134.29673333333335,0.23873707209383138
0.2393354,0.0,10.08944,10.07473,a2.1.a0.real_tracker_v1.6457,a2.1.a0.real_tracker_v1.2310,574.8989333333333,85.32215333333333,0.14841218164459696
0.05608738,0.0,10.57982,10.56511,a2.1.a0.real_tracker_v1.6457,a2.1.a0.real_tracker_v1.2310,581.5331333333334,124.3993,0.2139157323181488
0.4225833,0.2595,9.599056,9.584354,a2.1.a0.real_tracker_v1.6457,a2.1.a0.real_tracker_v1.2310,562.4222,134.1907,0.23859382045406377
0.2393354,0.2595,10.08944,10.07473,a2.1.a0.real_tracker_v1.6457,a2.1.a0.real_tracker_v1.2310,573.4992666666667,91.11008666666667,0.15886668579288077
0.05608738,0.2595,10.57982,10.56511,a2.1.a0.real_tracker_v1.6457,a2.1.a0.real_tracker_v1.2310,580.8047,124.03953333333334,0.21356459368999536
