x,y,z,rearZ,mattype,rearMat,Wm2Front,Wm2Back,Back/FrontRatio
0.5051652,-0.2595,9.70993,9.686371,a2.1.a0.real_tracker_v1.6457,a2.1.a0.real_tracker_v1.2310,836.8897666666667,248.25973333333332,0.2966453248398845
0.2115194,-0.2595,10.14332,10.11976,a2.1.a0.real_tracker_v1.6457,a2.1.a0.real_tracker_v1.2310,840.0223333333333,143.6835,0.1710470344077744
-0.08212641,-0.2595,10.5767,10.55315,a2.1.a0.real_tracker_v1.6457,a2.1.a0.real_tracker_v1.2310,844.7209666666668,222.8302,0.2637911748398161
0.5051652,0.0,9.70993,9.686371,a2.1.a0.real_tracker_v1.6457,a2.1.a0.real_tracker_v1.2310,837.6082666666666,247.99433333333332,0.29607400873231343
0.2115194,0.0,10.14332,10.11976,a2.1.a0.real_tracker_v1.6457,a2.1.a0.real_tracker_v1.2310,842.6317,141.69383333333334,0.16815610565948053
-0.08212641,-5.551115e-17,10.5767,10.55315,a2.1.a0.real_tracker_v1.6457,a2.1.a0.real_tracker_v1.2310,844.7180333333332,222.20566666666664,0.2630527523333104
0.5051652,0.2595,9.70993,9.686371,a2.1.a0.real_tracker_v1.6457,a2.1.a0.real_tracker_v1.2310,838.3278666666666,249.24890000000002,0.29731637536359046
0.2115194,0.2595,10.14332,10.11976,a2.1.a0.real_tracker_v1.6457,a2.1.a0.real_tracker_v1.2310,840.2669333333333,155.6874,0.18528304344828422
-0.08212641,0.2595,10.5767,10.55315,a2.1.a0.real_tracker_v1.6457,a2.1.a0.real_tracker_v1.2310,844.3674333333333,223.22243333333336,0.2643661516953125
