x,y,z,rearZ,mattype,rearMat,Wm2Front,Wm2Back,Back/FrontRatio
0.04848887,-0.2595,10.5805,10.559,a2.1.a0.real_tracker_v1.6457,a2.1.a0.real_tracker_v1.2310,841.4126333333334,198.51073333333332,0.23592526370997316
-0.2194871,-0.2595,10.13079,10.10929,a2.1.a0.real_tracker_v1.6457,a2.1.a0.real_tracker_v1.2310,839.4171,125.2136,0.14916714328652195
-0.487463,-0.2595,9.681076,9.659577,a2.1.a0.real_tracker_v1.6457,a2.1.a0.real_tracker_v1.2310,831.516,221.93783333333332,0.26690715082594024
0.04848887,0.0,10.5805,10.559,a2.1.a0.real_tracker_v1.6457,a2.1.a0.real_tracker_v1.2310,840.9231333333333,197.82566666666665,0.23524793596124643
-0.2194871,0.0,10.13079,10.10929,a2.1.a0.real_tracker_v1.6457,a2.1.a0.real_tracker_v1.2310,838.0224666666667,124.45360000000001,0.14850849045436437
-0.487463,-5.551115e-17,9.681076,9.659577,a2.1.a0.real_tracker_v1.6457,a2.1.a0.real_tracker_v1.2310,831.9204666666666,222.38693333333333,0.2673172195260098
0.04848887,0.2595,10.5805,10.559,a2.1.a0.real_tracker_v1.6457,a2.1.a0.real_tracker_v1.2310,840.4337666666667,196.8271,0.23419676077972817
-0.2194871,0.2595,10.13079,10.10929,a2.1.a0.real_tracker_v1.6457,a2.1.a0.real_tracker_v1.2310,837.3206333333334,135.62499999999997,0.16197479510959722
-0.487463,0.2595,9.681076,9.659577,a2.1.a0.real_tracker_v1.6457,a2.1.a0.real_tracker_v1.2310,833.1348666666667,221.62210000000002,0.2660095536238267
