x,y,z,rearZ,mattype,rearMat,Wm2Front,Wm2Back,Back/FrontRatio
0.3378983,-0.2595,10.47451,10.43761,a2.1.a0.real_tracker_v1.6457,a2.1.a0.real_tracker_v1.2310,889.4247666666666,423.47693333333336,0.47612397706939985
-0.1220316,-0.2595,10.22447,10.18757,a2.1.a0.real_tracker_v1.6457,a2.1.a0.real_tracker_v1.2310,889.8650666666667,284.0725,0.31923062429394805
-0.5819615,-0.2595,9.97444,9.937541,a2.1.a0.real_tracker_v1.6457,a2.1.a0.real_tracker_v1.2310,887.4911000000001,449.8249333333333,0.5068495069796489
0.3378983,0.0,10.47451,10.43761,a2.1.a0.real_tracker_v1.6457,a2.1.a0.real_tracker_v1.2310,889.4443000000001,420.9828,0.47330937607967566
-0.1220316,-5.551115e-17,10.22447,10.18757,a2.1.a0.real_tracker_v1.6457,a2.1.a0.real_tracker_v1.2310,889.8883333333333,284.27413333333334,0.3194488603077237
-0.5819615,-5.551115e-17,9.97444,9.937541,a2.1.a0.real_tracker_v1.6457,a2.1.a0.real_tracker_v1.2310,887.3263000000001,451.2881,0.5085926016251274
0.3378983,0.2595,10.47451,10.43761,a2.1.a0.real_tracker_v1.6457,a2.1.a0.real_tracker_v1.2310,889.4675666666667,419.6478666666667,0.47179617402256335
-0.1220316,0.2595,10.22447,10.18757,a2.1.a0.real_tracker_v1.6457,a2.1.a0.real_tracker_v1.2310,889.5882666666666,308.25573333333335,0.34651467242672823
-0.5819615,0.2595,9.97444,9.937541,a2.1.a0.real_tracker_v1.6457,a2.1.a0.real_tracker_v1.2310,889.0912666666667,451.7073333333333,0.5080545071287689
