x,y,z,rearZ,mattype,rearMat,Wm2Front,Wm2Back,Back/FrontRatio
0.464456,-0.2595,10.35159,10.31037,a2.1.a0.real_tracker_v1.6457,a2.1.a0.real_tracker_v1.2310,857.8900666666667,496.18036666666666,0.5783722269012243
-0.04923312,-0.2595,10.25071,10.2095,a2.1.a0.real_tracker_v1.6457,a2.1.a0.real_tracker_v1.2310,857.8694333333333,333.8899666666667,0.38920791962640205
-0.5629222,-0.2595,10.14984,10.10862,a2.1.a0.real_tracker_v1.6457,a2.1.a0.real_tracker_v1.2310,857.8522666666668,499.8793,0.5827095605083666
0.464456,0.0,10.35159,10.31037,a2.1.a0.real_tracker_v1.6457,a2.1.a0.real_tracker_v1.2310,857.9685666666668,495.56183333333337,0.5775983817918638
-0.04923312,-5.551115e-17,10.25071,10.2095,a2.1.a0.real_tracker_v1.6457,a2.1.a0.real_tracker_v1.2310,857.9514333333333,334.88266666666664,0.39032777768992866
-0.5629222,-5.551115e-17,10.14984,10.10862,a2.1.a0.real_tracker_v1.6457,a2.1.a0.real_tracker_v1.2310,857.3944000000001,499.0146,0.5820122197996396
0.464456,0.2595,10.35159,10.31037,a2.1.a0.real_tracker_v1.6457,a2.1.a0.real_tracker_v1.2310,858.0506,498.50399999999996,0.5809720534289545
-0.04923312,0.2595,10.25071,10.2095,a2.1.a0.real_tracker_v1.6457,a2.1.a0.real_tracker_v1.2310,857.5874666666665,359.9731,0.41975039776265655
-0.5629222,0.2595,10.14984,10.10862,a2.1.a0.real_tracker_v1.6457,a2.1.a0.real_tracker_v1.2310,857.3078999999999,502.48556666666667,0.5861196199720623
