x,y,z,rearZ,mattype,rearMat,Wm2Front,Wm2Back,Back/FrontRatio
0.5730893,-0.2595,10.10441,10.06397,a2.1.a0.real_tracker_v1.6457,a2.1.a0.real_tracker_v1.2310,93.26301333333333,37.76933,0.40497217147421344
0.06909548,-0.2595,10.24598,10.20554,a2.1.a0.real_tracker_v1.6457,a2.1.a0.real_tracker_v1.2310,94.06032333333333,26.213066666666666,0.27868060683957346
-0.4348984,-0.2595,10.38755,10.34712,a2.1.a0.real_tracker_v1.6457,a2.1.a0.real_tracker_v1.2310,94.18557333333332,37.49209,0.3980619389062248
0.5730893,0.0,10.10441,10.06397,a2.1.a0.real_tracker_v1.6457,a2.1.a0.real_tracker_v1.2310,93.05766,37.819939999999995,0.4064096775087885
0.06909548,-5.551115e-17,10.24598,10.20554,a2.1.a0.real_tracker_v1.6457,a2.1.a0.real_tracker_v1.2310,94.29429333333333,25.557403333333337,0.2710358325413768
-0.4348984,-5.551115e-17,10.38755,10.34712,a2.1.a0.real_tracker_v1.6457,a2.1.a0.real_tracker_v1.2310,94.42125666666668,37.201526666666666,0.39399107773919256
0.5730893,0.2595,10.10441,10.06397,a2.1.a0.real_tracker_v1.6457,a2.1.a0.real_tracker_v1.2310,92.52951,37.970416666666665,0.4103556401738914
0.06909548,0.2595,10.24598,10.20554,a2.1.a0.real_tracker_v1.6457,a2.1.a0.real_tracker_v1.2310,94.52998000000001,26.283933333333334,0.27804570875424467
-0.4348984,0.2595,10.38755,10.34712,a2.1.a0.real_tracker_v1.6457,a2.1.a0.real_tracker_v1.2310,94.70080333333334,37.17657333333333,0.39256457664780114
