x,y,z,rearZ,mattype,rearMat,Wm2Front,Wm2Back,Back/FrontRatio
0.5823372,-0.2595,10.01469,9.976495,a2.1.a0.real_tracker_v1.6457,a2.1.a0.real_tracker_v1.2310,879.7783333333333,465.63280000000003,0.5292608979979071
0.1062381,-0.2595,10.23237,10.19417,a2.1.a0.real_tracker_v1.6457,a2.1.a0.real_tracker_v1.2310,878.5434333333334,294.99056666666667,0.3357719376212161
-0.3698611,-0.2595,10.45004,10.41184,a2.1.a0.real_tracker_v1.6457,a2.1.a0.real_tracker_v1.2310,880.7626999999999,442.176,0.5020370389924108
0.5823372,0.0,10.01469,9.976495,a2.1.a0.real_tracker_v1.6457,a2.1.a0.real_tracker_v1.2310,880.1203333333333,464.26666666666665,0.5275030260979168
0.1062381,-5.551115e-17,10.23237,10.19417,a2.1.a0.real_tracker_v1.6457,a2.1.a0.real_tracker_v1.2310,880.3962666666666,299.4040333333333,0.3400783313048299
-0.3698611,-5.551115e-17,10.45004,10.41184,a2.1.a0.real_tracker_v1.6457,a2.1.a0.real_tracker_v1.2310,880.7145333333334,442.26263333333327,0.5021628625754527
0.5823372,0.2595,10.01469,9.976495,a2.1.a0.real_tracker_v1.6457,a2.1.a0.real_tracker_v1.2310,880.4677,466.44599999999997,0.5297701099425794
0.1062381,0.2595,10.23237,10.19417,a2.1.a0.real_tracker_v1.6457,a2.1.a0.real_tracker_v1.2310,880.6226666666666,323.8487333333333,0.36774929585888183
-0.3698611,0.2595,10.45004,10.41184,a2.1.a0.real_tracker_v1.6457,a2.1.a0.real_tracker_v1.2310,880.6711333333333,439.7735333333333,0.4993612454487414
