x,y,z,rearZ,mattype,rearMat,Wm2Front,Wm2Back,Back/FrontRatio
0.1915223,-0.2595,10.55014,10.52033,a2.1.a0.real_tracker_v1.6457,a2.1.a0.real_tracker_v1.2310,480.8428333333333,117.25636666666666,0.24385540281096116
-0.1800024,-0.2595,10.18133,10.15152,a2.1.a0.real_tracker_v1.6457,a2.1.a0.real_tracker_v1.2310,474.72336666666666,78.43067,0.1652130699561732
-0.5515271,-0.2595,9.812516,9.782708,a2.1.a0.real_tracker_v1.6457,a2.1.a0.real_tracker_v1.2310,466.9875333333334,123.47363333333332,0.26440399393104297
0.1915223,0.0,10.55014,10.52033,a2.1.a0.real_tracker_v1.6457,a2.1.a0.real_tracker_v1.2310,481.1885333333334,117.64856666666667,0.24449527372651356
-0.1800024,0.0,10.18133,10.15152,a2.1.a0.real_tracker_v1.6457,a2.1.a0.real_tracker_v1.2310,474.6377666666667,76.79761666666667,0.16180224216830721
-0.5515271,-5.551115e-17,9.812516,9.782708,a2.1.a0.real_tracker_v1.6457,a2.1.a0.real_tracker_v1.2310,467.1230333333333,123.03866666666666,0.2633961386843651
0.1915223,0.2595,10.55014,10.52033,a2.1.a0.real_tracker_v1.6457,a2.1.a0.real_tracker_v1.2310,481.5323333333333,116.94556666666666,0.24286079191471688
-0.1800024,0.2595,10.18133,10.15152,a2.1.a0.real_tracker_v1.6457,a2.1.a0.real_tracker_v1.2310,474.5502333333333,81.28852666666667,0.17129557560240952
-0.5515271,0.2595,9.812516,9.782708,a2.1.a0.real_tracker_v1.6457,a2.1.a0.real_tracker_v1.2310,467.25663333333335,123.31946666666666,0.2639217807677691
