x,y,z,rearZ,mattype,rearMat,Wm2Front,Wm2Back,Back/FrontRatio
0.5505032,-0.2595,10.19047,10.14878,a2.1.a0.real_tracker_v1.6457,a2.1.a0.real_tracker_v1.2310,855.6792999999999,505.6321666666667,0.5909124782546318
0.03082777,-0.2595,10.25363,10.21194,a2.1.a0.real_tracker_v1.6457,a2.1.a0.real_tracker_v1.2310,855.6689333333334,341.6141333333333,0.39923587358334195
-0.4888477,-0.2595,10.3168,10.2751,a2.1.a0.real_tracker_v1.6457,a2.1.a0.real_tracker_v1.2310,855.6607666666667,502.8498,0.5876735640052165
0.5505032,0.0,10.19047,10.14878,a2.1.a0.real_tracker_v1.6457,a2.1.a0.real_tracker_v1.2310,855.7388666666667,501.12523333333337,0.5856046362375856
0.03082777,-5.551115e-17,10.25363,10.21194,a2.1.a0.real_tracker_v1.6457,a2.1.a0.real_tracker_v1.2310,855.7306666666667,339.1356,0.3963106815025738
-0.4888477,-5.551115e-17,10.3168,10.2751,a2.1.a0.real_tracker_v1.6457,a2.1.a0.real_tracker_v1.2310,855.7225,507.0436333333333,0.5925320893177917
0.5505032,0.2595,10.19047,10.14878,a2.1.a0.real_tracker_v1.6457,a2.1.a0.real_tracker_v1.2310,855.8006666666666,505.09559999999993,0.5902017017182719
0.03082777,0.2595,10.25363,10.21194,a2.1.a0.real_tracker_v1.6457,a2.1.a0.real_tracker_v1.2310,855.7925,368.80513333333334,0.43095108029370793
-0.4888477,0.2595,10.3168,10.2751,a2.1.a0.real_tracker_v1.6457,a2.1.a0.real_tracker_v1.2310,856.1410666666667,507.53073333333333,0.5928113488329936
