x,y,z,rearZ,mattype,rearMat,Wm2Front,Wm2Back,Back/FrontRatio
0.5627923,-0.2595,9.849676,9.817964,a2.1.a0.real_tracker_v1.6457,a2.1.a0.real_tracker_v1.2310,893.0040666666667,366.55536666666666,0.41047400552262636
0.1675221,-0.2595,10.19292,10.1612,a2.1.a0.real_tracker_v1.6457,a2.1.a0.real_tracker_v1.2310,892.7375666666667,221.90593333333334,0.24856765644380324
-0.2277481,-0.2595,10.53616,10.50444,a2.1.a0.real_tracker_v1.6457,a2.1.a0.real_tracker_v1.2310,895.9836,337.31876666666665,0.3764783085185467
0.5627923,0.0,9.849676,9.817964,a2.1.a0.real_tracker_v1.6457,a2.1.a0.real_tracker_v1.2310,893.0311666666666,366.05396666666667,0.40990009131809924
0.1675221,0.0,10.19292,10.1612,a2.1.a0.real_tracker_v1.6457,a2.1.a0.real_tracker_v1.2310,896.2184333333335,223.0369333333333,0.24886420115192764
-0.2277481,-5.551115e-17,10.53616,10.50444,a2.1.a0.real_tracker_v1.6457,a2.1.a0.real_tracker_v1.2310,896.1770666666666,337.0203666666667,0.3760640649466167
0.5627923,0.2595,9.849676,9.817964,a2.1.a0.real_tracker_v1.6457,a2.1.a0.real_tracker_v1.2310,893.0529,368.27143333333333,0.4123731314910929
0.1675221,0.2595,10.19292,10.1612,a2.1.a0.real_tracker_v1.6457,a2.1.a0.real_tracker_v1.2310,895.2827000000001,242.43516666666667,0.2707914448421955
-0.2277481,0.2595,10.53616,10.50444,a2.1.a0.real_tracker_v1.6457,a2.1.a0.real_tracker_v1.2310,895.9744666666667,338.33709999999996,0.3776187100956335
