x,y,z,rearZ,mattype,rearMat,Wm2Front,Wm2Back,Back/FrontRatio
0.5235,-0.2595,5.2555,5.2135,a2.1.a0.real_tracker_v1.6457,a2.1.a0.real_tracker_v1.2310,8096.697337866668,3000.5232778,0.3705860281056961
0.0,-0.25950000000000006,5.2555,5.2135,a2.1.a0.real_tracker_v1.6457,a2.1.a0.real_tracker_v1.2310,8100.586551499999,2009.2641813666667,0.2480393142587056
-0.5235,-0.25950000000000006,5.2555,5.2135,a2.1.a0.real_tracker_v1.6457,a2.1.a0.real_tracker_v1.2310,8104.868421499999,3009.5833139999995,0.3713302654841544
0.5235,0.0,5.2555,5.2135,a2.1.a0.real_tracker_v1.6457,a2.1.a0.real_tracker_v1.2310,8099.566647966666,3015.134680466667,0.37225871941739913
-1.588979221893691e-17,-5.551115123125783e-17,5.2555,5.2135,a2.1.a0.real_tracker_v1.6457,a2.1.a0.real_tracker_v1.2310,8106.051441200002,2010.2653585,0.24799560243190394
-0.5235,-5.551115123125783e-17,5.2555,5.2135,a2.1.a0.real_tracker_v1.6457,a2.1.a0.real_tracker_v1.2310,8100.276511200001,3024.5479493,0.3733881888760048
0.5235,0.2595,5.2555,5.2135,a2.1.a0.real_tracker_v1.6457,a2.1.a0.real_tracker_v1.2310,8101.3174411,3038.0327558333333,0.3750047326149579
-3.177958443787382e-17,0.25949999999999995,5.2555,5.2135,a2.1.a0.real_tracker_v1.6457,a2.1.a0.real_tracker_v1.2310,8105.5126809,2185.4748242666665,0.2696281704411362
-0.5235,0.25949999999999995,5.2555,5.2135,a2.1.a0.real_tracker_v1.6457,a2.1.a0.real_tracker_v1.2310,8098.970967566667,3046.466306166667,0.3761546920234589
