x,y,z,rearZ,mattype,rearMat,Wm2Front,Wm2Back,Back/FrontRatio
6.391522,-3.1315,1.450138,1.420331,a0.0.a0.real_tracker_v1.6457,a0.0.a0.real_tracker_v1.2310,476.8332666666667,84.48933666666666,0.1771880558360319
6.019998,-3.1315,1.081327,1.05152,a0.0.a0.real_tracker_v1.6457,a0.0.a0.real_tracker_v1.2310,471.60836666666665,58.52447,0.12409522400636516
5.648473,-3.1315,0.7125156,0.6827084,a0.0.a0.real_tracker_v1.6457,a0.0.a0.real_tracker_v1.2310,464.03863333333334,74.02706,0.1595274512830765
6.391522,-2.872,1.450138,1.420331,a0.0.a0.real_tracker_v1.6457,a0.0.a0.real_tracker_v1.2310,476.41069999999996,81.73852,0.17157118517450348
6.019998,-2.872,1.081327,1.05152,a0.0.a0.real_tracker_v1.6457,a0.0.a0.real_tracker_v1.2310,470.847,54.07314666666667,0.11484204385845682
5.648473,-2.872,0.7125156,0.6827084,a0.0.a0.real_tracker_v1.6457,a0.0.a0.real_tracker_v1.2310,463.4868333333333,68.50995,0.14781391241122116
6.391522,-2.6125,1.450138,1.420331,a0.0.a0.real_tracker_v1.6457,a0.0.a0.real_tracker_v1.2310,476.83829999999995,79.93118666666668,0.1676270950541759
6.019998,-2.6125,1.081327,1.05152,a0.0.a0.real_tracker_v1.6457,a0.0.a0.real_tracker_v1.2310,470.0841666666667,57.42340000000001,0.12215531157297385
5.648473,-2.6125,0.7125156,0.6827084,a0.0.a0.real_tracker_v1.6457,a0.0.a0.real_tracker_v1.2310,462.93356666666665,65.79086666666666,0.1421169888876304
