x,y,z,rearZ,mattype,rearMat,Wm2Front,Wm2Back,Back/FrontRatio
6.39325,-3.1315,1.449534,1.419634,a0.0.a0.real_tracker_v1.6457,a0.0.a0.real_tracker_v1.2310,898.3385666666667,225.28853333333333,0.2507832691476315
6.020568,-3.1315,1.081891,1.051991,a0.0.a0.real_tracker_v1.6457,a0.0.a0.real_tracker_v1.2310,897.5255666666667,156.6424,0.1745267558839577
5.647887,-3.1315,0.7142492,0.6843492,a0.0.a0.real_tracker_v1.6457,a0.0.a0.real_tracker_v1.2310,897.1247,195.86599999999999,0.21832614983608206
6.39325,-2.872,1.449534,1.419634,a0.0.a0.real_tracker_v1.6457,a0.0.a0.real_tracker_v1.2310,897.9469666666668,218.95936666666668,0.24384415889873945
6.020568,-2.872,1.081891,1.051991,a0.0.a0.real_tracker_v1.6457,a0.0.a0.real_tracker_v1.2310,897.1201666666666,153.96646666666666,0.17162282240953333
5.647887,-2.872,0.7142492,0.6843492,a0.0.a0.real_tracker_v1.6457,a0.0.a0.real_tracker_v1.2310,896.6375666666667,195.69613333333334,0.21825531558479697
6.39325,-2.6125,1.449534,1.419634,a0.0.a0.real_tracker_v1.6457,a0.0.a0.real_tracker_v1.2310,897.5626333333333,213.47976666666668,0.23784360098665616
6.020568,-2.6125,1.081891,1.051991,a0.0.a0.real_tracker_v1.6457,a0.0.a0.real_tracker_v1.2310,896.7231666666667,170.0681,0.1896548641397531
5.647887,-2.6125,0.7142492,0.6843492,a0.0.a0.real_tracker_v1.6457,a0.0.a0.real_tracker_v1.2310,895.0556333333334,202.70473333333334,0.2264714050310187
