x,y,z,rearZ,mattype,rearMat,Wm2Front,Wm2Back,Back/FrontRatio
6.705165,-3.1315,0.60993,0.586371,a0.0.a0.real_tracker_v1.6457,a0.0.a0.real_tracker_v1.2310,861.1056,129.01160000000002,0.14982070744783518
6.411519,-3.1315,1.043317,1.019758,a0.0.a0.real_tracker_v1.6457,a0.0.a0.real_tracker_v1.2310,861.1134333333333,96.54696333333334,0.11211862163267268
6.117874,-3.1315,1.476704,1.453145,a0.0.a0.real_tracker_v1.6457,a0.0.a0.real_tracker_v1.2310,861.2880666666666,151.65313333333333,0.17607692841180073
6.705165,-2.872,0.60993,0.586371,a0.0.a0.real_tracker_v1.6457,a0.0.a0.real_tracker_v1.2310,861.0579666666666,126.67849999999999,0.14711942492207947
6.411519,-2.872,1.043317,1.019758,a0.0.a0.real_tracker_v1.6457,a0.0.a0.real_tracker_v1.2310,861.1622000000001,90.81981999999999,0.10546179864629607
6.117874,-2.872,1.476704,1.453145,a0.0.a0.real_tracker_v1.6457,a0.0.a0.real_tracker_v1.2310,861.3046666666665,146.93206666666666,0.17059224425552372
6.705165,-2.6125,0.60993,0.586371,a0.0.a0.real_tracker_v1.6457,a0.0.a0.real_tracker_v1.2310,861.4051333333333,132.9458,0.15433579452882157
6.411519,-2.6125,1.043317,1.019758,a0.0.a0.real_tracker_v1.6457,a0.0.a0.real_tracker_v1.2310,861.6274,100.55436666666667,0.11670270695193737
6.117874,-2.6125,1.476704,1.453145,a0.0.a0.real_tracker_v1.6457,a0.0.a0.real_tracker_v1.2310,861.3224333333334,142.0133,0.16487801736730487
