x,y,z,rearZ,mattype,rearMat,Wm2Front,Wm2Back,Back/FrontRatio
6.773089,-3.1315,1.004408,0.9639734,a0.0.a0.real_tracker_v1.6457,a0.0.a0.real_tracker_v1.2310,94.93282,32.923336666666664,0.34680303254063366
6.269095,-3.1315,1.14598,1.105545,a0.0.a0.real_tracker_v1.6457,a0.0.a0.real_tracker_v1.2310,94.95873999999999,23.97833,0.2525104849697356
5.765102,-3.1315,1.287551,1.247116,a0.0.a0.real_tracker_v1.6457,a0.0.a0.real_tracker_v1.2310,95.09363,31.991866666666667,0.33642138012069306
6.773089,-2.872,1.004408,0.9639734,a0.0.a0.real_tracker_v1.6457,a0.0.a0.real_tracker_v1.2310,94.91473,32.44448666666667,0.34182412827322367
6.269095,-2.872,1.14598,1.105545,a0.0.a0.real_tracker_v1.6457,a0.0.a0.real_tracker_v1.2310,94.99849999999999,22.63123333333333,0.23822476258646974
5.765102,-2.872,1.287551,1.247116,a0.0.a0.real_tracker_v1.6457,a0.0.a0.real_tracker_v1.2310,95.07099999999998,31.499920000000003,0.3313269942780209
6.773089,-2.6125,1.004408,0.9639734,a0.0.a0.real_tracker_v1.6457,a0.0.a0.real_tracker_v1.2310,94.89853999999998,31.983676666666668,0.3370266775441343
6.269095,-2.6125,1.14598,1.105545,a0.0.a0.real_tracker_v1.6457,a0.0.a0.real_tracker_v1.2310,94.97964,23.14209333333333,0.24365063589099137
5.765102,-2.6125,1.287551,1.247116,a0.0.a0.real_tracker_v1.6457,a0.0.a0.real_tracker_v1.2310,95.05008,30.90000333333333,0.32508839808378115
