x,y,z,rearZ,mattype,rearMat,Wm2Front,Wm2Back,Back/FrontRatio
6.782337,-3.1315,0.9146917,0.8764947,a0.0.a0.real_tracker_v1.6457,a0.0.a0.real_tracker_v1.2310,886.8088000000001,274.7075666666667,0.30977055809111115
6.306238,-3.1315,1.132365,1.094168,a0.0.a0.real_tracker_v1.6457,a0.0.a0.real_tracker_v1.2310,886.8951000000001,215.75366666666665,0.24326825506016617
5.830139,-3.1315,1.350039,1.311842,a0.0.a0.real_tracker_v1.6457,a0.0.a0.real_tracker_v1.2310,887.0333,280.79330000000004,0.31655292247436206
6.782337,-2.872,0.9146917,0.8764947,a0.0.a0.real_tracker_v1.6457,a0.0.a0.real_tracker_v1.2310,886.8923,276.17723333333333,0.31139848878476517
6.306238,-2.872,1.132365,1.094168,a0.0.a0.real_tracker_v1.6457,a0.0.a0.real_tracker_v1.2310,886.8722000000001,210.88326666666669,0.23778288335544095
5.830139,-2.872,1.350039,1.311842,a0.0.a0.real_tracker_v1.6457,a0.0.a0.real_tracker_v1.2310,887.0155,272.5740666666666,0.3072931187488244
6.782337,-2.6125,0.9146917,0.8764947,a0.0.a0.real_tracker_v1.6457,a0.0.a0.real_tracker_v1.2310,887.007,273.44429999999994,0.3082771519535336
6.306238,-2.6125,1.132365,1.094168,a0.0.a0.real_tracker_v1.6457,a0.0.a0.real_tracker_v1.2310,886.8544,228.57576666666668,0.25773735680773513
5.830139,-2.6125,1.350039,1.311842,a0.0.a0.real_tracker_v1.6457,a0.0.a0.real_tracker_v1.2310,886.3575,264.6287,0.2985571865108757
