x,y,z,rearZ,mattype,rearMat,Wm2Front,Wm2Back,Back/FrontRatio
6.762792,-3.1315,0.7496761,0.7179638,a0.0.a0.real_tracker_v1.6457,a0.0.a0.real_tracker_v1.2310,909.1443333333333,205.88933333333333,0.22646470897942245
6.367522,-3.1315,1.092916,1.061204,a0.0.a0.real_tracker_v1.6457,a0.0.a0.real_tracker_v1.2310,909.0109333333334,158.10583333333332,0.17393152667816095
5.972252,-3.1315,1.436156,1.404444,a0.0.a0.real_tracker_v1.6457,a0.0.a0.real_tracker_v1.2310,908.6749999999998,220.77009999999999,0.24295799602938783
6.762792,-2.872,0.7496761,0.7179638,a0.0.a0.real_tracker_v1.6457,a0.0.a0.real_tracker_v1.2310,909.1887333333334,209.32663333333335,0.23023426866676747
6.367522,-2.872,1.092916,1.061204,a0.0.a0.real_tracker_v1.6457,a0.0.a0.real_tracker_v1.2310,908.866,153.68763333333334,0.1690980455152771
5.972252,-2.872,1.436156,1.404444,a0.0.a0.real_tracker_v1.6457,a0.0.a0.real_tracker_v1.2310,908.7643666666667,213.54196666666667,0.23498030899871808
6.762792,-2.6125,0.7496761,0.7179638,a0.0.a0.real_tracker_v1.6457,a0.0.a0.real_tracker_v1.2310,909.3339,213.4366,0.2347172642334524
6.367522,-2.6125,1.092916,1.061204,a0.0.a0.real_tracker_v1.6457,a0.0.a0.real_tracker_v1.2310,908.7144,170.67413333333334,0.18781912723536254
5.972252,-2.6125,1.436156,1.404444,a0.0.a0.real_tracker_v1.6457,a0.0.a0.real_tracker_v1.2310,908.8475333333332,208.6277,0.22955167153632058
