x,y,z,rearZ,mattype,rearMat,Wm2Front,Wm2Back,Back/FrontRatio
6.537898,-3.1315,1.374507,1.337608,a0.0.a0.real_tracker_v1.6457,a0.0.a0.real_tracker_v1.2310,889.7763333333332,282.8561,0.3178953760716165
6.077968,-3.1315,1.124474,1.087574,a0.0.a0.real_tracker_v1.6457,a0.0.a0.real_tracker_v1.2310,889.0610666666666,212.39593333333335,0.23889888152540684
5.618038,-3.1315,0.8744404,0.8375406,a0.0.a0.real_tracker_v1.6457,a0.0.a0.real_tracker_v1.2310,887.0199333333334,269.7981666666667,0.30416211898494094
6.537898,-2.872,1.374507,1.337608,a0.0.a0.real_tracker_v1.6457,a0.0.a0.real_tracker_v1.2310,889.9465999999999,277.17019999999997,0.31144552780410895
6.077968,-2.872,1.124474,1.087574,a0.0.a0.real_tracker_v1.6457,a0.0.a0.real_tracker_v1.2310,887.4280333333332,208.73266666666666,0.23521054509861092
5.618038,-2.872,0.8744404,0.8375406,a0.0.a0.real_tracker_v1.6457,a0.0.a0.real_tracker_v1.2310,887.0020666666666,269.2102333333333,0.3035054144119457
6.537898,-2.6125,1.374507,1.337608,a0.0.a0.real_tracker_v1.6457,a0.0.a0.real_tracker_v1.2310,889.3772,270.8488666666667,0.3045373348106202
6.077968,-2.6125,1.124474,1.087574,a0.0.a0.real_tracker_v1.6457,a0.0.a0.real_tracker_v1.2310,887.2389666666668,229.5215333333333,0.2586916076330946
5.618038,-2.6125,0.8744404,0.8375406,a0.0.a0.real_tracker_v1.6457,a0.0.a0.real_tracker_v1.2310,886.9770666666667,268.62593333333336,0.30285521528491766
