x,y,z,rearZ,mattype,rearMat,Wm2Front,Wm2Back,Back/FrontRatio
6.750503,-3.1315,1.09047,1.048776,a0.0.a0.real_tracker_v1.6457,a0.0.a0.real_tracker_v1.2310,856.6969,313.4428666666667,0.36587327535957154
6.230828,-3.1315,1.153633,1.11194,a0.0.a0.real_tracker_v1.6457,a0.0.a0.real_tracker_v1.2310,856.6802000000001,248.31366666666668,0.28985539389292847
5.711152,-3.1315,1.216797,1.175104,a0.0.a0.real_tracker_v1.6457,a0.0.a0.real_tracker_v1.2310,856.6662,312.5069666666667,0.3647938974045775
6.750503,-2.872,1.09047,1.048776,a0.0.a0.real_tracker_v1.6457,a0.0.a0.real_tracker_v1.2310,856.7286,306.71046666666666,0.3580014822257415
6.230828,-2.872,1.153633,1.11194,a0.0.a0.real_tracker_v1.6457,a0.0.a0.real_tracker_v1.2310,856.7145,243.94050000000001,0.2847392162275575
5.711152,-2.872,1.216797,1.175104,a0.0.a0.real_tracker_v1.6457,a0.0.a0.real_tracker_v1.2310,856.7005,301.9750666666667,0.3524857452294255
6.750503,-2.6125,1.09047,1.048776,a0.0.a0.real_tracker_v1.6457,a0.0.a0.real_tracker_v1.2310,856.7629000000001,299.3399,0.3493843519784155
6.230828,-2.6125,1.153633,1.11194,a0.0.a0.real_tracker_v1.6457,a0.0.a0.real_tracker_v1.2310,856.7488,268.7411333333334,0.3136751631962253
5.711152,-2.6125,1.216797,1.175104,a0.0.a0.real_tracker_v1.6457,a0.0.a0.real_tracker_v1.2310,856.7347,296.45803333333333,0.34603207655912244
