x,y,z,rearZ,mattype,rearMat,Wm2Front,Wm2Back,Back/FrontRatio
6.622583,-3.1315,0.4990563,0.4843545,a0.0.a0.real_tracker_v1.6457,a0.0.a0.real_tracker_v1.2310,594.8339333333332,78.18860666666667,0.13144588907802326
6.439335,-3.1315,0.9894362,0.9747344,a0.0.a0.real_tracker_v1.6457,a0.0.a0.real_tracker_v1.2310,595.8643000000001,63.01961333333333,0.10576150907484179
6.256087,-3.1315,1.479816,1.465114,a0.0.a0.real_tracker_v1.6457,a0.0.a0.real_tracker_v1.2310,596.2907666666666,97.92975,0.16423126307350772
6.622583,-2.872,0.4990563,0.4843545,a0.0.a0.real_tracker_v1.6457,a0.0.a0.real_tracker_v1.2310,594.9141,74.47706333333333,0.12518939817350971
6.439335,-2.872,0.9894362,0.9747344,a0.0.a0.real_tracker_v1.6457,a0.0.a0.real_tracker_v1.2310,595.9369666666666,57.35758333333333,0.0962475736428719
6.256087,-2.872,1.479816,1.465114,a0.0.a0.real_tracker_v1.6457,a0.0.a0.real_tracker_v1.2310,596.2108333333333,94.3131,0.15818723266982013
6.622583,-2.6125,0.4990563,0.4843545,a0.0.a0.real_tracker_v1.6457,a0.0.a0.real_tracker_v1.2310,595.1150333333334,76.95038333333333,0.12930315942308393
6.439335,-2.6125,0.9894362,0.9747344,a0.0.a0.real_tracker_v1.6457,a0.0.a0.real_tracker_v1.2310,595.8027333333333,63.89536999999999,0.10724231223346926
6.256087,-2.6125,1.479816,1.465114,a0.0.a0.real_tracker_v1.6457,a0.0.a0.real_tracker_v1.2310,596.1306666666668,91.41522000000002,0.15334736453635803
