x,y,z,rearZ,mattype,rearMat,Wm2Front,Wm2Back,Back/FrontRatio
6.664456,-3.1315,1.251587,1.210374,a0.0.a0.real_tracker_v1.6457,a0.0.a0.real_tracker_v1.2310,857.9337999999999,311.5989666666667,0.363196558370947
6.150767,-3.1315,1.150712,1.109499,a0.0.a0.real_tracker_v1.6457,a0.0.a0.real_tracker_v1.2310,857.9935666666667,245.52083333333334,0.28615662950779375
5.637078,-3.1315,1.049837,1.008624,a0.0.a0.real_tracker_v1.6457,a0.0.a0.real_tracker_v1.2310,858.0557333333333,303.89360000000005,0.35416492662373306
6.664456,-2.872,1.251587,1.210374,a0.0.a0.real_tracker_v1.6457,a0.0.a0.real_tracker_v1.2310,857.8750999999999,305.2196,0.3557851769037511
6.150767,-2.872,1.150712,1.109499,a0.0.a0.real_tracker_v1.6457,a0.0.a0.real_tracker_v1.2310,857.9372666666667,241.62069999999997,0.28162947077621897
5.637078,-2.872,1.049837,1.008624,a0.0.a0.real_tracker_v1.6457,a0.0.a0.real_tracker_v1.2310,857.9994333333334,306.17196666666666,0.35684360376974167
6.664456,-2.6125,1.251587,1.210374,a0.0.a0.real_tracker_v1.6457,a0.0.a0.real_tracker_v1.2310,857.8187333333334,299.51276666666666,0.3491558366264365
6.150767,-2.6125,1.150712,1.109499,a0.0.a0.real_tracker_v1.6457,a0.0.a0.real_tracker_v1.2310,857.8809333333332,265.4542666666667,0.3094298368485672
5.637078,-2.6125,1.049837,1.008624,a0.0.a0.real_tracker_v1.6457,a0.0.a0.real_tracker_v1.2310,857.7452666666667,298.85726666666665,0.34842153009662374
