x,y,z,rearZ,mattype,rearMat,Wm2Front,Wm2Back,Back/FrontRatio
6.248489,-3.1315,1.480501,1.459001,a0.0.a0.real_tracker_v1.6457,a0.0.a0.real_tracker_v1.2310,832.5126666666666,151.1335,0.1815387615258368
5.980513,-3.1315,1.030789,1.009289,a0.0.a0.real_tracker_v1.6457,a0.0.a0.real_tracker_v1.2310,829.2448,93.68631,0.11297773229602127
5.712537,-3.1315,0.5810764,0.5595769,a0.0.a0.real_tracker_v1.6457,a0.0.a0.real_tracker_v1.2310,825.5073666666667,119.5382,0.1448055584011646
6.248489,-2.872,1.480501,1.459001,a0.0.a0.real_tracker_v1.6457,a0.0.a0.real_tracker_v1.2310,831.6024000000001,144.59650000000002,0.17387675423164456
5.980513,-2.872,1.030789,1.009289,a0.0.a0.real_tracker_v1.6457,a0.0.a0.real_tracker_v1.2310,828.0532666666667,87.88571,0.10613520579247061
5.712537,-2.872,0.5810764,0.5595769,a0.0.a0.real_tracker_v1.6457,a0.0.a0.real_tracker_v1.2310,824.0671666666667,115.78863333333334,0.14050856229733422
6.248489,-2.6125,1.480501,1.459001,a0.0.a0.real_tracker_v1.6457,a0.0.a0.real_tracker_v1.2310,830.692,143.06433333333334,0.17222287094429992
5.980513,-2.6125,1.030789,1.009289,a0.0.a0.real_tracker_v1.6457,a0.0.a0.real_tracker_v1.2310,826.8616000000001,96.87113,0.11715505091172342
5.712537,-2.6125,0.5810764,0.5595769,a0.0.a0.real_tracker_v1.6457,a0.0.a0.real_tracker_v1.2310,822.3924999999999,121.97936666666665,0.14832238662716407
