x,y,z,rearZ,mattype,rearMat,Wm2Front,Wm2Back,Back/FrontRatio
6.725491,-3.1315,1.151381,1.109382,a0.0.a0.real_tracker_v1.6457,a0.0.a0.real_tracker_v1.2310,0.9878389,0.47360696666666663,0.47895260458166306
6.202007,-3.1315,1.155492,1.113493,a0.0.a0.real_tracker_v1.6457,a0.0.a0.real_tracker_v1.2310,0.9878399999999999,0.3693911333333333,0.37356006364359584
5.678523,-3.1315,1.159604,1.117605,a0.0.a0.real_tracker_v1.6457,a0.0.a0.real_tracker_v1.2310,0.9878411000000001,0.4731897333333333,0.47852959725615496
6.725491,-2.872,1.151381,1.109382,a0.0.a0.real_tracker_v1.6457,a0.0.a0.real_tracker_v1.2310,0.9878389,0.4558471333333333,0.4609923146564454
6.202007,-2.872,1.155492,1.113493,a0.0.a0.real_tracker_v1.6457,a0.0.a0.real_tracker_v1.2310,0.9878399999999999,0.3410369,0.34488582581610777
5.678523,-2.872,1.159604,1.117605,a0.0.a0.real_tracker_v1.6457,a0.0.a0.real_tracker_v1.2310,0.9878411000000001,0.45537959999999994,0.4605184796627081
6.725491,-2.6125,1.151381,1.109382,a0.0.a0.real_tracker_v1.6457,a0.0.a0.real_tracker_v1.2310,0.987839,0.44097986666666666,0.4459571949191594
6.202007,-2.6125,1.155492,1.113493,a0.0.a0.real_tracker_v1.6457,a0.0.a0.real_tracker_v1.2310,0.9878399999999999,0.342509,0.34637453986489225
5.678523,-2.6125,1.159604,1.117605,a0.0.a0.real_tracker_v1.6457,a0.0.a0.real_tracker_v1.2310,0.9878411000000001,0.44061996666666664,0.4455922864317296
