x,y,z,rearZ,mattype,rearMat,Wm2Front,Wm2Back,Back/FrontRatio
-5.617663,4.0485,0.9146917,0.8764947,a5.2.a0.real_tracker_v1.6457,a5.2.a0.real_tracker_v1.2310,879.3140666666668,319.04703333333333,0.3628358542095567
-6.093762,4.0485,1.132365,1.094168,a5.2.a0.real_tracker_v1.6457,a5.2.a0.real_tracker_v1.2310,879.2428,240.22153333333335,0.27321379273113255
-6.569861,4.0485,1.350039,1.311842,a5.2.a0.real_tracker_v1.6457,a5.2.a0.real_tracker_v1.2310,881.2331,350.37879999999996,0.39760013826065055
-5.617663,4.308,0.9146917,0.8764947,a5.2.a0.real_tracker_v1.6457,a5.2.a0.real_tracker_v1.2310,879.7532666666667,362.3277666666667,0.41185110478577586
-6.093762,4.308,1.132365,1.094168,a5.2.a0.real_tracker_v1.6457,a5.2.a0.real_tracker_v1.2310,881.1976333333333,259.4395,0.29441659370102674
-6.569861,4.308,1.350039,1.311842,a5.2.a0.real_tracker_v1.6457,a5.2.a0.real_tracker_v1.2310,881.4141,377.23049999999995,0.4279827972087158
-5.617663,4.5675,0.9146917,0.8764947,a5.2.a0.real_tracker_v1.6457,a5.2.a0.real_tracker_v1.2310,880.1989666666668,395.54816666666665,0.44938443722579846
-6.093762,4.5675,1.132365,1.094168,a5.2.a0.real_tracker_v1.6457,a5.2.a0.real_tracker_v1.2310,881.3834666666668,301.0874333333333,0.34160737421663956
-6.569861,4.5675,1.350039,1.311842,a5.2.a0.real_tracker_v1.6457,a5.2.a0.real_tracker_v1.2310,881.5999666666667,400.11010000000005,0.4538448970998936
