x,y,z,rearZ,mattype,rearMat,Wm2Front,Wm2Back,Back/FrontRatio
-5.777417,4.0485,0.4990563,0.4843545,a5.2.a0.real_tracker_v1.6457,a5.2.a0.real_tracker_v1.2310,564.2258999999999,84.08578999999999,0.14902832530671614
-5.960665,4.0485,0.9894362,0.9747344,a5.2.a0.real_tracker_v1.6457,a5.2.a0.real_tracker_v1.2310,569.5077,62.74147666666667,0.11016772292796699
-6.143913,4.0485,1.479816,1.465114,a5.2.a0.real_tracker_v1.6457,a5.2.a0.real_tracker_v1.2310,574.7323666666666,110.72416666666668,0.19265310331440072
-5.777417,4.308,0.4990563,0.4843545,a5.2.a0.real_tracker_v1.6457,a5.2.a0.real_tracker_v1.2310,567.6578333333333,87.56096333333333,0.15424927472575226
-5.960665,4.308,0.9894362,0.9747344,a5.2.a0.real_tracker_v1.6457,a5.2.a0.real_tracker_v1.2310,571.6515333333333,64.39201333333334,0.11264187522770244
-6.143913,4.308,1.479816,1.465114,a5.2.a0.real_tracker_v1.6457,a5.2.a0.real_tracker_v1.2310,576.1454666666667,113.86653333333334,0.19763469867673694
-5.777417,4.5675,0.4990563,0.4843545,a5.2.a0.real_tracker_v1.6457,a5.2.a0.real_tracker_v1.2310,571.2111333333334,97.94489666666668,0.17146851572480606
-5.960665,4.5675,0.9894362,0.9747344,a5.2.a0.real_tracker_v1.6457,a5.2.a0.real_tracker_v1.2310,573.9171333333334,75.27188,0.13115438531767365
-6.143913,4.5675,1.479816,1.465114,a5.2.a0.real_tracker_v1.6457,a5.2.a0.real_tracker_v1.2310,577.7071,117.68716666666667,0.2037138940351826
