x,y,z,rearZ,mattype,rearMat,Wm2Front,Wm2Back,Back/FrontRatio
-5.694835,4.0485,0.60993,0.586371,a5.2.a0.real_tracker_v1.6457,a5.2.a0.real_tracker_v1.2310,838.9034,145.30933333333334,0.17321322111713008
-5.988481,4.0485,1.043317,1.019758,a5.2.a0.real_tracker_v1.6457,a5.2.a0.real_tracker_v1.2310,838.6283,107.51843333333333,0.12820734182949886
-6.282126,4.0485,1.476704,1.453145,a5.2.a0.real_tracker_v1.6457,a5.2.a0.real_tracker_v1.2310,841.6628000000001,186.9611,0.22213275657097284
-5.694835,4.308,0.60993,0.586371,a5.2.a0.real_tracker_v1.6457,a5.2.a0.real_tracker_v1.2310,840.5329333333334,158.83403333333334,0.18896802024808199
-5.988481,4.308,1.043317,1.019758,a5.2.a0.real_tracker_v1.6457,a5.2.a0.real_tracker_v1.2310,840.1647666666668,113.27793333333334,0.1348280753960736
-6.282126,4.308,1.476704,1.453145,a5.2.a0.real_tracker_v1.6457,a5.2.a0.real_tracker_v1.2310,842.7137333333334,197.03346666666667,0.23380802408343637
-5.694835,4.5675,0.60993,0.586371,a5.2.a0.real_tracker_v1.6457,a5.2.a0.real_tracker_v1.2310,841.9518666666667,184.57870000000003,0.21922687992114845
-5.988481,4.5675,1.043317,1.019758,a5.2.a0.real_tracker_v1.6457,a5.2.a0.real_tracker_v1.2310,841.5928666666667,136.27353333333332,0.1619231540660784
-6.282126,4.5675,1.476704,1.453145,a5.2.a0.real_tracker_v1.6457,a5.2.a0.real_tracker_v1.2310,843.7662333333334,206.62783333333334,0.2448872451671802
