x,y,z,rearZ,mattype,rearMat,Wm2Front,Wm2Back,Back/FrontRatio
-5.862102,4.0485,1.374507,1.337608,a5.2.a0.real_tracker_v1.6457,a5.2.a0.real_tracker_v1.2310,897.3047,323.57693333333333,0.36060947047737835
-6.322032,4.0485,1.124474,1.087574,a5.2.a0.real_tracker_v1.6457,a5.2.a0.real_tracker_v1.2310,897.0983,222.52013333333335,0.24804403852877085
-6.781962,4.0485,0.8744404,0.8375406,a5.2.a0.real_tracker_v1.6457,a5.2.a0.real_tracker_v1.2310,897.1841,306.3233333333333,0.34142712951132753
-5.862102,4.308,1.374507,1.337608,a5.2.a0.real_tracker_v1.6457,a5.2.a0.real_tracker_v1.2310,897.3394,345.80366666666663,0.3853650929643496
-6.322032,4.308,1.124474,1.087574,a5.2.a0.real_tracker_v1.6457,a5.2.a0.real_tracker_v1.2310,897.1382,236.28646666666666,0.263377708461147
-6.781962,4.308,0.8744404,0.8375406,a5.2.a0.real_tracker_v1.6457,a5.2.a0.real_tracker_v1.2310,897.2592,341.14079999999996,0.38020275500908207
-5.862102,4.5675,1.374507,1.337608,a5.2.a0.real_tracker_v1.6457,a5.2.a0.real_tracker_v1.2310,897.3793,367.82766666666663,0.4098905075882172
-6.322032,4.5675,1.124474,1.087574,a5.2.a0.real_tracker_v1.6457,a5.2.a0.real_tracker_v1.2310,897.5251,277.4526333333333,0.3091304345726919
-6.781962,4.5675,0.8744404,0.8375406,a5.2.a0.real_tracker_v1.6457,a5.2.a0.real_tracker_v1.2310,897.3308000000001,379.4449666666667,0.42285915495992304
