x,y,z,rearZ,mattype,rearMat,Wm2Front,Wm2Back,Back/FrontRatio
-5.649497,4.0485,1.09047,1.048776,a5.2.a0.real_tracker_v1.6457,a5.2.a0.real_tracker_v1.2310,855.8970333333333,371.7890333333333,0.4343847267476293
-6.169172,4.0485,1.153633,1.11194,a5.2.a0.real_tracker_v1.6457,a5.2.a0.real_tracker_v1.2310,855.879,280.74959999999993,0.3280244894144038
-6.688848,4.0485,1.216797,1.175104,a5.2.a0.real_tracker_v1.6457,a5.2.a0.real_tracker_v1.2310,855.8626,384.57733333333334,0.44934418677617943
-5.649497,4.308,1.09047,1.048776,a5.2.a0.real_tracker_v1.6457,a5.2.a0.real_tracker_v1.2310,855.9105,409.5651333333333,0.4785134132831879
-6.169172,4.308,1.153633,1.11194,a5.2.a0.real_tracker_v1.6457,a5.2.a0.real_tracker_v1.2310,855.8940666666667,299.99420000000003,0.3505034807226369
-6.688848,4.308,1.216797,1.175104,a5.2.a0.real_tracker_v1.6457,a5.2.a0.real_tracker_v1.2310,855.8776333333334,418.0498,0.4884451880424323
-5.649497,4.5675,1.09047,1.048776,a5.2.a0.real_tracker_v1.6457,a5.2.a0.real_tracker_v1.2310,855.9254999999999,445.39226666666667,0.5203627492158108
-6.169172,4.5675,1.153633,1.11194,a5.2.a0.real_tracker_v1.6457,a5.2.a0.real_tracker_v1.2310,855.9091,341.7666666666667,0.3993020606564483
-6.688848,4.5675,1.216797,1.175104,a5.2.a0.real_tracker_v1.6457,a5.2.a0.real_tracker_v1.2310,855.8926666666666,449.80476666666664,0.5255381412254871
