x,y,z,rearZ,mattype,rearMat,Wm2Front,Wm2Back,Back/FrontRatio
-5.626911,4.0485,1.004408,0.9639734,a5.2.a0.real_tracker_v1.6457,a5.2.a0.real_tracker_v1.2310,93.40021666666667,26.93556666666667,0.2883856081103869
-6.130905,4.0485,1.14598,1.105545,a5.2.a0.real_tracker_v1.6457,a5.2.a0.real_tracker_v1.2310,94.05210333333333,20.586429999999996,0.2188809222704719
-6.634898,4.0485,1.287551,1.247116,a5.2.a0.real_tracker_v1.6457,a5.2.a0.real_tracker_v1.2310,94.19935666666667,27.155263333333334,0.2882713430632092
-5.626911,4.308,1.004408,0.9639734,a5.2.a0.real_tracker_v1.6457,a5.2.a0.real_tracker_v1.2310,93.87856666666669,28.330896666666664,0.30177915890110263
-6.130905,4.308,1.14598,1.105545,a5.2.a0.real_tracker_v1.6457,a5.2.a0.real_tracker_v1.2310,94.08758666666667,20.6353,0.2193177805200319
-6.634898,4.308,1.287551,1.247116,a5.2.a0.real_tracker_v1.6457,a5.2.a0.real_tracker_v1.2310,94.23646666666666,28.394976666666665,0.3013130304861053
-5.626911,4.5675,1.004408,0.9639734,a5.2.a0.real_tracker_v1.6457,a5.2.a0.real_tracker_v1.2310,93.79224666666666,30.203419999999998,0.32202126563909683
-6.130905,4.5675,1.14598,1.105545,a5.2.a0.real_tracker_v1.6457,a5.2.a0.real_tracker_v1.2310,94.07119999999999,22.805533333333333,0.2424258530504584
-6.634898,4.5675,1.287551,1.247116,a5.2.a0.real_tracker_v1.6457,a5.2.a0.real_tracker_v1.2310,94.49035666666667,29.725136666666668,0.3145804834988964
