x,y,z,rearZ,mattype,rearMat,Wm2Front,Wm2Back,Back/FrontRatio
-5.735544,4.0485,1.251587,1.210374,a5.2.a0.real_tracker_v1.6457,a5.2.a0.real_tracker_v1.2310,859.4303999999998,372.61966666666666,0.43356533944031683
-6.249233,4.0485,1.150712,1.109499,a5.2.a0.real_tracker_v1.6457,a5.2.a0.real_tracker_v1.2310,859.4071,275.10386666666665,0.32010853361361924
-6.762922,4.0485,1.049837,1.008624,a5.2.a0.real_tracker_v1.6457,a5.2.a0.real_tracker_v1.2310,859.3848000000002,365.199,0.42495349585715747
-5.735544,4.308,1.251587,1.210374,a5.2.a0.real_tracker_v1.6457,a5.2.a0.real_tracker_v1.2310,859.3911000000002,406.9334999999999,0.4735131961301481
-6.249233,4.308,1.150712,1.109499,a5.2.a0.real_tracker_v1.6457,a5.2.a0.real_tracker_v1.2310,859.3687999999999,291.65970000000004,0.3393878863325196
-6.762922,4.308,1.049837,1.008624,a5.2.a0.real_tracker_v1.6457,a5.2.a0.real_tracker_v1.2310,859.3465,403.6060666666667,0.4696657250607778
-5.735544,4.5675,1.251587,1.210374,a5.2.a0.real_tracker_v1.6457,a5.2.a0.real_tracker_v1.2310,859.3527,435.82633333333337,0.5071559397874628
-6.249233,4.5675,1.150712,1.109499,a5.2.a0.real_tracker_v1.6457,a5.2.a0.real_tracker_v1.2310,859.3304000000002,337.1184,0.39230313241201237
-6.762922,4.5675,1.049837,1.008624,a5.2.a0.real_tracker_v1.6457,a5.2.a0.real_tracker_v1.2310,859.3080999999999,439.5880666666667,0.5115598876663435
