x,y,z,rearZ,mattype,rearMat,Wm2Front,Wm2Back,Back/FrontRatio
-6.151511,4.0485,1.480501,1.459001,a5.2.a0.real_tracker_v1.6457,a5.2.a0.real_tracker_v1.2310,857.9698,147.11710000000002,0.17147098712450357
-6.419487,4.0485,1.030789,1.009289,a5.2.a0.real_tracker_v1.6457,a5.2.a0.real_tracker_v1.2310,857.8013000000001,78.61351,0.09164525439020156
-6.687463,4.0485,0.5810764,0.5595769,a5.2.a0.real_tracker_v1.6457,a5.2.a0.real_tracker_v1.2310,857.6404666666667,114.48593333333334,0.1334892700306313
-6.151511,4.308,1.480501,1.459001,a5.2.a0.real_tracker_v1.6457,a5.2.a0.real_tracker_v1.2310,857.8936,155.2233,0.18093516383014882
-6.419487,4.308,1.030789,1.009289,a5.2.a0.real_tracker_v1.6457,a5.2.a0.real_tracker_v1.2310,857.94,82.90197,0.09662898730798505
-6.687463,4.308,0.5810764,0.5595769,a5.2.a0.real_tracker_v1.6457,a5.2.a0.real_tracker_v1.2310,857.8227666666667,126.3798,0.14732606499244816
-6.151511,4.5675,1.480501,1.459001,a5.2.a0.real_tracker_v1.6457,a5.2.a0.real_tracker_v1.2310,857.8173,164.8158,0.19213369544576048
-6.419487,4.5675,1.030789,1.009289,a5.2.a0.real_tracker_v1.6457,a5.2.a0.real_tracker_v1.2310,857.6786333333333,107.58393333333333,0.12543603596509947
-6.687463,4.5675,0.5810764,0.5595769,a5.2.a0.real_tracker_v1.6457,a5.2.a0.real_tracker_v1.2310,857.9133999999999,150.04683333333332,0.17489720808198736
