x,y,z,rearZ,mattype,rearMat,Wm2Front,Wm2Back,Back/FrontRatio
-6.008478,4.0485,1.450138,1.420331,a5.2.a0.real_tracker_v1.6457,a5.2.a0.real_tracker_v1.2310,488.2866000000001,84.87843666666667,0.17382877768484528
-6.380002,4.0485,1.081327,1.05152,a5.2.a0.real_tracker_v1.6457,a5.2.a0.real_tracker_v1.2310,488.301,66.05807333333333,0.13528118527741712
-6.751527,4.0485,0.7125156,0.6827084,a5.2.a0.real_tracker_v1.6457,a5.2.a0.real_tracker_v1.2310,488.1193666666666,95.50755,0.19566393152617892
-6.008478,4.308,1.450138,1.420331,a5.2.a0.real_tracker_v1.6457,a5.2.a0.real_tracker_v1.2310,488.3217333333334,88.22808666666667,0.18067577166521429
-6.380002,4.308,1.081327,1.05152,a5.2.a0.real_tracker_v1.6457,a5.2.a0.real_tracker_v1.2310,488.3475,66.16156,0.13548021546088498
-6.751527,4.308,0.7125156,0.6827084,a5.2.a0.real_tracker_v1.6457,a5.2.a0.real_tracker_v1.2310,488.2075333333333,97.93597666666666,0.20060275472448388
-6.008478,4.5675,1.450138,1.420331,a5.2.a0.real_tracker_v1.6457,a5.2.a0.real_tracker_v1.2310,488.3541333333333,93.73564666666665,0.19194156110710142
-6.380002,4.5675,1.081327,1.05152,a5.2.a0.real_tracker_v1.6457,a5.2.a0.real_tracker_v1.2310,488.3916666666667,73.69471,0.15089233526574927
-6.751527,4.5675,0.7125156,0.6827084,a5.2.a0.real_tracker_v1.6457,a5.2.a0.real_tracker_v1.2310,488.2934666666667,103.1361,0.21121701563414536
