x,y,z,rearZ,mattype,rearMat,Wm2Front,Wm2Back,Back/FrontRatio
-5.637208,4.0485,0.7496761,0.7179638,a5.2.a0.real_tracker_v1.6457,a5.2.a0.real_tracker_v1.2310,893.6391,238.46453333333332,0.2668462766312001
-6.032478,4.0485,1.092916,1.061204,a5.2.a0.real_tracker_v1.6457,a5.2.a0.real_tracker_v1.2310,894.3035333333333,177.7917,0.19880442665019105
-6.427748,4.0485,1.436156,1.404444,a5.2.a0.real_tracker_v1.6457,a5.2.a0.real_tracker_v1.2310,893.3258999999999,278.1397,0.31135265265156575
-5.637208,4.308,0.7496761,0.7179638,a5.2.a0.real_tracker_v1.6457,a5.2.a0.real_tracker_v1.2310,894.4883,264.8266333333333,0.29606461847372945
-6.032478,4.308,1.092916,1.061204,a5.2.a0.real_tracker_v1.6457,a5.2.a0.real_tracker_v1.2310,894.9878666666667,188.68806666666669,0.21082727807489302
-6.427748,4.308,1.436156,1.404444,a5.2.a0.real_tracker_v1.6457,a5.2.a0.real_tracker_v1.2310,893.9297333333334,296.05086666666665,0.3311787542673888
-5.637208,4.5675,0.7496761,0.7179638,a5.2.a0.real_tracker_v1.6457,a5.2.a0.real_tracker_v1.2310,895.6914666666668,301.9572,0.33712151350757513
-6.032478,4.5675,1.092916,1.061204,a5.2.a0.real_tracker_v1.6457,a5.2.a0.real_tracker_v1.2310,895.6681666666667,223.45793333333336,0.24948713392128608
-6.427748,4.5675,1.436156,1.404444,a5.2.a0.real_tracker_v1.6457,a5.2.a0.real_tracker_v1.2310,894.5302333333334,312.6205333333333,0.34947972936439664
