x,y,z,rearZ,mattype,rearMat,Wm2Front,Wm2Back,Back/FrontRatio
-6.00675,4.0485,1.449534,1.419634,a5.2.a0.real_tracker_v1.6457,a5.2.a0.real_tracker_v1.2310,915.4108,236.8447,0.2587302239276356
-6.379432,4.0485,1.081891,1.051991,a5.2.a0.real_tracker_v1.6457,a5.2.a0.real_tracker_v1.2310,915.8973,147.02513333333334,0.16052561003042953
-6.752113,4.0485,0.7142492,0.6843492,a5.2.a0.real_tracker_v1.6457,a5.2.a0.real_tracker_v1.2310,915.9595333333333,206.60323333333335,0.2255590997807184
-6.00675,4.308,1.449534,1.419634,a5.2.a0.real_tracker_v1.6457,a5.2.a0.real_tracker_v1.2310,915.3291666666668,253.31593333333333,0.27674815335304326
-6.379432,4.308,1.081891,1.051991,a5.2.a0.real_tracker_v1.6457,a5.2.a0.real_tracker_v1.2310,915.8617,155.2036,0.16946164528809832
-6.752113,4.308,0.7142492,0.6843492,a5.2.a0.real_tracker_v1.6457,a5.2.a0.real_tracker_v1.2310,915.9909000000001,230.3936666666667,0.25152369433252264
-6.00675,4.5675,1.449534,1.419634,a5.2.a0.real_tracker_v1.6457,a5.2.a0.real_tracker_v1.2310,915.2571000000002,269.9556666666667,0.29495031692881674
-6.379432,4.5675,1.081891,1.051991,a5.2.a0.real_tracker_v1.6457,a5.2.a0.real_tracker_v1.2310,916.0275666666666,187.89610000000002,0.2051203497765736
-6.752113,4.5675,0.7142492,0.6843492,a5.2.a0.real_tracker_v1.6457,a5.2.a0.real_tracker_v1.2310,916.3805666666667,268.55183333333326,0.29305678235125265
