x,y,z,rearZ,mattype,rearMat,Wm2Front,Wm2Back,Back/FrontRatio
-5.674509,4.0485,1.151381,1.109382,a5.2.a0.real_tracker_v1.6457,a5.2.a0.real_tracker_v1.2310,0.9877427,0.44040406666666665,0.445418273800319
-6.197993,4.0485,1.155492,1.113493,a5.2.a0.real_tracker_v1.6457,a5.2.a0.real_tracker_v1.2310,0.9877433,0.3473597,0.3513143401325703
-6.721477,4.0485,1.159604,1.117605,a5.2.a0.real_tracker_v1.6457,a5.2.a0.real_tracker_v1.2310,0.9877436999999999,0.44360700000000003,0.4486572202685085
-5.674509,4.308,1.151381,1.109382,a5.2.a0.real_tracker_v1.6457,a5.2.a0.real_tracker_v1.2310,0.9877428,0.4563773666666667,0.46157339063977676
-6.197993,4.308,1.155492,1.113493,a5.2.a0.real_tracker_v1.6457,a5.2.a0.real_tracker_v1.2310,0.9877432,0.33766863333333336,0.341512976608419
-6.721477,4.308,1.159604,1.117605,a5.2.a0.real_tracker_v1.6457,a5.2.a0.real_tracker_v1.2310,0.9877436999999999,0.4580488,0.4632634321715527
-5.674509,4.5675,1.151381,1.109382,a5.2.a0.real_tracker_v1.6457,a5.2.a0.real_tracker_v1.2310,0.9877427,0.47416893333333326,0.4795675693315696
-6.197993,4.5675,1.155492,1.113493,a5.2.a0.real_tracker_v1.6457,a5.2.a0.real_tracker_v1.2310,0.9877432,0.36822553333333335,0.37241776563756224
-6.721477,4.5675,1.159604,1.117605,a5.2.a0.real_tracker_v1.6457,a5.2.a0.real_tracker_v1.2310,0.9877436,0.4753317666666666,0.4807432044735021
