x,y,z,rearZ,mattype,rearMat,Wm2Front,Wm2Back,Back/FrontRatio
-2.993,-6.7235,1.1555,1.1135,a1.0.a0.real_tracker_v1.6457,a1.0.a0.real_tracker_v1.2310,256.8578,108.27239999999999,0.42152497792561516
-2.993,-6.2,1.1555,1.1135,a1.0.a0.real_tracker_v1.6457,a1.0.a0.real_tracker_v1.2310,256.8522,71.56460666666666,0.278620654391951
-2.993,-5.6765,1.1555,1.1135,a1.0.a0.real_tracker_v1.6457,a1.0.a0.real_tracker_v1.2310,256.8487,68.58242,0.26701382170195254
-2.474,-6.7235,1.1555,1.1135,a1.0.a0.real_tracker_v1.6457,a1.0.a0.real_tracker_v1.2310,256.8682,107.67593333333332,0.41918584763503497
-2.474,-6.2,1.1555,1.1135,a1.0.a0.real_tracker_v1.6457,a1.0.a0.real_tracker_v1.2310,256.8647,71.67195333333332,0.2790250054146323
-2.474,-5.6765,1.1555,1.1135,a1.0.a0.real_tracker_v1.6457,a1.0.a0.real_tracker_v1.2310,256.8612,68.03268333333334,0.2648606269561397
-1.955,-6.7235,1.1555,1.1135,a1.0.a0.real_tracker_v1.6457,a1.0.a0.real_tracker_v1.2310,256.8806,108.8492,0.42373295712888737
-1.955,-6.2,1.1555,1.1135,a1.0.a0.real_tracker_v1.6457,a1.0.a0.real_tracker_v1.2310,256.8772,85.43339333333334,0.3325832761726505
-1.955,-5.6765,1.1555,1.1135,a1.0.a0.real_tracker_v1.6457,a1.0.a0.real_tracker_v1.2310,256.8737,70.84531666666668,0.27579717530245945
