x,y,z,rearZ,mattype,rearMat,Wm2Front,Wm2Back,Back/FrontRatio
2.993,6.7235,1.1555,1.1135,a1.0.a0.real_tracker_v1.6457,a1.0.a0.real_tracker_v1.2310,258.3962,119.80376666666666,0.4636418918884054
2.993,6.2,1.1555,1.1135,a1.0.a0.real_tracker_v1.6457,a1.0.a0.real_tracker_v1.2310,258.3862,95.44489333333333,0.36938708006175747
2.993,5.6765,1.1555,1.1135,a1.0.a0.real_tracker_v1.6457,a1.0.a0.real_tracker_v1.2310,258.3818,98.74100333333332,0.3821500631362975
2.474,6.7235,1.1555,1.1135,a1.0.a0.real_tracker_v1.6457,a1.0.a0.real_tracker_v1.2310,258.3737,114.03823333333332,0.44136764680649204
2.474,6.2,1.1555,1.1135,a1.0.a0.real_tracker_v1.6457,a1.0.a0.real_tracker_v1.2310,258.3693,76.57053333333333,0.2963596564052963
2.474,5.6765,1.1555,1.1135,a1.0.a0.real_tracker_v1.6457,a1.0.a0.real_tracker_v1.2310,258.3649,86.62487333333333,0.33527982343387164
1.955,6.7235,1.1555,1.1135,a1.0.a0.real_tracker_v1.6457,a1.0.a0.real_tracker_v1.2310,258.3568,110.22503333333333,0.42663714172102923
1.955,6.2,1.1555,1.1135,a1.0.a0.real_tracker_v1.6457,a1.0.a0.real_tracker_v1.2310,258.3524,74.34752999999999,0.2877745367392107
1.955,5.6765,1.1555,1.1135,a1.0.a0.real_tracker_v1.6457,a1.0.a0.real_tracker_v1.2310,258.3481,79.53346666666668,0.30785269492584527
