x,y,z,rearZ,mattype,rearMat,Wm2Front,Wm2Back,Back/FrontRatio
0.5235,-0.2595,1.1555,1.1135,a2.1.a0.real_tracker_v1.6457,a2.1.a0.real_tracker_v1.2310,5960.1361489,1298.5017418,0.217864406365154
0.0,-0.25950000000000006,1.1555,1.1135,a2.1.a0.real_tracker_v1.6457,a2.1.a0.real_tracker_v1.2310,5960.6420288,962.9935301333333,0.16155866497631946
-0.5235,-0.25950000000000006,1.1555,1.1135,a2.1.a0.real_tracker_v1.6457,a2.1.a0.real_tracker_v1.2310,5960.9518785,1302.8565898,0.21856515499378476
0.5235,0.0,1.1555,1.1135,a2.1.a0.real_tracker_v1.6457,a2.1.a0.real_tracker_v1.2310,5960.6244088,1317.5696498,0.22104553791533338
-1.588979221893691e-17,-5.551115123125783e-17,1.1555,1.1135,a2.1.a0.real_tracker_v1.6457,a2.1.a0.real_tracker_v1.2310,5961.1244486,950.4891886333332,0.15944794264589088
-0.5235,-5.551115123125783e-17,1.1555,1.1135,a2.1.a0.real_tracker_v1.6457,a2.1.a0.real_tracker_v1.2310,5960.981698400001,1325.2921332333333,0.22232779397079236
0.5235,0.2595,1.1555,1.1135,a2.1.a0.real_tracker_v1.6457,a2.1.a0.real_tracker_v1.2310,5960.9249386,1304.5775869333336,0.2188548558346508
-3.177958443787382e-17,0.25949999999999995,1.1555,1.1135,a2.1.a0.real_tracker_v1.6457,a2.1.a0.real_tracker_v1.2310,5961.0734884,1098.8657656333335,0.18434021714905255
-0.5235,0.25949999999999995,1.1555,1.1135,a2.1.a0.real_tracker_v1.6457,a2.1.a0.real_tracker_v1.2310,5961.030428200002,1310.6466053333334,0.2198690983464748
