x,y,z,rearZ,mattype,rearMat,Wm2Front,Wm2Back,Back/FrontRatio
0.5254905,-0.2595,1.151381,1.109382,a2.1.a0.real_tracker_v1.6457,a2.1.a0.real_tracker_v1.2310,0.9878863,0.3957186666666666,0.4001659914457978
0.002006672,-0.2595,1.155492,1.113493,a2.1.a0.real_tracker_v1.6457,a2.1.a0.real_tracker_v1.2310,0.9878865,0.3165914666666667,0.3201494475520363
-0.5214772,-0.2595,1.159604,1.117605,a2.1.a0.real_tracker_v1.6457,a2.1.a0.real_tracker_v1.2310,0.9878869,0.3922748333333333,0.3966832135538789
0.5254905,0.0,1.151381,1.109382,a2.1.a0.real_tracker_v1.6457,a2.1.a0.real_tracker_v1.2310,0.9878857,0.3923532,0.39676294237038723
0.002006672,-5.551115e-17,1.155492,1.113493,a2.1.a0.real_tracker_v1.6457,a2.1.a0.real_tracker_v1.2310,0.9878862,0.29562536666666667,0.29894781286933386
-0.5214772,-5.551115e-17,1.159604,1.117605,a2.1.a0.real_tracker_v1.6457,a2.1.a0.real_tracker_v1.2310,0.9878867000000001,0.3907074333333333,0.3950982790377636
0.5254905,0.2595,1.151381,1.109382,a2.1.a0.real_tracker_v1.6457,a2.1.a0.real_tracker_v1.2310,0.9878855,0.3914257666666667,0.3958251654682637
0.002006672,0.2595,1.155492,1.113493,a2.1.a0.real_tracker_v1.6457,a2.1.a0.real_tracker_v1.2310,0.987886,0.3143695,0.3179026702774637
-0.5214772,0.2595,1.159604,1.117605,a2.1.a0.real_tracker_v1.6457,a2.1.a0.real_tracker_v1.2310,0.9878865,0.3911218666666667,0.39551744984552495
