x,y,z,rearZ,mattype,rearMat,Wm2Front,Wm2Back,Back/FrontRatio
0.1932496,-0.2595,1.449534,1.419634,a2.1.a0.real_tracker_v1.6457,a2.1.a0.real_tracker_v1.2310,896.4099,174.7347,0.1949270139397011
-0.1794319,-0.2595,1.081891,1.051991,a2.1.a0.real_tracker_v1.6457,a2.1.a0.real_tracker_v1.2310,895.2411666666667,122.32206666666667,0.13663572966197415
-0.5521133,-0.2595,0.7142492,0.6843492,a2.1.a0.real_tracker_v1.6457,a2.1.a0.real_tracker_v1.2310,892.3232666666667,168.08933333333331,0.18837247804684454
0.1932496,0.0,1.449534,1.419634,a2.1.a0.real_tracker_v1.6457,a2.1.a0.real_tracker_v1.2310,896.0162999999999,173.65123333333335,0.19380343809581954
-0.1794319,0.0,1.081891,1.051991,a2.1.a0.real_tracker_v1.6457,a2.1.a0.real_tracker_v1.2310,895.6819666666667,128.7594,0.1437555527925078
-0.5521133,-5.551115e-17,0.7142492,0.6843492,a2.1.a0.real_tracker_v1.6457,a2.1.a0.real_tracker_v1.2310,892.4715,174.37833333333333,0.19538790644342915
0.1932496,0.2595,1.449534,1.419634,a2.1.a0.real_tracker_v1.6457,a2.1.a0.real_tracker_v1.2310,895.6302000000001,174.83013333333335,0.19520326372432464
-0.1794319,0.2595,1.081891,1.051991,a2.1.a0.real_tracker_v1.6457,a2.1.a0.real_tracker_v1.2310,896.1318333333332,145.42440000000002,0.16227995961164243
-0.5521133,0.2595,0.7142492,0.6843492,a2.1.a0.real_tracker_v1.6457,a2.1.a0.real_tracker_v1.2310,892.9758,182.3176,0.20416835017438303
