x,y,z,rearZ,mattype,rearMat,Wm2Front,Wm2Back,Back/FrontRatio
0.5051652,-0.2595,0.60993,0.586371,a2.1.a0.real_tracker_v1.6457,a2.1.a0.real_tracker_v1.2310,827.4550666666665,109.54703333333333,0.1323901506633867
0.2115194,-0.2595,1.043317,1.019758,a2.1.a0.real_tracker_v1.6457,a2.1.a0.real_tracker_v1.2310,830.5534333333334,80.34562,0.09673733204642858
-0.08212641,-0.2595,1.476704,1.453145,a2.1.a0.real_tracker_v1.6457,a2.1.a0.real_tracker_v1.2310,834.0870666666666,128.2319,0.15373904162478128
0.5051652,0.0,0.60993,0.586371,a2.1.a0.real_tracker_v1.6457,a2.1.a0.real_tracker_v1.2310,826.8543,112.30856666666666,0.13582614354248762
0.2115194,0.0,1.043317,1.019758,a2.1.a0.real_tracker_v1.6457,a2.1.a0.real_tracker_v1.2310,830.8323999999999,78.01512333333334,0.09389984000803693
-0.08212641,-5.551115e-17,1.476704,1.453145,a2.1.a0.real_tracker_v1.6457,a2.1.a0.real_tracker_v1.2310,834.0477333333333,127.31566666666667,0.15264775495532595
0.5051652,0.2595,0.60993,0.586371,a2.1.a0.real_tracker_v1.6457,a2.1.a0.real_tracker_v1.2310,826.7066,121.8308,0.14736867061582595
0.2115194,0.2595,1.043317,1.019758,a2.1.a0.real_tracker_v1.6457,a2.1.a0.real_tracker_v1.2310,831.1123666666666,94.01897666666666,0.1131241301577751
-0.08212641,0.2595,1.476704,1.453145,a2.1.a0.real_tracker_v1.6457,a2.1.a0.real_tracker_v1.2310,834.0099666666666,128.32046666666668,0.1538594476515477
