x,y,z,rearZ,mattype,rearMat,Wm2Front,Wm2Back,Back/FrontRatio
0.464456,-0.2595,1.251587,1.210374,a2.1.a0.real_tracker_v1.6457,a2.1.a0.real_tracker_v1.2310,858.4173333333333,281.9384333333333,0.32843943609467796
-0.04923312,-0.2595,1.150712,1.109499,a2.1.a0.real_tracker_v1.6457,a2.1.a0.real_tracker_v1.2310,858.3103,226.2323,0.26357837768185044
-0.5629222,-0.2595,1.049837,1.008624,a2.1.a0.real_tracker_v1.6457,a2.1.a0.real_tracker_v1.2310,857.2352000000001,277.5617666666667,0.3237868007285118
0.464456,0.0,1.251587,1.210374,a2.1.a0.real_tracker_v1.6457,a2.1.a0.real_tracker_v1.2310,858.3939666666666,282.60983333333337,0.3292305340870864
-0.04923312,-5.551115e-17,1.150712,1.109499,a2.1.a0.real_tracker_v1.6457,a2.1.a0.real_tracker_v1.2310,857.7644333333333,227.67183333333332,0.26542435086080063
-0.5629222,-5.551115e-17,1.049837,1.008624,a2.1.a0.real_tracker_v1.6457,a2.1.a0.real_tracker_v1.2310,857.1727999999999,279.63750000000005,0.32623197302577384
0.464456,0.2595,1.251587,1.210374,a2.1.a0.real_tracker_v1.6457,a2.1.a0.real_tracker_v1.2310,858.3737,276.118,0.32167537090736714
-0.04923312,0.2595,1.150712,1.109499,a2.1.a0.real_tracker_v1.6457,a2.1.a0.real_tracker_v1.2310,857.6017666666667,252.4915,0.2944154447884827
-0.5629222,0.2595,1.049837,1.008624,a2.1.a0.real_tracker_v1.6457,a2.1.a0.real_tracker_v1.2310,857.1132666666666,277.58466666666664,0.32385958029400047
