x,y,z,rearZ,mattype,rearMat,Wm2Front,Wm2Back,Back/FrontRatio
0.505317,-0.2595,0.6101945,0.5866174,a2.1.a0.real_tracker_v1.6457,a2.1.a0.real_tracker_v1.2310,826.8908666666666,109.37753333333335,0.13227549785227866
0.2114443,-0.2595,1.043428,1.019851,a2.1.a0.real_tracker_v1.6457,a2.1.a0.real_tracker_v1.2310,828.2353666666667,78.84737333333332,0.0951991200901546
-0.08242836,-0.2595,1.476661,1.453084,a2.1.a0.real_tracker_v1.6457,a2.1.a0.real_tracker_v1.2310,834.5819666666666,124.57966666666668,0.1492717580425098
0.505317,0.0,0.6101945,0.5866174,a2.1.a0.real_tracker_v1.6457,a2.1.a0.real_tracker_v1.2310,827.7611,112.90873333333333,0.1364023954869803
0.2114443,0.0,1.043428,1.019851,a2.1.a0.real_tracker_v1.6457,a2.1.a0.real_tracker_v1.2310,828.4250333333333,77.83434333333332,0.09395448742738287
-0.08242836,-5.551115e-17,1.476661,1.453084,a2.1.a0.real_tracker_v1.6457,a2.1.a0.real_tracker_v1.2310,834.6127333333333,124.31676666666665,0.14895125936900472
0.505317,0.2595,0.6101945,0.5866174,a2.1.a0.real_tracker_v1.6457,a2.1.a0.real_tracker_v1.2310,825.5604,121.60573333333333,0.14730065302633255
0.2114443,0.2595,1.043428,1.019851,a2.1.a0.real_tracker_v1.6457,a2.1.a0.real_tracker_v1.2310,828.4666666666667,95.02161666666666,0.11469562481416494
-0.08242836,0.2595,1.476661,1.453084,a2.1.a0.real_tracker_v1.6457,a2.1.a0.real_tracker_v1.2310,833.3721999999999,125.52983333333333,0.1506285939280665
