x,y,z,rearZ,mattype,rearMat,Wm2Front,Wm2Back,Back/FrontRatio
0.4229331,-0.2595,0.4994253,0.4846891,a2.1.a0.real_tracker_v1.6457,a2.1.a0.real_tracker_v1.2310,540.9660333333333,67.33987333333333,0.12448054906118433
0.2392572,-0.2595,0.989645,0.9749089,a2.1.a0.real_tracker_v1.6457,a2.1.a0.real_tracker_v1.2310,553.5099333333334,53.59698,0.09683093281867121
0.05558137,-0.2595,1.479865,1.465129,a2.1.a0.real_tracker_v1.6457,a2.1.a0.real_tracker_v1.2310,564.2806999999999,82.51345666666667,0.1462274191537076
0.4229331,0.0,0.4994253,0.4846891,a2.1.a0.real_tracker_v1.6457,a2.1.a0.real_tracker_v1.2310,541.2308333333334,67.30169000000001,0.12434909747548109
0.2392572,0.0,0.989645,0.9749089,a2.1.a0.real_tracker_v1.6457,a2.1.a0.real_tracker_v1.2310,553.3912666666666,50.965953333333324,0.09209733565726252
0.05558137,0.0,1.479865,1.465129,a2.1.a0.real_tracker_v1.6457,a2.1.a0.real_tracker_v1.2310,564.3529666666667,82.58981,0.14634398777741084
0.4229331,0.2595,0.4994253,0.4846891,a2.1.a0.real_tracker_v1.6457,a2.1.a0.real_tracker_v1.2310,540.4721333333333,71.52412666666667,0.13233613709074904
0.2392572,0.2595,0.989645,0.9749089,a2.1.a0.real_tracker_v1.6457,a2.1.a0.real_tracker_v1.2310,553.2738666666668,58.62888,0.10596700398343294
0.05558137,0.2595,1.479865,1.465129,a2.1.a0.real_tracker_v1.6457,a2.1.a0.real_tracker_v1.2310,564.4264,83.02006,0.14708722503549618
