x,y,z,rearZ,mattype,rearMat,Wm2Front,Wm2Back,Back/FrontRatio
-0.08695897,-0.2595,1.475995,1.463415,a2.1.a0.real_tracker_v1.6457,a2.1.a0.real_tracker_v1.2310,524.133,66.39962000000001,0.12668443565958326
-0.2437684,-0.2595,0.9765326,0.9639519,a2.1.a0.real_tracker_v1.6457,a2.1.a0.real_tracker_v1.2310,513.2711333333333,44.288536666666666,0.0862866572923889
-0.4005778,-0.2595,0.4770698,0.4644891,a2.1.a0.real_tracker_v1.6457,a2.1.a0.real_tracker_v1.2310,500.458,55.98558666666667,0.11186847807046466
-0.08695897,0.0,1.475995,1.463415,a2.1.a0.real_tracker_v1.6457,a2.1.a0.real_tracker_v1.2310,524.3475666666667,66.76163666666666,0.1273230078439552
-0.2437684,0.0,0.9765326,0.9639519,a2.1.a0.real_tracker_v1.6457,a2.1.a0.real_tracker_v1.2310,513.3645333333333,41.582550000000005,0.080999886630488
-0.4005778,0.0,0.4770698,0.4644891,a2.1.a0.real_tracker_v1.6457,a2.1.a0.real_tracker_v1.2310,500.46883333333335,53.403166666666664,0.10670606520073304
-0.08695897,0.2595,1.475995,1.463415,a2.1.a0.real_tracker_v1.6457,a2.1.a0.real_tracker_v1.2310,524.5626000000001,67.14668333333333,0.12800484694960404
-0.2437684,0.2595,0.9765326,0.9639519,a2.1.a0.real_tracker_v1.6457,a2.1.a0.real_tracker_v1.2310,513.4582333333334,46.90153,0.09134421382495994
-0.4005778,0.2595,0.4770698,0.4644891,a2.1.a0.real_tracker_v1.6457,a2.1.a0.real_tracker_v1.2310,499.3164,55.06565,0.11028185679089093
