x,y,z,rearZ,mattype,rearMat,Wm2Front,Wm2Back,Back/FrontRatio
0.04879281,-0.2595,1.480475,1.458957,a2.1.a0.real_tracker_v1.6457,a2.1.a0.real_tracker_v1.2310,827.2018666666667,106.96543333333334,0.12930979526747288
-0.2194186,-0.2595,1.030904,1.009385,a2.1.a0.real_tracker_v1.6457,a2.1.a0.real_tracker_v1.2310,823.5983666666666,65.91184666666666,0.08002901572572846
-0.48763,-0.2595,0.5813316,0.5598132,a2.1.a0.real_tracker_v1.6457,a2.1.a0.real_tracker_v1.2310,820.3647666666667,96.54377,0.11768381120080054
0.04879281,0.0,1.480475,1.458957,a2.1.a0.real_tracker_v1.6457,a2.1.a0.real_tracker_v1.2310,827.2062333333333,108.97633333333333,0.13174006336259875
-0.2194186,0.0,1.030904,1.009385,a2.1.a0.real_tracker_v1.6457,a2.1.a0.real_tracker_v1.2310,824.1197666666667,64.98962666666667,0.07885934840536923
-0.48763,-5.551115e-17,0.5813316,0.5598132,a2.1.a0.real_tracker_v1.6457,a2.1.a0.real_tracker_v1.2310,820.3099666666667,95.37520333333333,0.11626713186694362
0.04879281,0.2595,1.480475,1.458957,a2.1.a0.real_tracker_v1.6457,a2.1.a0.real_tracker_v1.2310,827.2121333333333,109.64829999999999,0.13255144965864096
-0.2194186,0.2595,1.030904,1.009385,a2.1.a0.real_tracker_v1.6457,a2.1.a0.real_tracker_v1.2310,824.6940666666668,79.48073666666666,0.09637590896222974
-0.48763,0.2595,0.5813316,0.5598132,a2.1.a0.real_tracker_v1.6457,a2.1.a0.real_tracker_v1.2310,820.3096333333333,106.0622,0.12929516659928705
