x,y,z,rearZ,mattype,rearMat,Wm2Front,Wm2Back,Back/FrontRatio
-0.2128822,-0.2595,1.44223,1.438877,a2.1.a0.real_tracker_v1.6457,a2.1.a0.real_tracker_v1.2310,30.763226666666668,18.85992,0.6130471018936712
-0.2546841,-0.2595,0.9204019,0.9170482,a2.1.a0.real_tracker_v1.6457,a2.1.a0.real_tracker_v1.2310,22.34049333333333,13.374233333333335,0.5986275462338537
-0.2964861,-0.2595,0.3985736,0.3952198,a2.1.a0.real_tracker_v1.6457,a2.1.a0.real_tracker_v1.2310,21.369506666666666,15.674646666666666,0.7334709893011427
-0.2128822,0.0,1.44223,1.438877,a2.1.a0.real_tracker_v1.6457,a2.1.a0.real_tracker_v1.2310,30.734476666666666,18.801123333333333,0.611707556620509
-0.2546841,0.0,0.9204019,0.9170482,a2.1.a0.real_tracker_v1.6457,a2.1.a0.real_tracker_v1.2310,22.289146666666667,13.057906666666668,0.5858151972680306
-0.2964861,0.0,0.3985736,0.3952198,a2.1.a0.real_tracker_v1.6457,a2.1.a0.real_tracker_v1.2310,21.34291,15.556733333333334,0.7288605196205069
-0.2128822,0.2595,1.44223,1.438877,a2.1.a0.real_tracker_v1.6457,a2.1.a0.real_tracker_v1.2310,30.705966666666665,18.871063333333336,0.6145531578610284
-0.2546841,0.2595,0.9204019,0.9170482,a2.1.a0.real_tracker_v1.6457,a2.1.a0.real_tracker_v1.2310,22.145076666666665,13.386083333333332,0.6044449107087891
-0.2964861,0.2595,0.3985736,0.3952198,a2.1.a0.real_tracker_v1.6457,a2.1.a0.real_tracker_v1.2310,21.286943333333333,15.62952,0.734195866423921
