x,y,z,rearZ,mattype,rearMat,Wm2Front,Wm2Back,Back/FrontRatio
0.5505032,-0.2595,1.09047,1.048776,a2.1.a0.real_tracker_v1.6457,a2.1.a0.real_tracker_v1.2310,855.9290666666666,283.2766666666667,0.3309577238825821
0.03082777,-0.2595,1.153633,1.11194,a2.1.a0.real_tracker_v1.6457,a2.1.a0.real_tracker_v1.2310,856.0005333333334,230.65593333333334,0.2694573833707307
-0.4888477,-0.2595,1.216797,1.175104,a2.1.a0.real_tracker_v1.6457,a2.1.a0.real_tracker_v1.2310,856.1742,280.8776666666667,0.32806097007559515
0.5505032,0.0,1.09047,1.048776,a2.1.a0.real_tracker_v1.6457,a2.1.a0.real_tracker_v1.2310,855.9529666666667,281.3675333333333,0.32871806696458244
0.03082777,-5.551115e-17,1.153633,1.11194,a2.1.a0.real_tracker_v1.6457,a2.1.a0.real_tracker_v1.2310,856.1030999999999,234.34646666666666,0.27373594714318816
-0.4888477,-5.551115e-17,1.216797,1.175104,a2.1.a0.real_tracker_v1.6457,a2.1.a0.real_tracker_v1.2310,856.2172,283.6058,0.3312307540297555
0.5505032,0.2595,1.09047,1.048776,a2.1.a0.real_tracker_v1.6457,a2.1.a0.real_tracker_v1.2310,855.9324666666666,281.22476666666665,0.32855914345990445
0.03082777,0.2595,1.153633,1.11194,a2.1.a0.real_tracker_v1.6457,a2.1.a0.real_tracker_v1.2310,856.1391333333332,259.8806666666667,0.30354921647562066
-0.4888477,0.2595,1.216797,1.175104,a2.1.a0.real_tracker_v1.6457,a2.1.a0.real_tracker_v1.2310,856.2623,282.6079333333333,0.3300479342432793
