x,y,z,rearZ,mattype,rearMat,Wm2Front,Wm2Back,Back/FrontRatio
0.2616949,-0.2595,0.3795691,0.3790707,a2.1.a0.real_tracker_v1.6457,a2.1.a0.real_tracker_v1.2310,0.6273599333333333,0.5496914333333334,0.8748034433343354
0.255482,-0.2595,0.9030323,0.9025338,a2.1.a0.real_tracker_v1.6457,a2.1.a0.real_tracker_v1.2310,0.6553480333333334,0.4732707666666667,0.7210667856550292
0.2492691,-0.2595,1.426495,1.425997,a2.1.a0.real_tracker_v1.6457,a2.1.a0.real_tracker_v1.2310,0.6685704,0.6586426666666666,0.9836794856323795
0.2616949,0.0,0.3795691,0.3790707,a2.1.a0.real_tracker_v1.6457,a2.1.a0.real_tracker_v1.2310,0.6261207999999999,0.5561016,0.8867535568904747
0.255482,0.0,0.9030323,0.9025338,a2.1.a0.real_tracker_v1.6457,a2.1.a0.real_tracker_v1.2310,0.6549626333333333,0.46504743333333326,0.7089541533336324
0.2492691,0.0,1.426495,1.425997,a2.1.a0.real_tracker_v1.6457,a2.1.a0.real_tracker_v1.2310,0.6682885666666666,0.6597493000000001,0.985747154304195
0.2616949,0.2595,0.3795691,0.3790707,a2.1.a0.real_tracker_v1.6457,a2.1.a0.real_tracker_v1.2310,0.6254019666666667,0.5535672333333334,0.8837252479890575
0.255482,0.2595,0.9030323,0.9025338,a2.1.a0.real_tracker_v1.6457,a2.1.a0.real_tracker_v1.2310,0.6519432333333334,0.47535136666666666,0.7280133132553585
0.2492691,0.2595,1.426495,1.425997,a2.1.a0.real_tracker_v1.6457,a2.1.a0.real_tracker_v1.2310,0.6679993333333334,0.6579020999999999,0.9834121907445845
