x,y,z,rearZ,mattype,rearMat,Wm2Front,Wm2Back,Back/FrontRatio
0.5823347,-0.2595,0.9147934,0.8765933,a2.1.a0.real_tracker_v1.6457,a2.1.a0.real_tracker_v1.2310,878.4552666666667,249.859,0.2844296403600134
0.1061975,-0.2595,1.132384,1.094184,a2.1.a0.real_tracker_v1.6457,a2.1.a0.real_tracker_v1.2310,878.1197666666667,195.5765666666667,0.22272171902854823
-0.3699396,-0.2595,1.349975,1.311775,a2.1.a0.real_tracker_v1.6457,a2.1.a0.real_tracker_v1.2310,878.4461666666666,244.63986666666665,0.2784912695375533
0.5823347,0.0,0.9147934,0.8765933,a2.1.a0.real_tracker_v1.6457,a2.1.a0.real_tracker_v1.2310,878.6467666666667,255.52689999999998,0.2908183571323404
0.1061975,-5.551115e-17,1.132384,1.094184,a2.1.a0.real_tracker_v1.6457,a2.1.a0.real_tracker_v1.2310,878.1096666666666,198.84966666666665,0.22645171527354943
-0.3699396,-5.551115e-17,1.349975,1.311775,a2.1.a0.real_tracker_v1.6457,a2.1.a0.real_tracker_v1.2310,878.5937,249.0861,0.283505124717916
0.5823347,0.2595,0.9147934,0.8765933,a2.1.a0.real_tracker_v1.6457,a2.1.a0.real_tracker_v1.2310,878.8416000000001,258.07863333333336,0.2936574004643532
0.1061975,0.2595,1.132384,1.094184,a2.1.a0.real_tracker_v1.6457,a2.1.a0.real_tracker_v1.2310,878.2765333333333,220.69403333333332,0.2512805177831791
-0.3699396,0.2595,1.349975,1.311775,a2.1.a0.real_tracker_v1.6457,a2.1.a0.real_tracker_v1.2310,878.7629666666667,248.83996666666667,0.2831704258545877
