x,y,z,rearZ,mattype,rearMat,Wm2Front,Wm2Back,Back/FrontRatio
0.1934414,-0.2595,1.449466,1.419556,a2.1.a0.real_tracker_v1.6457,a2.1.a0.real_tracker_v1.2310,894.8447,174.25733333333332,0.19473450376230597
-0.1793684,-0.2595,1.081954,1.052044,a2.1.a0.real_tracker_v1.6457,a2.1.a0.real_tracker_v1.2310,893.7737333333333,123.84036666666667,0.13855881358919597
-0.5521781,-0.2595,0.7144419,0.6845317,a2.1.a0.real_tracker_v1.6457,a2.1.a0.real_tracker_v1.2310,893.4217,162.679,0.18208514290044345
0.1934414,0.0,1.449466,1.419556,a2.1.a0.real_tracker_v1.6457,a2.1.a0.real_tracker_v1.2310,894.3752000000001,175.36666666666667,0.19607707211648373
-0.1793684,0.0,1.081954,1.052044,a2.1.a0.real_tracker_v1.6457,a2.1.a0.real_tracker_v1.2310,893.7577,124.11156666666666,0.13886473683183914
-0.5521781,-5.551115e-17,0.7144419,0.6845317,a2.1.a0.real_tracker_v1.6457,a2.1.a0.real_tracker_v1.2310,893.1575999999999,168.26270000000002,0.18839061729910012
0.1934414,0.2595,1.449466,1.419556,a2.1.a0.real_tracker_v1.6457,a2.1.a0.real_tracker_v1.2310,893.9117666666666,175.9396,0.1968196523874086
-0.1793684,0.2595,1.081954,1.052044,a2.1.a0.real_tracker_v1.6457,a2.1.a0.real_tracker_v1.2310,893.7478,144.96963333333335,0.16220400333218166
-0.5521781,0.2595,0.7144419,0.6845317,a2.1.a0.real_tracker_v1.6457,a2.1.a0.real_tracker_v1.2310,893.9588333333332,181.09386666666668,0.20257494790500472
