x,y,z,rearZ,mattype,rearMat,Wm2Front,Wm2Back,Back/FrontRatio
0.3243521,-0.2595,0.416132,0.4104174,a2.1.a0.real_tracker_v1.6457,a2.1.a0.real_tracker_v1.2310,57.81474,23.635863333333333,0.40881364371247925
0.253124,-0.2595,0.9347637,0.9290491,a2.1.a0.real_tracker_v1.6457,a2.1.a0.real_tracker_v1.2310,64.26420333333333,19.78156,0.30781136562186245
0.1818958,-0.2595,1.453395,1.447681,a2.1.a0.real_tracker_v1.6457,a2.1.a0.real_tracker_v1.2310,161.8183,29.644896666666664,0.18319753370992622
0.3243521,0.0,0.416132,0.4104174,a2.1.a0.real_tracker_v1.6457,a2.1.a0.real_tracker_v1.2310,150.1214666666667,23.300520000000002,0.15521007959279468
0.253124,0.0,0.9347637,0.9290491,a2.1.a0.real_tracker_v1.6457,a2.1.a0.real_tracker_v1.2310,156.18140000000002,18.83398,0.12058964390353841
0.1818958,0.0,1.453395,1.447681,a2.1.a0.real_tracker_v1.6457,a2.1.a0.real_tracker_v1.2310,161.8726,29.639906666666665,0.1831052541406793
0.3243521,0.2595,0.416132,0.4104174,a2.1.a0.real_tracker_v1.6457,a2.1.a0.real_tracker_v1.2310,149.77723333333336,23.58872,0.15749097499035794
0.253124,0.2595,0.9347637,0.9290491,a2.1.a0.real_tracker_v1.6457,a2.1.a0.real_tracker_v1.2310,156.43396666666666,19.633943333333335,0.12550866185288073
0.1818958,0.2595,1.453395,1.447681,a2.1.a0.real_tracker_v1.6457,a2.1.a0.real_tracker_v1.2310,161.92713333333333,29.562823333333338,0.18256755466005087
