x,y,z,rearZ,mattype,rearMat,Wm2Front,Wm2Back,Back/FrontRatio
0.5628448,-0.2595,0.7498725,0.7181507,a2.1.a0.real_tracker_v1.6457,a2.1.a0.real_tracker_v1.2310,888.9225,181.09720000000002,0.2037264174026224
0.1674547,-0.2595,1.092975,1.061253,a2.1.a0.real_tracker_v1.6457,a2.1.a0.real_tracker_v1.2310,889.5504999999999,137.14866666666668,0.15417732044369178
-0.2279353,-0.2595,1.436076,1.404355,a2.1.a0.real_tracker_v1.6457,a2.1.a0.real_tracker_v1.2310,891.8441666666666,186.87956666666665,0.20954261305820834
0.5628448,0.0,0.7498725,0.7181507,a2.1.a0.real_tracker_v1.6457,a2.1.a0.real_tracker_v1.2310,889.0729666666666,187.98823333333334,0.21144273747902267
0.1674547,0.0,1.092975,1.061253,a2.1.a0.real_tracker_v1.6457,a2.1.a0.real_tracker_v1.2310,889.3918333333332,139.18686666666665,0.15649650126481418
-0.2279353,-5.551115e-17,1.436076,1.404355,a2.1.a0.real_tracker_v1.6457,a2.1.a0.real_tracker_v1.2310,891.9739,191.06586666666666,0.21420542962214148
0.5628448,0.2595,0.7498725,0.7181507,a2.1.a0.real_tracker_v1.6457,a2.1.a0.real_tracker_v1.2310,888.3892999999999,196.3324,0.22099791049046802
0.1674547,0.2595,1.092975,1.061253,a2.1.a0.real_tracker_v1.6457,a2.1.a0.real_tracker_v1.2310,889.2297,161.79213333333334,0.181946184868936
-0.2279353,0.2595,1.436076,1.404355,a2.1.a0.real_tracker_v1.6457,a2.1.a0.real_tracker_v1.2310,892.1000666666667,194.12876666666668,0.21760849069716764
