x,y,z,rearZ,mattype,rearMat,Wm2Front,Wm2Back,Back/FrontRatio
0.3379811,-0.2595,1.374448,1.337545,a2.1.a0.real_tracker_v1.6457,a2.1.a0.real_tracker_v1.2310,887.5674,236.8617,0.26686585507100075
-0.1219924,-0.2595,1.124495,1.087592,a2.1.a0.real_tracker_v1.6457,a2.1.a0.real_tracker_v1.2310,887.3782666666666,183.119,0.20635934022649016
-0.581966,-0.2595,0.874542,0.8376387,a2.1.a0.real_tracker_v1.6457,a2.1.a0.real_tracker_v1.2310,886.1031666666668,239.5934666666667,0.27038973032704017
0.3379811,0.0,1.374448,1.337545,a2.1.a0.real_tracker_v1.6457,a2.1.a0.real_tracker_v1.2310,887.3309333333333,235.63,0.26554887877734445
-0.1219924,-5.551115e-17,1.124495,1.087592,a2.1.a0.real_tracker_v1.6457,a2.1.a0.real_tracker_v1.2310,887.1426666666666,184.5649,0.20804398085090314
-0.581966,-5.551115e-17,0.874542,0.8376387,a2.1.a0.real_tracker_v1.6457,a2.1.a0.real_tracker_v1.2310,886.2600333333334,250.0362,0.2821247810699564
0.3379811,0.2595,1.374448,1.337545,a2.1.a0.real_tracker_v1.6457,a2.1.a0.real_tracker_v1.2310,887.0953333333333,240.4999,0.27110911291483186
-0.1219924,0.2595,1.124495,1.087592,a2.1.a0.real_tracker_v1.6457,a2.1.a0.real_tracker_v1.2310,886.6332666666667,211.47553333333335,0.23851495626080774
-0.581966,0.2595,0.874542,0.8376387,a2.1.a0.real_tracker_v1.6457,a2.1.a0.real_tracker_v1.2310,886.4540333333333,247.98710000000003,0.2797514715072406
