x,y,z,rearZ,mattype,rearMat,Wm2Front,Wm2Back,Back/FrontRatio
0.3243521,-0.2595,0.416132,0.4104174,a2.1.a0.real_tracker_v1.6457,a2.1.a0.real_tracker_v1.2310,57.02904666666666,20.495633333333334,0.3593830714031797
0.253124,-0.2595,0.9347637,0.9290491,a2.1.a0.real_tracker_v1.6457,a2.1.a0.real_tracker_v1.2310,63.71938666666667,18.789126666666665,0.294868371796865
0.1818958,-0.2595,1.453395,1.447681,a2.1.a0.real_tracker_v1.6457,a2.1.a0.real_tracker_v1.2310,161.53013333333334,29.216303333333332,0.18087103538760535
0.3243521,0.0,0.416132,0.4104174,a2.1.a0.real_tracker_v1.6457,a2.1.a0.real_tracker_v1.2310,149.06776666666667,21.213983333333335,0.14231004795773225
0.253124,0.0,0.9347637,0.9290491,a2.1.a0.real_tracker_v1.6457,a2.1.a0.real_tracker_v1.2310,155.99869999999999,18.267353333333336,0.11709864399311881
0.1818958,0.0,1.453395,1.447681,a2.1.a0.real_tracker_v1.6457,a2.1.a0.real_tracker_v1.2310,161.59693333333334,29.195026666666667,0.18066460420904723
0.3243521,0.2595,0.416132,0.4104174,a2.1.a0.real_tracker_v1.6457,a2.1.a0.real_tracker_v1.2310,148.0770666666667,20.34264333333333,0.1373778290820472
0.253124,0.2595,0.9347637,0.9290491,a2.1.a0.real_tracker_v1.6457,a2.1.a0.real_tracker_v1.2310,156.61339999999998,18.79285,0.11999439387438193
0.1818958,0.2595,1.453395,1.447681,a2.1.a0.real_tracker_v1.6457,a2.1.a0.real_tracker_v1.2310,161.17100000000002,28.997870000000002,0.1799187824187824
