x,y,z,rearZ,mattype,rearMat,Wm2Front,Wm2Back,Back/FrontRatio
0.5628448,-0.2595,0.7498725,0.7181507,a2.1.a0.real_tracker_v1.6457,a2.1.a0.real_tracker_v1.2310,885.5011666666668,168.53096666666667,0.1903224780364738
0.1674547,-0.2595,1.092975,1.061253,a2.1.a0.real_tracker_v1.6457,a2.1.a0.real_tracker_v1.2310,887.9793,135.75099999999998,0.15287613925669294
-0.2279353,-0.2595,1.436076,1.404355,a2.1.a0.real_tracker_v1.6457,a2.1.a0.real_tracker_v1.2310,889.0321333333333,176.59426666666664,0.19863631629177375
0.5628448,0.0,0.7498725,0.7181507,a2.1.a0.real_tracker_v1.6457,a2.1.a0.real_tracker_v1.2310,885.2610333333332,178.39413333333331,0.201515626578511
0.1674547,0.0,1.092975,1.061253,a2.1.a0.real_tracker_v1.6457,a2.1.a0.real_tracker_v1.2310,887.8753,138.32106666666667,0.15578866860920454
-0.2279353,-5.551115e-17,1.436076,1.404355,a2.1.a0.real_tracker_v1.6457,a2.1.a0.real_tracker_v1.2310,888.8231999999999,179.9022,0.20240470500240657
0.5628448,0.2595,0.7498725,0.7181507,a2.1.a0.real_tracker_v1.6457,a2.1.a0.real_tracker_v1.2310,886.5371,191.2259,0.21569958471045972
0.1674547,0.2595,1.092975,1.061253,a2.1.a0.real_tracker_v1.6457,a2.1.a0.real_tracker_v1.2310,887.7683000000001,157.91243333333333,0.17787552839835002
-0.2279353,0.2595,1.436076,1.404355,a2.1.a0.real_tracker_v1.6457,a2.1.a0.real_tracker_v1.2310,888.6099666666665,179.77123333333336,0.20230589096563412
