x,y,z,rearZ,mattype,rearMat,Wm2Front,Wm2Back,Back/FrontRatio
0.2616949,-0.2595,0.3795691,0.3790707,a2.1.a0.real_tracker_v1.6457,a2.1.a0.real_tracker_v1.2310,0.6224636333333334,0.4910006,0.7875368726398315
0.255482,-0.2595,0.9030323,0.9025338,a2.1.a0.real_tracker_v1.6457,a2.1.a0.real_tracker_v1.2310,0.6534645666666666,0.45653239999999995,0.6975662598897001
0.2492691,-0.2595,1.426495,1.425997,a2.1.a0.real_tracker_v1.6457,a2.1.a0.real_tracker_v1.2310,0.6662634666666668,0.6498043666666667,0.9738347731111109
0.2616949,0.0,0.3795691,0.3790707,a2.1.a0.real_tracker_v1.6457,a2.1.a0.real_tracker_v1.2310,0.6215854,0.5109204666666667,0.8206431867285463
0.255482,0.0,0.9030323,0.9025338,a2.1.a0.real_tracker_v1.6457,a2.1.a0.real_tracker_v1.2310,0.6530552333333334,0.4527377666666667,0.6922011224638164
0.2492691,0.0,1.426495,1.425997,a2.1.a0.real_tracker_v1.6457,a2.1.a0.real_tracker_v1.2310,0.6657155666666666,0.6506863666666667,0.9759579634833786
0.2616949,0.2595,0.3795691,0.3790707,a2.1.a0.real_tracker_v1.6457,a2.1.a0.real_tracker_v1.2310,0.6223098666666667,0.4935599,0.7918371365424667
0.255482,0.2595,0.9030323,0.9025338,a2.1.a0.real_tracker_v1.6457,a2.1.a0.real_tracker_v1.2310,0.6497503666666667,0.45292020000000005,0.695996841799705
0.2492691,0.2595,1.426495,1.425997,a2.1.a0.real_tracker_v1.6457,a2.1.a0.real_tracker_v1.2310,0.6651662333333334,0.6442709999999999,0.9671324779946066
