x,y,z,rearZ,mattype,rearMat,Wm2Front,Wm2Back,Back/FrontRatio
0.04879281,-0.2595,1.480475,1.458957,a2.1.a0.real_tracker_v1.6457,a2.1.a0.real_tracker_v1.2310,825.7813666666667,100.11360333333334,0.12123485239512866
-0.2194186,-0.2595,1.030904,1.009385,a2.1.a0.real_tracker_v1.6457,a2.1.a0.real_tracker_v1.2310,820.9031333333332,62.82208333333333,0.07652791694231126
-0.48763,-0.2595,0.5813316,0.5598132,a2.1.a0.real_tracker_v1.6457,a2.1.a0.real_tracker_v1.2310,817.7945,97.30732333333333,0.11898735482566648
0.04879281,0.0,1.480475,1.458957,a2.1.a0.real_tracker_v1.6457,a2.1.a0.real_tracker_v1.2310,825.4644333333332,102.54289999999999,0.12422434163707967
-0.2194186,0.0,1.030904,1.009385,a2.1.a0.real_tracker_v1.6457,a2.1.a0.real_tracker_v1.2310,821.2336666666666,61.148356666666665,0.07445905433444927
-0.48763,-5.551115e-17,0.5813316,0.5598132,a2.1.a0.real_tracker_v1.6457,a2.1.a0.real_tracker_v1.2310,817.8874333333333,91.91910666666666,0.11238587430812182
0.04879281,0.2595,1.480475,1.458957,a2.1.a0.real_tracker_v1.6457,a2.1.a0.real_tracker_v1.2310,825.1494000000001,103.87613333333333,0.12588751497100809
-0.2194186,0.2595,1.030904,1.009385,a2.1.a0.real_tracker_v1.6457,a2.1.a0.real_tracker_v1.2310,821.5659999999999,76.33525333333334,0.09291421555799266
-0.48763,0.2595,0.5813316,0.5598132,a2.1.a0.real_tracker_v1.6457,a2.1.a0.real_tracker_v1.2310,820.0575333333333,110.5243,0.13477611110361393
