x,y,z,rearZ,mattype,rearMat,Wm2Front,Wm2Back,Back/FrontRatio
0.505317,-0.2595,0.6101945,0.5866174,a2.1.a0.real_tracker_v1.6457,a2.1.a0.real_tracker_v1.2310,823.1060000000001,106.5964,0.12950491248403911
0.2114443,-0.2595,1.043428,1.019851,a2.1.a0.real_tracker_v1.6457,a2.1.a0.real_tracker_v1.2310,827.5891333333333,78.62557333333332,0.09500545036302994
-0.08242836,-0.2595,1.476661,1.453084,a2.1.a0.real_tracker_v1.6457,a2.1.a0.real_tracker_v1.2310,830.4637666666667,117.33803333333333,0.1412920066486465
0.505317,0.0,0.6101945,0.5866174,a2.1.a0.real_tracker_v1.6457,a2.1.a0.real_tracker_v1.2310,823.3515000000001,107.68116666666667,0.1307837975431746
0.2114443,0.0,1.043428,1.019851,a2.1.a0.real_tracker_v1.6457,a2.1.a0.real_tracker_v1.2310,827.3829999999999,74.59034,0.09015202131054022
-0.08242836,-5.551115e-17,1.476661,1.453084,a2.1.a0.real_tracker_v1.6457,a2.1.a0.real_tracker_v1.2310,830.7401,116.09083333333332,0.13974369792626526
0.505317,0.2595,0.6101945,0.5866174,a2.1.a0.real_tracker_v1.6457,a2.1.a0.real_tracker_v1.2310,823.2957,123.84700000000002,0.1504281506290503
0.2114443,0.2595,1.043428,1.019851,a2.1.a0.real_tracker_v1.6457,a2.1.a0.real_tracker_v1.2310,827.1781666666667,92.29939333333334,0.11158331477964771
-0.08242836,0.2595,1.476661,1.453084,a2.1.a0.real_tracker_v1.6457,a2.1.a0.real_tracker_v1.2310,831.0174333333333,115.89256666666665,0.13945847891942068
