x,y,z,rearZ,mattype,rearMat,Wm2Front,Wm2Back,Back/FrontRatio
-0.2128822,-0.2595,1.44223,1.438877,a2.1.a0.real_tracker_v1.6457,a2.1.a0.real_tracker_v1.2310,30.71987,18.621973333333333,0.6061668609428487
-0.2546841,-0.2595,0.9204019,0.9170482,a2.1.a0.real_tracker_v1.6457,a2.1.a0.real_tracker_v1.2310,22.105383333333332,12.963606666666665,0.5864191564578255
-0.2964861,-0.2595,0.3985736,0.3952198,a2.1.a0.real_tracker_v1.6457,a2.1.a0.real_tracker_v1.2310,21.228896666666667,13.753073333333333,0.6478163106147948
-0.2128822,0.0,1.44223,1.438877,a2.1.a0.real_tracker_v1.6457,a2.1.a0.real_tracker_v1.2310,30.732933333333335,18.62957666666667,0.6061566043179201
-0.2546841,0.0,0.9204019,0.9170482,a2.1.a0.real_tracker_v1.6457,a2.1.a0.real_tracker_v1.2310,22.088669999999997,12.699123333333333,0.574889680711995
-0.2964861,0.0,0.3985736,0.3952198,a2.1.a0.real_tracker_v1.6457,a2.1.a0.real_tracker_v1.2310,21.16271,14.337290000000001,0.6774469126632334
-0.2128822,0.2595,1.44223,1.438877,a2.1.a0.real_tracker_v1.6457,a2.1.a0.real_tracker_v1.2310,30.746296666666666,18.610813333333336,0.6052829143028184
-0.2546841,0.2595,0.9204019,0.9170482,a2.1.a0.real_tracker_v1.6457,a2.1.a0.real_tracker_v1.2310,22.11342666666667,12.973410000000001,0.5866491677830822
-0.2964861,0.2595,0.3985736,0.3952198,a2.1.a0.real_tracker_v1.6457,a2.1.a0.real_tracker_v1.2310,21.204336666666666,13.7385,0.6478793624435106
