x,y,z,rearZ,mattype,rearMat,Wm2Front,Wm2Back,Back/FrontRatio
0.5823347,-0.2595,0.9147934,0.8765933,a2.1.a0.real_tracker_v1.6457,a2.1.a0.real_tracker_v1.2310,875.4638,240.25323333333336,0.2744293469404291
0.1061975,-0.2595,1.132384,1.094184,a2.1.a0.real_tracker_v1.6457,a2.1.a0.real_tracker_v1.2310,875.2069,190.37603333333334,0.21752092655166086
-0.3699396,-0.2595,1.349975,1.311775,a2.1.a0.real_tracker_v1.6457,a2.1.a0.real_tracker_v1.2310,878.8752666666666,236.42263333333335,0.2690055953268811
0.5823347,0.0,0.9147934,0.8765933,a2.1.a0.real_tracker_v1.6457,a2.1.a0.real_tracker_v1.2310,875.3115666666666,242.181,0.27667945054446647
0.1061975,-5.551115e-17,1.132384,1.094184,a2.1.a0.real_tracker_v1.6457,a2.1.a0.real_tracker_v1.2310,875.8492666666666,194.77606666666668,0.22238512001366448
-0.3699396,-5.551115e-17,1.349975,1.311775,a2.1.a0.real_tracker_v1.6457,a2.1.a0.real_tracker_v1.2310,879.1954666666667,237.9388333333333,0.27063215373856137
0.5823347,0.2595,0.9147934,0.8765933,a2.1.a0.real_tracker_v1.6457,a2.1.a0.real_tracker_v1.2310,875.1632,245.40903333333335,0.28041484481807344
0.1061975,0.2595,1.132384,1.094184,a2.1.a0.real_tracker_v1.6457,a2.1.a0.real_tracker_v1.2310,876.3701000000001,218.99603333333334,0.249889611071535
-0.3699396,0.2595,1.349975,1.311775,a2.1.a0.real_tracker_v1.6457,a2.1.a0.real_tracker_v1.2310,879.5191000000001,235.0127666666667,0.26720568030982655
