x,y,z,rearZ,mattype,rearMat,Wm2Front,Wm2Back,Back/FrontRatio
0.1934414,-0.2595,1.449466,1.419556,a2.1.a0.real_tracker_v1.6457,a2.1.a0.real_tracker_v1.2310,892.9755666666666,161.35876666666664,0.1806976495127886
-0.1793684,-0.2595,1.081954,1.052044,a2.1.a0.real_tracker_v1.6457,a2.1.a0.real_tracker_v1.2310,891.0463,121.27646666666665,0.13610553184625176
-0.5521781,-0.2595,0.7144419,0.6845317,a2.1.a0.real_tracker_v1.6457,a2.1.a0.real_tracker_v1.2310,889.0469333333334,153.89630000000002,0.17310236515931388
0.1934414,0.0,1.449466,1.419556,a2.1.a0.real_tracker_v1.6457,a2.1.a0.real_tracker_v1.2310,893.3351333333334,164.11386666666667,0.18370897643455147
-0.1793684,0.0,1.081954,1.052044,a2.1.a0.real_tracker_v1.6457,a2.1.a0.real_tracker_v1.2310,891.1674666666667,124.3583,0.13954522029392571
-0.5521781,-5.551115e-17,0.7144419,0.6845317,a2.1.a0.real_tracker_v1.6457,a2.1.a0.real_tracker_v1.2310,889.1337,159.09626666666668,0.17893381808928016
0.1934414,0.2595,1.449466,1.419556,a2.1.a0.real_tracker_v1.6457,a2.1.a0.real_tracker_v1.2310,893.7009333333334,161.9741,0.18123950945911943
-0.1793684,0.2595,1.081954,1.052044,a2.1.a0.real_tracker_v1.6457,a2.1.a0.real_tracker_v1.2310,891.2949333333335,144.3655,0.16197257790697125
-0.5521781,0.2595,0.7144419,0.6845317,a2.1.a0.real_tracker_v1.6457,a2.1.a0.real_tracker_v1.2310,889.4807999999999,174.6446666666667,0.19634428345432892
