x,y,z,rearZ,mattype,rearMat,Wm2Front,Wm2Back,Back/FrontRatio
0.4229331,-0.2595,0.4994253,0.4846891,a2.1.a0.real_tracker_v1.6457,a2.1.a0.real_tracker_v1.2310,540.8576333333334,69.44378999999999,0.12839545441294917
0.2392572,-0.2595,0.989645,0.9749089,a2.1.a0.real_tracker_v1.6457,a2.1.a0.real_tracker_v1.2310,553.0495,51.67213,0.09343112428250225
0.05558137,-0.2595,1.479865,1.465129,a2.1.a0.real_tracker_v1.6457,a2.1.a0.real_tracker_v1.2310,564.09,78.29863,0.13880496231990938
0.4229331,0.0,0.4994253,0.4846891,a2.1.a0.real_tracker_v1.6457,a2.1.a0.real_tracker_v1.2310,540.7868,64.46933000000001,0.11921372856414295
0.2392572,0.0,0.989645,0.9749089,a2.1.a0.real_tracker_v1.6457,a2.1.a0.real_tracker_v1.2310,552.1750333333333,48.50047,0.08783515957260249
0.05558137,0.0,1.479865,1.465129,a2.1.a0.real_tracker_v1.6457,a2.1.a0.real_tracker_v1.2310,564.0861000000001,78.28273333333333,0.13877774076615706
0.4229331,0.2595,0.4994253,0.4846891,a2.1.a0.real_tracker_v1.6457,a2.1.a0.real_tracker_v1.2310,540.2442666666667,71.99432,0.13326228741291454
0.2392572,0.2595,0.989645,0.9749089,a2.1.a0.real_tracker_v1.6457,a2.1.a0.real_tracker_v1.2310,551.3019,55.75658333333333,0.10113602401390112
0.05558137,0.2595,1.479865,1.465129,a2.1.a0.real_tracker_v1.6457,a2.1.a0.real_tracker_v1.2310,564.083,78.89894333333334,0.13987091166091103
