x,y,z,rearZ,mattype,rearMat,Wm2Front,Wm2Back,Back/FrontRatio
0.3379811,-0.2595,1.374448,1.337545,a2.1.a0.real_tracker_v1.6457,a2.1.a0.real_tracker_v1.2310,885.4290666666666,226.5145666666667,0.2558243447948572
-0.1219924,-0.2595,1.124495,1.087592,a2.1.a0.real_tracker_v1.6457,a2.1.a0.real_tracker_v1.2310,884.7323333333334,182.88520000000003,0.20671222967372468
-0.581966,-0.2595,0.874542,0.8376387,a2.1.a0.real_tracker_v1.6457,a2.1.a0.real_tracker_v1.2310,883.6868000000001,227.52733333333333,0.25747479294535164
0.3379811,0.0,1.374448,1.337545,a2.1.a0.real_tracker_v1.6457,a2.1.a0.real_tracker_v1.2310,885.6734333333334,224.07510000000002,0.25299939974180885
-0.1219924,-5.551115e-17,1.124495,1.087592,a2.1.a0.real_tracker_v1.6457,a2.1.a0.real_tracker_v1.2310,883.8884333333332,184.9297333333333,0.20922269953598646
-0.581966,-5.551115e-17,0.874542,0.8376387,a2.1.a0.real_tracker_v1.6457,a2.1.a0.real_tracker_v1.2310,883.3097666666666,233.54326666666665,0.2643953583267014
0.3379811,0.2595,1.374448,1.337545,a2.1.a0.real_tracker_v1.6457,a2.1.a0.real_tracker_v1.2310,885.9196666666667,226.60583333333332,0.2557856948816335
-0.1219924,0.2595,1.124495,1.087592,a2.1.a0.real_tracker_v1.6457,a2.1.a0.real_tracker_v1.2310,884.6495666666666,207.97613333333334,0.23509410514140106
-0.581966,0.2595,0.874542,0.8376387,a2.1.a0.real_tracker_v1.6457,a2.1.a0.real_tracker_v1.2310,883.1384333333332,235.4425,0.2665971998457171
