x,y,z,rearZ,mattype,rearMat,Wm2Front,Wm2Back,Back/FrontRatio
-0.08695897,-0.2595,1.475995,1.463415,a2.1.a0.real_tracker_v1.6457,a2.1.a0.real_tracker_v1.2310,522.9437666666666,64.47562666666667,0.12329337776462436
-0.2437684,-0.2595,0.9765326,0.9639519,a2.1.a0.real_tracker_v1.6457,a2.1.a0.real_tracker_v1.2310,513.0731666666666,43.28373,0.08436154617022557
-0.4005778,-0.2595,0.4770698,0.4644891,a2.1.a0.real_tracker_v1.6457,a2.1.a0.real_tracker_v1.2310,500.26610000000005,58.64100333333334,0.11721938806955991
-0.08695897,0.0,1.475995,1.463415,a2.1.a0.real_tracker_v1.6457,a2.1.a0.real_tracker_v1.2310,522.6995333333333,64.35003,0.12311070277589158
-0.2437684,0.0,0.9765326,0.9639519,a2.1.a0.real_tracker_v1.6457,a2.1.a0.real_tracker_v1.2310,513.7077666666665,40.165060000000004,0.07818644065707012
-0.4005778,0.0,0.4770698,0.4644891,a2.1.a0.real_tracker_v1.6457,a2.1.a0.real_tracker_v1.2310,500.01303333333334,52.56196333333333,0.10512097627126599
-0.08695897,0.2595,1.475995,1.463415,a2.1.a0.real_tracker_v1.6457,a2.1.a0.real_tracker_v1.2310,522.4558999999999,64.37048,0.12320725403377773
-0.2437684,0.2595,0.9765326,0.9639519,a2.1.a0.real_tracker_v1.6457,a2.1.a0.real_tracker_v1.2310,514.3431333333333,45.02922,0.08754687199050391
-0.4005778,0.2595,0.4770698,0.4644891,a2.1.a0.real_tracker_v1.6457,a2.1.a0.real_tracker_v1.2310,497.2136333333333,55.59689666666667,0.11181669431960271
