x,y,z,rearZ,mattype,rearMat,Wm2Front,Wm2Back,Back/FrontRatio
0.2575994,-0.2595,0.3775299,0.3773613,a2.1.a0.real_tracker_v1.6457,a2.1.a0.real_tracker_v1.2310,0.4392331,0.3781720333333333,0.8590268049661267
0.2554979,-0.2595,0.9010256,0.900857,a2.1.a0.real_tracker_v1.6457,a2.1.a0.real_tracker_v1.2310,0.4661073333333334,0.4019069333333333,0.8604166636932838
0.2533965,-0.2595,1.424521,1.424353,a2.1.a0.real_tracker_v1.6457,a2.1.a0.real_tracker_v1.2310,0.5086138333333333,0.5007247666666667,0.9825572500484844
0.2575994,0.0,0.3775299,0.3773613,a2.1.a0.real_tracker_v1.6457,a2.1.a0.real_tracker_v1.2310,0.44106506666666667,0.3716816,0.84078482564256
0.2554979,0.0,0.9010256,0.900857,a2.1.a0.real_tracker_v1.6457,a2.1.a0.real_tracker_v1.2310,0.4669292666666667,0.40059069999999997,0.856092423655484
0.2533965,0.0,1.424521,1.424353,a2.1.a0.real_tracker_v1.6457,a2.1.a0.real_tracker_v1.2310,0.5080674,0.4974695333333334,0.977217424123669
0.2575994,0.2595,0.3775299,0.3773613,a2.1.a0.real_tracker_v1.6457,a2.1.a0.real_tracker_v1.2310,0.43280040000000003,0.37416963333333336,0.8625387005944055
0.2554979,0.2595,0.9010256,0.900857,a2.1.a0.real_tracker_v1.6457,a2.1.a0.real_tracker_v1.2310,0.4642520666666667,0.40404789999999996,0.8684494469736189
0.2533965,0.2595,1.424521,1.424353,a2.1.a0.real_tracker_v1.6457,a2.1.a0.real_tracker_v1.2310,0.5078245666666666,0.5005705666666667,0.9837782989644696
