x,y,z,rearZ,mattype,rearMat,Wm2Front,Wm2Back,Back/FrontRatio
0.4225833,-0.2595,0.4990563,0.4843545,a2.1.a0.real_tracker_v1.6457,a2.1.a0.real_tracker_v1.2310,88.68697333333334,32.271409999999996,0.36387583104090165
0.2393354,-0.2595,0.9894362,0.9747344,a2.1.a0.real_tracker_v1.6457,a2.1.a0.real_tracker_v1.2310,116.88713333333334,33.21158333333333,0.28413135179961235
0.05608738,-0.2595,1.479816,1.465114,a2.1.a0.real_tracker_v1.6457,a2.1.a0.real_tracker_v1.2310,523.9836333333334,46.754656666666655,0.0892290607249996
0.4225833,0.0,0.4990563,0.4843545,a2.1.a0.real_tracker_v1.6457,a2.1.a0.real_tracker_v1.2310,92.89868333333334,32.169183333333336,0.3462787189263831
0.2393354,0.0,0.9894362,0.9747344,a2.1.a0.real_tracker_v1.6457,a2.1.a0.real_tracker_v1.2310,119.24103333333335,30.948736666666665,0.2595455293868688
0.05608738,0.0,1.479816,1.465114,a2.1.a0.real_tracker_v1.6457,a2.1.a0.real_tracker_v1.2310,523.9863999999999,46.636356666666664,0.08900282080574204
0.4225833,0.2595,0.4990563,0.4843545,a2.1.a0.real_tracker_v1.6457,a2.1.a0.real_tracker_v1.2310,457.1268333333333,32.83325,0.07182509487681601
0.2393354,0.2595,0.9894362,0.9747344,a2.1.a0.real_tracker_v1.6457,a2.1.a0.real_tracker_v1.2310,483.93816666666663,32.84722,0.06787468810645968
0.05608738,0.2595,1.479816,1.465114,a2.1.a0.real_tracker_v1.6457,a2.1.a0.real_tracker_v1.2310,525.1175,45.75773,0.08713791268066162
