x,y,z,rearZ,mattype,rearMat,Wm2Front,Wm2Back,Back/FrontRatio
0.5505032,-0.2595,1.09047,1.048776,a2.1.a0.real_tracker_v1.6457,a2.1.a0.real_tracker_v1.2310,848.8828,160.09083333333334,0.18858980856194138
0.03082777,-0.2595,1.153633,1.11194,a2.1.a0.real_tracker_v1.6457,a2.1.a0.real_tracker_v1.2310,854.215,126.60833333333333,0.14821582987597204
-0.4888477,-0.2595,1.216797,1.175104,a2.1.a0.real_tracker_v1.6457,a2.1.a0.real_tracker_v1.2310,855.9553,159.45493333333334,0.18628863802198004
0.5505032,0.0,1.09047,1.048776,a2.1.a0.real_tracker_v1.6457,a2.1.a0.real_tracker_v1.2310,848.1752,163.29579999999999,0.1925257982952127
0.03082777,-5.551115e-17,1.153633,1.11194,a2.1.a0.real_tracker_v1.6457,a2.1.a0.real_tracker_v1.2310,854.4011,127.5688,0.14930768545629744
-0.4888477,-5.551115e-17,1.216797,1.175104,a2.1.a0.real_tracker_v1.6457,a2.1.a0.real_tracker_v1.2310,856.1232,158.77453333333332,0.18545735926321594
0.5505032,0.2595,1.09047,1.048776,a2.1.a0.real_tracker_v1.6457,a2.1.a0.real_tracker_v1.2310,849.7516666666667,161.10670000000002,0.18959246180653352
0.03082777,0.2595,1.153633,1.11194,a2.1.a0.real_tracker_v1.6457,a2.1.a0.real_tracker_v1.2310,854.2787,156.823,0.18357336595965001
-0.4888477,0.2595,1.216797,1.175104,a2.1.a0.real_tracker_v1.6457,a2.1.a0.real_tracker_v1.2310,856.293,154.00866666666664,0.17985489407454291
