x,y,z,rearZ,mattype,rearMat,Wm2Front,Wm2Back,Back/FrontRatio
0.5823372,-0.2595,0.9146917,0.8764947,a2.1.a0.real_tracker_v1.6457,a2.1.a0.real_tracker_v1.2310,843.0942666666666,132.70146666666668,0.15739795004581927
0.1062381,-0.2595,1.132365,1.094168,a2.1.a0.real_tracker_v1.6457,a2.1.a0.real_tracker_v1.2310,862.3282666666668,85.78247666666665,0.0994776357275438
-0.3698611,-0.2595,1.350039,1.311842,a2.1.a0.real_tracker_v1.6457,a2.1.a0.real_tracker_v1.2310,867.6244666666666,113.45416666666667,0.13076398863964497
0.5823372,0.0,0.9146917,0.8764947,a2.1.a0.real_tracker_v1.6457,a2.1.a0.real_tracker_v1.2310,845.3803333333334,141.10486666666668,0.16691268319149072
0.1062381,-5.551115e-17,1.132365,1.094168,a2.1.a0.real_tracker_v1.6457,a2.1.a0.real_tracker_v1.2310,863.1724333333333,87.76274000000001,0.10167451477402979
-0.3698611,-5.551115e-17,1.350039,1.311842,a2.1.a0.real_tracker_v1.6457,a2.1.a0.real_tracker_v1.2310,867.6304999999999,112.05666666666666,0.1291523724837868
0.5823372,0.2595,0.9146917,0.8764947,a2.1.a0.real_tracker_v1.6457,a2.1.a0.real_tracker_v1.2310,846.5670333333333,134.17396666666667,0.15849165262992648
0.1062381,0.2595,1.132365,1.094168,a2.1.a0.real_tracker_v1.6457,a2.1.a0.real_tracker_v1.2310,862.7955333333333,105.55563333333333,0.12234128123525145
-0.3698611,0.2595,1.350039,1.311842,a2.1.a0.real_tracker_v1.6457,a2.1.a0.real_tracker_v1.2310,867.2409333333334,113.42593333333332,0.13078926303455957
