x,y,z,rearZ,mattype,rearMat,Wm2Front,Wm2Back,Back/FrontRatio
0.5627923,-0.2595,0.7496761,0.7179638,a2.1.a0.real_tracker_v1.6457,a2.1.a0.real_tracker_v1.2310,814.5329333333333,79.92583333333333,0.09812462079541766
0.1675221,-0.2595,1.092916,1.061204,a2.1.a0.real_tracker_v1.6457,a2.1.a0.real_tracker_v1.2310,844.4644333333334,46.37744333333333,0.054919291545503554
-0.2277481,-0.2595,1.436156,1.404444,a2.1.a0.real_tracker_v1.6457,a2.1.a0.real_tracker_v1.2310,864.0101666666666,86.67944666666666,0.10032213704028131
0.5627923,0.0,0.7496761,0.7179638,a2.1.a0.real_tracker_v1.6457,a2.1.a0.real_tracker_v1.2310,821.0886666666667,76.72814,0.09344672465735573
0.1675221,0.0,1.092916,1.061204,a2.1.a0.real_tracker_v1.6457,a2.1.a0.real_tracker_v1.2310,844.9537666666665,48.421056666666665,0.057306093268976975
-0.2277481,-5.551115e-17,1.436156,1.404444,a2.1.a0.real_tracker_v1.6457,a2.1.a0.real_tracker_v1.2310,864.6416333333333,86.18524333333335,0.09967730020560713
0.5627923,0.2595,0.7496761,0.7179638,a2.1.a0.real_tracker_v1.6457,a2.1.a0.real_tracker_v1.2310,820.4815,76.90417000000001,0.09373042081945686
0.1675221,0.2595,1.092916,1.061204,a2.1.a0.real_tracker_v1.6457,a2.1.a0.real_tracker_v1.2310,847.5126999999999,67.74931000000001,0.07993889656297004
-0.2277481,0.2595,1.436156,1.404444,a2.1.a0.real_tracker_v1.6457,a2.1.a0.real_tracker_v1.2310,865.0606333333334,87.53298333333333,0.10118699056857182
