x,y,z,rearZ,mattype,rearMat,Wm2Front,Wm2Back,Back/FrontRatio
0.3378983,-0.2595,1.374507,1.337608,a2.1.a0.real_tracker_v1.6457,a2.1.a0.real_tracker_v1.2310,873.2991666666667,111.09469999999999,0.12721250291757263
-0.1220316,-0.2595,1.124474,1.087574,a2.1.a0.real_tracker_v1.6457,a2.1.a0.real_tracker_v1.2310,861.5709999999999,78.75978,0.09141404316760528
-0.5819615,-0.2595,0.8744404,0.8375406,a2.1.a0.real_tracker_v1.6457,a2.1.a0.real_tracker_v1.2310,842.3536666666668,124.99056666666667,0.14838235201007968
0.3378983,0.0,1.374507,1.337608,a2.1.a0.real_tracker_v1.6457,a2.1.a0.real_tracker_v1.2310,873.2515,110.72453333333334,0.12679555264179987
-0.1220316,-5.551115e-17,1.124474,1.087574,a2.1.a0.real_tracker_v1.6457,a2.1.a0.real_tracker_v1.2310,862.1893,74.75756666666668,0.08670657355651841
-0.5819615,-5.551115e-17,0.8744404,0.8375406,a2.1.a0.real_tracker_v1.6457,a2.1.a0.real_tracker_v1.2310,843.9524666666666,125.60033333333332,0.1488237661128552
0.3378983,0.2595,1.374507,1.337608,a2.1.a0.real_tracker_v1.6457,a2.1.a0.real_tracker_v1.2310,872.7624333333333,103.88496666666667,0.119029925749639
-0.1220316,0.2595,1.124474,1.087574,a2.1.a0.real_tracker_v1.6457,a2.1.a0.real_tracker_v1.2310,861.5673,100.37833333333333,0.11650653039733859
-0.5819615,0.2595,0.8744404,0.8375406,a2.1.a0.real_tracker_v1.6457,a2.1.a0.real_tracker_v1.2310,844.7764666666666,123.99216666666666,0.14677494554384424
