x,y,z,rearZ,mattype,rearMat,Wm2Front,Wm2Back,Back/FrontRatio
-0.08746159,-0.2595,1.475919,1.463374,a2.1.a0.real_tracker_v1.6457,a2.1.a0.real_tracker_v1.2310,485.7706,38.96819333333333,0.08021916747157169
-0.2438351,-0.2595,0.9763198,0.9637741,a2.1.a0.real_tracker_v1.6457,a2.1.a0.real_tracker_v1.2310,89.93784333333333,26.838213333333332,0.29840514219050995
-0.4002085,-0.2595,0.4767204,0.4641747,a2.1.a0.real_tracker_v1.6457,a2.1.a0.real_tracker_v1.2310,68.76855,26.95318333333333,0.39193485101085185
-0.08746159,0.0,1.475919,1.463374,a2.1.a0.real_tracker_v1.6457,a2.1.a0.real_tracker_v1.2310,486.3670666666667,38.69940666666667,0.0795681487312558
-0.2438351,0.0,0.9763198,0.9637741,a2.1.a0.real_tracker_v1.6457,a2.1.a0.real_tracker_v1.2310,93.53014,25.82028,0.27606078574472626
-0.4002085,0.0,0.4767204,0.4641747,a2.1.a0.real_tracker_v1.6457,a2.1.a0.real_tracker_v1.2310,72.31219666666668,26.009756666666664,0.35968202023429646
-0.08746159,0.2595,1.475919,1.463374,a2.1.a0.real_tracker_v1.6457,a2.1.a0.real_tracker_v1.2310,489.3120666666667,38.31916666666667,0.07831216715242703
-0.2438351,0.2595,0.9763198,0.9637741,a2.1.a0.real_tracker_v1.6457,a2.1.a0.real_tracker_v1.2310,456.19666666666666,26.597679999999997,0.05830297246880555
-0.4002085,0.2595,0.4767204,0.4641747,a2.1.a0.real_tracker_v1.6457,a2.1.a0.real_tracker_v1.2310,433.45486666666665,26.41107,0.06093139355363822
