x,y,z,rearZ,mattype,rearMat,Wm2Front,Wm2Back,Back/FrontRatio
0.3234225,-0.2595,0.4155102,0.4098755,a2.1.a0.real_tracker_v1.6457,a2.1.a0.real_tracker_v1.2310,29.59017,14.483426666666666,0.4894509634687194
0.2531902,-0.2595,0.9342777,0.928643,a2.1.a0.real_tracker_v1.6457,a2.1.a0.real_tracker_v1.2310,37.64882666666667,15.20317,0.4038045150805475
0.1829579,-0.2595,1.453045,1.44741,a2.1.a0.real_tracker_v1.6457,a2.1.a0.real_tracker_v1.2310,50.83445333333333,20.906806666666668,0.41126429087940997
0.3234225,0.0,0.4155102,0.4098755,a2.1.a0.real_tracker_v1.6457,a2.1.a0.real_tracker_v1.2310,30.179646666666667,14.393923333333333,0.4769256103856401
0.2531902,0.0,0.9342777,0.928643,a2.1.a0.real_tracker_v1.6457,a2.1.a0.real_tracker_v1.2310,37.20568666666667,14.397056666666666,0.3869480987557254
0.1829579,0.0,1.453045,1.44741,a2.1.a0.real_tracker_v1.6457,a2.1.a0.real_tracker_v1.2310,51.04428333333334,20.70712,0.40566177025170785
0.3234225,0.2595,0.4155102,0.4098755,a2.1.a0.real_tracker_v1.6457,a2.1.a0.real_tracker_v1.2310,30.941736666666667,14.78357,0.4777718971420433
0.2531902,0.2595,0.9342777,0.928643,a2.1.a0.real_tracker_v1.6457,a2.1.a0.real_tracker_v1.2310,38.636676666666666,15.706093333333333,0.40649683646437335
0.1829579,0.2595,1.453045,1.44741,a2.1.a0.real_tracker_v1.6457,a2.1.a0.real_tracker_v1.2310,51.82767333333334,20.57223666666667,0.39692771092860957
