x,y,z,rearZ,mattype,rearMat,Wm2Front,Wm2Back,Back/FrontRatio
-2.993,-6.7235,1.1555,1.1135,a1.0.a0.real_tracker_v1.6457,a1.0.a0.real_tracker_v1.2310,108.4556,44.04585333333333,0.40611501128869365
-2.993,-6.2,1.1555,1.1135,a1.0.a0.real_tracker_v1.6457,a1.0.a0.real_tracker_v1.2310,108.4523,30.876703333333335,0.28470045017840245
-2.993,-5.6765,1.1555,1.1135,a1.0.a0.real_tracker_v1.6457,a1.0.a0.real_tracker_v1.2310,108.4506,31.984753333333334,0.29492191293935116
-2.474,-6.7235,1.1555,1.1135,a1.0.a0.real_tracker_v1.6457,a1.0.a0.real_tracker_v1.2310,108.4615,43.97231,0.4054148668894779
-2.474,-6.2,1.1555,1.1135,a1.0.a0.real_tracker_v1.6457,a1.0.a0.real_tracker_v1.2310,108.45980000000002,30.633076666666668,0.2824345447080112
-2.474,-5.6765,1.1555,1.1135,a1.0.a0.real_tracker_v1.6457,a1.0.a0.real_tracker_v1.2310,108.4581,31.859806666666667,0.2937495025006354
-1.955,-6.7235,1.1555,1.1135,a1.0.a0.real_tracker_v1.6457,a1.0.a0.real_tracker_v1.2310,108.469,44.62307666666666,0.4113863433821947
-1.955,-6.2,1.1555,1.1135,a1.0.a0.real_tracker_v1.6457,a1.0.a0.real_tracker_v1.2310,108.46729999999998,35.579746666666665,0.32801976860213233
-1.955,-5.6765,1.1555,1.1135,a1.0.a0.real_tracker_v1.6457,a1.0.a0.real_tracker_v1.2310,108.4656,32.36868666666667,0.2984207734608319
