x,y,z,rearZ,mattype,rearMat,Wm2Front,Wm2Back,Back/FrontRatio
0.5730893,-0.2595,1.004408,0.9639734,a2.1.a0.real_tracker_v1.6457,a2.1.a0.real_tracker_v1.2310,93.41309333333334,23.71565,0.25387657422712945
0.06909548,-0.2595,1.14598,1.105545,a2.1.a0.real_tracker_v1.6457,a2.1.a0.real_tracker_v1.2310,93.68320333333332,17.809913333333334,0.19010583107554135
-0.4348984,-0.2595,1.287551,1.247116,a2.1.a0.real_tracker_v1.6457,a2.1.a0.real_tracker_v1.2310,94.23039333333334,22.003306666666663,0.2335029323914627
0.5730893,0.0,1.004408,0.9639734,a2.1.a0.real_tracker_v1.6457,a2.1.a0.real_tracker_v1.2310,93.34158333333333,23.81856,0.2551735676196377
0.06909548,-5.551115e-17,1.14598,1.105545,a2.1.a0.real_tracker_v1.6457,a2.1.a0.real_tracker_v1.2310,93.99303333333334,17.05702666666667,0.18146924928922792
-0.4348984,-5.551115e-17,1.287551,1.247116,a2.1.a0.real_tracker_v1.6457,a2.1.a0.real_tracker_v1.2310,94.28579333333333,21.85130666666667,0.23175363053673337
0.5730893,0.2595,1.004408,0.9639734,a2.1.a0.real_tracker_v1.6457,a2.1.a0.real_tracker_v1.2310,93.27165666666667,23.907223333333334,0.25631545393599986
0.06909548,0.2595,1.14598,1.105545,a2.1.a0.real_tracker_v1.6457,a2.1.a0.real_tracker_v1.2310,93.88314333333334,18.12387,0.19304505911772177
-0.4348984,0.2595,1.287551,1.247116,a2.1.a0.real_tracker_v1.6457,a2.1.a0.real_tracker_v1.2310,94.3428,22.327176666666663,0.23665759346842785
