x,y,z,rearZ,mattype,rearMat,Wm2Front,Wm2Back,Back/FrontRatio
0.3378983,-0.2595,1.374507,1.337608,a2.1.a0.real_tracker_v1.6457,a2.1.a0.real_tracker_v1.2310,887.1309333333332,239.32886666666664,0.2697782118691252
-0.1220316,-0.2595,1.124474,1.087574,a2.1.a0.real_tracker_v1.6457,a2.1.a0.real_tracker_v1.2310,886.8986,185.21086666666665,0.20882957514770178
-0.5819615,-0.2595,0.8744404,0.8375406,a2.1.a0.real_tracker_v1.6457,a2.1.a0.real_tracker_v1.2310,886.6201666666667,242.52183333333335,0.27353490132106406
0.3378983,0.0,1.374507,1.337608,a2.1.a0.real_tracker_v1.6457,a2.1.a0.real_tracker_v1.2310,886.9516333333332,238.46833333333333,0.2688625348989888
-0.1220316,-5.551115e-17,1.124474,1.087574,a2.1.a0.real_tracker_v1.6457,a2.1.a0.real_tracker_v1.2310,886.6298333333334,187.62099999999998,0.2116111835346729
-0.5819615,-5.551115e-17,0.8744404,0.8375406,a2.1.a0.real_tracker_v1.6457,a2.1.a0.real_tracker_v1.2310,886.5916666666667,251.09349999999998,0.2832117943678006
0.3378983,0.2595,1.374507,1.337608,a2.1.a0.real_tracker_v1.6457,a2.1.a0.real_tracker_v1.2310,886.7761999999999,237.45219999999998,0.2677698524499728
-0.1220316,0.2595,1.124474,1.087574,a2.1.a0.real_tracker_v1.6457,a2.1.a0.real_tracker_v1.2310,888.2939333333334,212.47296666666668,0.23919191553796249
-0.5819615,0.2595,0.8744404,0.8375406,a2.1.a0.real_tracker_v1.6457,a2.1.a0.real_tracker_v1.2310,887.4449666666666,254.6217333333333,0.28691519585098496
