x,y,z,rearZ,mattype,rearMat,Wm2Front,Wm2Back,Back/FrontRatio
0.5505032,-0.2595,1.09047,1.048776,a2.1.a0.real_tracker_v1.6457,a2.1.a0.real_tracker_v1.2310,855.861,285.38096666666667,0.3334427357058342
0.03082777,-0.2595,1.153633,1.11194,a2.1.a0.real_tracker_v1.6457,a2.1.a0.real_tracker_v1.2310,855.889,230.74123333333333,0.269592159428587
-0.4888477,-0.2595,1.216797,1.175104,a2.1.a0.real_tracker_v1.6457,a2.1.a0.real_tracker_v1.2310,855.9185666666667,286.8045,0.3350834718231117
0.5505032,0.0,1.09047,1.048776,a2.1.a0.real_tracker_v1.6457,a2.1.a0.real_tracker_v1.2310,855.9013333333332,289.7407333333333,0.3385207891710386
0.03082777,-5.551115e-17,1.153633,1.11194,a2.1.a0.real_tracker_v1.6457,a2.1.a0.real_tracker_v1.2310,855.9308666666666,233.1138,0.2723508833802815
-0.4888477,-5.551115e-17,1.216797,1.175104,a2.1.a0.real_tracker_v1.6457,a2.1.a0.real_tracker_v1.2310,855.9604333333333,284.90513333333337,0.3328480959987178
0.5505032,0.2595,1.09047,1.048776,a2.1.a0.real_tracker_v1.6457,a2.1.a0.real_tracker_v1.2310,855.9431666666666,284.2968333333333,0.33214413323298936
0.03082777,0.2595,1.153633,1.11194,a2.1.a0.real_tracker_v1.6457,a2.1.a0.real_tracker_v1.2310,855.9727333333334,258.0559,0.3014764238092664
-0.4888477,0.2595,1.216797,1.175104,a2.1.a0.real_tracker_v1.6457,a2.1.a0.real_tracker_v1.2310,855.9735666666666,287.3079333333333,0.3356500818151256
