x,y,z,rearZ,mattype,rearMat,Wm2Front,Wm2Back,Back/FrontRatio
0.5627923,-0.2595,0.7496761,0.7179638,a2.1.a0.real_tracker_v1.6457,a2.1.a0.real_tracker_v1.2310,887.0441999999999,183.5022,0.20686905244512907
0.1675221,-0.2595,1.092916,1.061204,a2.1.a0.real_tracker_v1.6457,a2.1.a0.real_tracker_v1.2310,888.7742666666667,139.27149999999997,0.1567004677372885
-0.2277481,-0.2595,1.436156,1.404444,a2.1.a0.real_tracker_v1.6457,a2.1.a0.real_tracker_v1.2310,891.4914666666667,188.90953333333334,0.2119025571126531
0.5627923,0.0,0.7496761,0.7179638,a2.1.a0.real_tracker_v1.6457,a2.1.a0.real_tracker_v1.2310,887.2343,190.04063333333332,0.2141941752467844
0.1675221,0.0,1.092916,1.061204,a2.1.a0.real_tracker_v1.6457,a2.1.a0.real_tracker_v1.2310,889.1196,138.72613333333334,0.15602622786305181
-0.2277481,-5.551115e-17,1.436156,1.404444,a2.1.a0.real_tracker_v1.6457,a2.1.a0.real_tracker_v1.2310,891.6314666666667,192.4711,0.2158637187355298
0.5627923,0.2595,0.7496761,0.7179638,a2.1.a0.real_tracker_v1.6457,a2.1.a0.real_tracker_v1.2310,887.4187000000001,201.98406666666665,0.22760827449138962
0.1675221,0.2595,1.092916,1.061204,a2.1.a0.real_tracker_v1.6457,a2.1.a0.real_tracker_v1.2310,889.4595333333333,160.63366666666667,0.18059673324085282
-0.2277481,0.2595,1.436156,1.404444,a2.1.a0.real_tracker_v1.6457,a2.1.a0.real_tracker_v1.2310,891.7645333333334,189.40753333333336,0.2123961133879511
