x,y,z,rearZ,mattype,rearMat,Wm2Front,Wm2Back,Back/FrontRatio
0.5051652,-0.2595,0.60993,0.586371,a2.1.a0.real_tracker_v1.6457,a2.1.a0.real_tracker_v1.2310,849.0197666666667,118.25903333333333,0.13928874060128016
0.2115194,-0.2595,1.043317,1.019758,a2.1.a0.real_tracker_v1.6457,a2.1.a0.real_tracker_v1.2310,849.8901999999999,87.93869333333333,0.10347053050241413
-0.08212641,-0.2595,1.476704,1.453145,a2.1.a0.real_tracker_v1.6457,a2.1.a0.real_tracker_v1.2310,850.6796,141.49943333333331,0.1663367347666484
0.5051652,0.0,0.60993,0.586371,a2.1.a0.real_tracker_v1.6457,a2.1.a0.real_tracker_v1.2310,848.9773666666666,121.29946666666666,0.14287698182808034
0.2115194,0.0,1.043317,1.019758,a2.1.a0.real_tracker_v1.6457,a2.1.a0.real_tracker_v1.2310,849.7812,89.44894,0.10526101864689563
-0.08212641,-5.551115e-17,1.476704,1.453145,a2.1.a0.real_tracker_v1.6457,a2.1.a0.real_tracker_v1.2310,850.7467999999999,142.53913333333333,0.16754569724815432
0.5051652,0.2595,0.60993,0.586371,a2.1.a0.real_tracker_v1.6457,a2.1.a0.real_tracker_v1.2310,849.6227666666667,131.26333333333332,0.15449583507805983
0.2115194,0.2595,1.043317,1.019758,a2.1.a0.real_tracker_v1.6457,a2.1.a0.real_tracker_v1.2310,849.6736666666667,102.88383333333333,0.12108614905155855
-0.08212641,0.2595,1.476704,1.453145,a2.1.a0.real_tracker_v1.6457,a2.1.a0.real_tracker_v1.2310,850.8144333333333,142.56186666666665,0.16755909810913552
