x,y,z,rearZ,mattype,rearMat,Wm2Front,Wm2Back,Back/FrontRatio
-0.08746159,-0.2595,1.475919,1.463374,a2.1.a0.real_tracker_v1.6457,a2.1.a0.real_tracker_v1.2310,541.2081333333333,75.79235,0.14004262923870342
-0.2438351,-0.2595,0.9763198,0.9637741,a2.1.a0.real_tracker_v1.6457,a2.1.a0.real_tracker_v1.2310,538.2250666666667,47.18956333333333,0.08767610165294855
-0.4002085,-0.2595,0.4767204,0.4641747,a2.1.a0.real_tracker_v1.6457,a2.1.a0.real_tracker_v1.2310,535.0616333333334,59.75045666666667,0.11167002317921784
-0.08746159,0.0,1.475919,1.463374,a2.1.a0.real_tracker_v1.6457,a2.1.a0.real_tracker_v1.2310,541.4659333333333,75.67606666666667,0.13976119686717714
-0.2438351,0.0,0.9763198,0.9637741,a2.1.a0.real_tracker_v1.6457,a2.1.a0.real_tracker_v1.2310,538.6605666666668,44.61602666666666,0.08282756637485489
-0.4002085,0.0,0.4767204,0.4641747,a2.1.a0.real_tracker_v1.6457,a2.1.a0.real_tracker_v1.2310,535.3805666666666,59.49179,0.11112035546984032
-0.08746159,0.2595,1.475919,1.463374,a2.1.a0.real_tracker_v1.6457,a2.1.a0.real_tracker_v1.2310,541.7247000000001,75.94134,0.14018411901078348
-0.2438351,0.2595,0.9763198,0.9637741,a2.1.a0.real_tracker_v1.6457,a2.1.a0.real_tracker_v1.2310,538.0287666666667,51.138020000000004,0.09504682299795929
-0.4002085,0.2595,0.4767204,0.4641747,a2.1.a0.real_tracker_v1.6457,a2.1.a0.real_tracker_v1.2310,534.7164666666666,62.40697,0.11671017666401273
