x,y,z,rearZ,mattype,rearMat,Wm2Front,Wm2Back,Back/FrontRatio
0.3234225,-0.2595,0.4155102,0.4098755,a2.1.a0.real_tracker_v1.6457,a2.1.a0.real_tracker_v1.2310,159.60176666666666,26.761439999999997,0.1676752888368894
0.2531902,-0.2595,0.9342777,0.928643,a2.1.a0.real_tracker_v1.6457,a2.1.a0.real_tracker_v1.2310,162.8971,20.552143333333333,0.1261656417928345
0.1829579,-0.2595,1.453045,1.44741,a2.1.a0.real_tracker_v1.6457,a2.1.a0.real_tracker_v1.2310,166.1428,32.16393,0.19359091341356102
0.3234225,0.0,0.4155102,0.4098755,a2.1.a0.real_tracker_v1.6457,a2.1.a0.real_tracker_v1.2310,159.71056666666667,26.482033333333334,0.16581161831944127
0.2531902,0.0,0.9342777,0.928643,a2.1.a0.real_tracker_v1.6457,a2.1.a0.real_tracker_v1.2310,162.7568,19.24300666666667,0.11823093373507548
0.1829579,0.0,1.453045,1.44741,a2.1.a0.real_tracker_v1.6457,a2.1.a0.real_tracker_v1.2310,166.1176,32.10465666666666,0.19326346758681243
0.3234225,0.2595,0.4155102,0.4098755,a2.1.a0.real_tracker_v1.6457,a2.1.a0.real_tracker_v1.2310,67.80496333333333,26.761126666666666,0.3946721696896964
0.2531902,0.2595,0.9342777,0.928643,a2.1.a0.real_tracker_v1.6457,a2.1.a0.real_tracker_v1.2310,162.88066666666666,20.66459,0.1268687288317695
0.1829579,0.2595,1.453045,1.44741,a2.1.a0.real_tracker_v1.6457,a2.1.a0.real_tracker_v1.2310,166.0928,31.99021666666667,0.19260331611816134
