x,y,z,rearZ,mattype,rearMat,Wm2Front,Wm2Back,Back/FrontRatio
0.5627923,-0.2595,0.7496761,0.7179638,a2.1.a0.real_tracker_v1.6457,a2.1.a0.real_tracker_v1.2310,901.2985333333332,189.71703333333335,0.2104927677391453
0.1675221,-0.2595,1.092916,1.061204,a2.1.a0.real_tracker_v1.6457,a2.1.a0.real_tracker_v1.2310,901.9513999999999,149.43726666666666,0.16568198794821842
-0.2277481,-0.2595,1.436156,1.404444,a2.1.a0.real_tracker_v1.6457,a2.1.a0.real_tracker_v1.2310,901.2976,207.79176666666663,0.2305470869106716
0.5627923,0.0,0.7496761,0.7179638,a2.1.a0.real_tracker_v1.6457,a2.1.a0.real_tracker_v1.2310,901.7009000000002,198.32926666666665,0.21994992654076323
0.1675221,0.0,1.092916,1.061204,a2.1.a0.real_tracker_v1.6457,a2.1.a0.real_tracker_v1.2310,901.9784333333333,151.08086666666668,0.1674992367712154
-0.2277481,-5.551115e-17,1.436156,1.404444,a2.1.a0.real_tracker_v1.6457,a2.1.a0.real_tracker_v1.2310,901.2575999999999,207.02266666666665,0.2297039569627038
0.5627923,0.2595,0.7496761,0.7179638,a2.1.a0.real_tracker_v1.6457,a2.1.a0.real_tracker_v1.2310,902.0979000000001,207.1635,0.22964610643023728
0.1675221,0.2595,1.092916,1.061204,a2.1.a0.real_tracker_v1.6457,a2.1.a0.real_tracker_v1.2310,901.9994999999999,173.23886666666667,0.19206072132628163
-0.2277481,0.2595,1.436156,1.404444,a2.1.a0.real_tracker_v1.6457,a2.1.a0.real_tracker_v1.2310,901.2126,209.59546666666665,0.23257024379865845
