x,y,z,rearZ,mattype,rearMat,Wm2Front,Wm2Back,Back/FrontRatio
0.2575994,-0.2595,0.3775299,0.3773613,a2.1.a0.real_tracker_v1.6457,a2.1.a0.real_tracker_v1.2310,0.6584416999999999,0.6044837333333334,0.9166598553493561
0.2554979,-0.2595,0.9010256,0.900857,a2.1.a0.real_tracker_v1.6457,a2.1.a0.real_tracker_v1.2310,0.6877352999999999,0.48416573333333335,0.7029779558755496
0.2533965,-0.2595,1.424521,1.424353,a2.1.a0.real_tracker_v1.6457,a2.1.a0.real_tracker_v1.2310,0.7005634333333334,0.6966412333333333,0.9929839558817749
0.2575994,0.0,0.3775299,0.3773613,a2.1.a0.real_tracker_v1.6457,a2.1.a0.real_tracker_v1.2310,0.6567120999999999,0.6028632666666667,0.9166066226646381
0.2554979,0.0,0.9010256,0.900857,a2.1.a0.real_tracker_v1.6457,a2.1.a0.real_tracker_v1.2310,0.6876712999999999,0.47126609999999997,0.6843120948992648
0.2533965,0.0,1.424521,1.424353,a2.1.a0.real_tracker_v1.6457,a2.1.a0.real_tracker_v1.2310,0.7004933666666666,0.6936694333333332,0.9888467465194847
0.2575994,0.2595,0.3775299,0.3773613,a2.1.a0.real_tracker_v1.6457,a2.1.a0.real_tracker_v1.2310,0.6567800333333333,0.6001407,0.9123729356130754
0.2554979,0.2595,0.9010256,0.900857,a2.1.a0.real_tracker_v1.6457,a2.1.a0.real_tracker_v1.2310,0.6873148333333333,0.4791640666666666,0.696140840589178
0.2533965,0.2595,1.424521,1.424353,a2.1.a0.real_tracker_v1.6457,a2.1.a0.real_tracker_v1.2310,0.7004222666666667,0.6958179000000001,0.9920099960708405
