x,y,z,rearZ,mattype,rearMat,Wm2Front,Wm2Back,Back/FrontRatio
0.5505032,-0.2595,1.09047,1.048776,a2.1.a0.real_tracker_v1.6457,a2.1.a0.real_tracker_v1.2310,856.1073333333334,286.15316666666666,0.33424878082018433
0.03082777,-0.2595,1.153633,1.11194,a2.1.a0.real_tracker_v1.6457,a2.1.a0.real_tracker_v1.2310,856.1040666666668,230.99620000000002,0.2698222554614792
-0.4888477,-0.2595,1.216797,1.175104,a2.1.a0.real_tracker_v1.6457,a2.1.a0.real_tracker_v1.2310,856.1027666666668,292.2562,0.3413794114443992
0.5505032,0.0,1.09047,1.048776,a2.1.a0.real_tracker_v1.6457,a2.1.a0.real_tracker_v1.2310,856.1515666666666,291.85276666666664,0.34088873645845913
0.03082777,-5.551115e-17,1.153633,1.11194,a2.1.a0.real_tracker_v1.6457,a2.1.a0.real_tracker_v1.2310,856.1502666666667,236.1766,0.27585849509926946
-0.4888477,-5.551115e-17,1.216797,1.175104,a2.1.a0.real_tracker_v1.6457,a2.1.a0.real_tracker_v1.2310,856.1488666666665,295.76573333333334,0.3454602340649395
0.5505032,0.2595,1.09047,1.048776,a2.1.a0.real_tracker_v1.6457,a2.1.a0.real_tracker_v1.2310,856.1977,285.5523333333333,0.3335117576484679
0.03082777,0.2595,1.153633,1.11194,a2.1.a0.real_tracker_v1.6457,a2.1.a0.real_tracker_v1.2310,856.1964000000002,260.05760000000004,0.3037355637847067
-0.4888477,0.2595,1.216797,1.175104,a2.1.a0.real_tracker_v1.6457,a2.1.a0.real_tracker_v1.2310,856.1950666666667,290.29953333333333,0.33905730782380766
