x,y,z,rearZ,mattype,rearMat,Wm2Front,Wm2Back,Back/FrontRatio
-0.2595,-0.5235,1.1555,1.1135,a0.0.a0.real_tracker_v1.6457,a0.0.a0.real_tracker_v1.2310,781.8611999999999,446.23213333333337,0.570729897587239
-0.2595,-1.110223e-16,1.1555,1.1135,a0.0.a0.real_tracker_v1.6457,a0.0.a0.real_tracker_v1.2310,781.8485999999999,285.7667666666667,0.3655009437450204
-0.2595,0.5235,1.1555,1.1135,a0.0.a0.real_tracker_v1.6457,a0.0.a0.real_tracker_v1.2310,781.8323,355.17800000000005,0.4542886571856175
1.110223e-16,-0.5235,1.1555,1.1135,a0.0.a0.real_tracker_v1.6457,a0.0.a0.real_tracker_v1.2310,781.8642999999998,441.0271333333333,0.5640704777834922
5.551115e-17,-7.924272e-17,1.1555,1.1135,a0.0.a0.real_tracker_v1.6457,a0.0.a0.real_tracker_v1.2310,781.8481,277.3308333333334,0.3547114568953694
0.0,0.5235,1.1555,1.1135,a0.0.a0.real_tracker_v1.6457,a0.0.a0.real_tracker_v1.2310,781.8319,345.7909,0.4422823598239471
0.2595,-0.5235,1.1555,1.1135,a0.0.a0.real_tracker_v1.6457,a0.0.a0.real_tracker_v1.2310,781.8639,445.1623333333334,0.5693596596206498
0.2595,-4.746313e-17,1.1555,1.1135,a0.0.a0.real_tracker_v1.6457,a0.0.a0.real_tracker_v1.2310,781.8476999999999,282.52376666666663,0.36135350313515474
0.2595,0.5235,1.1555,1.1135,a0.0.a0.real_tracker_v1.6457,a0.0.a0.real_tracker_v1.2310,781.8314,349.7871666666667,0.44739405359341294
