x,y,z,rearZ,mattype,rearMat,Wm2Front,Wm2Back,Back/FrontRatio
-0.2595,-0.5235,1.1555,1.1135,a0.0.a0.real_tracker_v1.6457,a0.0.a0.real_tracker_v1.2310,327.0058,204.40396666666666,0.6250755845648062
-0.2595,-1.110223e-16,1.1555,1.1135,a0.0.a0.real_tracker_v1.6457,a0.0.a0.real_tracker_v1.2310,327.0046,136.798,0.41833534349258855
-0.2595,0.5235,1.1555,1.1135,a0.0.a0.real_tracker_v1.6457,a0.0.a0.real_tracker_v1.2310,327.0037,199.82883333333334,0.6110885664130619
1.110223e-16,-0.5235,1.1555,1.1135,a0.0.a0.real_tracker_v1.6457,a0.0.a0.real_tracker_v1.2310,327.0067,205.70603333333335,0.6290556257034111
5.551115e-17,-7.924272e-17,1.1555,1.1135,a0.0.a0.real_tracker_v1.6457,a0.0.a0.real_tracker_v1.2310,327.0057,146.87556666666669,0.4491515515329402
0.0,0.5235,1.1555,1.1135,a0.0.a0.real_tracker_v1.6457,a0.0.a0.real_tracker_v1.2310,327.0048,202.63899999999998,0.6196801402299287
0.2595,-0.5235,1.1555,1.1135,a0.0.a0.real_tracker_v1.6457,a0.0.a0.real_tracker_v1.2310,327.0078,208.5634,0.6377913988859016
0.2595,-4.746313e-17,1.1555,1.1135,a0.0.a0.real_tracker_v1.6457,a0.0.a0.real_tracker_v1.2310,327.0068,199.41496666666663,0.6098171562472413
0.2595,0.5235,1.1555,1.1135,a0.0.a0.real_tracker_v1.6457,a0.0.a0.real_tracker_v1.2310,327.0059,204.00216666666665,0.6238466731639811
