x,y,z,rearZ,mattype,rearMat,Wm2Front,Wm2Back,Back/FrontRatio
-0.2595,-0.5235,1.1555,1.1135,a0.0.a0.real_tracker_v1.6457,a0.0.a0.real_tracker_v1.2310,765.5873,431.96750000000003,0.5642294951477185
-0.2595,-1.110223e-16,1.1555,1.1135,a0.0.a0.real_tracker_v1.6457,a0.0.a0.real_tracker_v1.2310,765.58,272.1399,0.3554684612078931
-0.2595,0.5235,1.1555,1.1135,a0.0.a0.real_tracker_v1.6457,a0.0.a0.real_tracker_v1.2310,765.5715,333.83363333333335,0.4360575038070638
1.110223e-16,-0.5235,1.1555,1.1135,a0.0.a0.real_tracker_v1.6457,a0.0.a0.real_tracker_v1.2310,765.5898000000001,435.5755,0.5689403529927475
5.551115e-17,-7.924272e-17,1.1555,1.1135,a0.0.a0.real_tracker_v1.6457,a0.0.a0.real_tracker_v1.2310,765.5814,271.47796666666665,0.35460319707802407
0.0,0.5235,1.1555,1.1135,a0.0.a0.real_tracker_v1.6457,a0.0.a0.real_tracker_v1.2310,765.5731,343.07543333333336,0.44812831747225174
0.2595,-0.5235,1.1555,1.1135,a0.0.a0.real_tracker_v1.6457,a0.0.a0.real_tracker_v1.2310,765.5913999999999,444.6800666666666,0.5808313492488518
0.2595,-4.746313e-17,1.1555,1.1135,a0.0.a0.real_tracker_v1.6457,a0.0.a0.real_tracker_v1.2310,765.5829,285.1761666666667,0.37249498933646163
0.2595,0.5235,1.1555,1.1135,a0.0.a0.real_tracker_v1.6457,a0.0.a0.real_tracker_v1.2310,765.5746,371.7579,0.4855926704038112
