x,y,z,rearZ,mattype,rearMat,Wm2Front,Wm2Back,Back/FrontRatio
-0.2595,-0.5235,1.1555,1.1135,a0.0.a0.real_tracker_v1.6457,a0.0.a0.real_tracker_v1.2310,740.8962,430.6266666666667,0.5812232340285086
-0.2595,-1.110223e-16,1.1555,1.1135,a0.0.a0.real_tracker_v1.6457,a0.0.a0.real_tracker_v1.2310,740.8804999999999,287.01286666666664,0.38739375550161087
-0.2595,0.5235,1.1555,1.1135,a0.0.a0.real_tracker_v1.6457,a0.0.a0.real_tracker_v1.2310,740.8595,374.36813333333333,0.5053152831515965
1.110223e-16,-0.5235,1.1555,1.1135,a0.0.a0.real_tracker_v1.6457,a0.0.a0.real_tracker_v1.2310,740.8966999999999,422.54403333333335,0.5703135984000671
5.551115e-17,-7.924272e-17,1.1555,1.1135,a0.0.a0.real_tracker_v1.6457,a0.0.a0.real_tracker_v1.2310,740.8757,269.3800333333333,0.36359630871551674
0.0,0.5235,1.1555,1.1135,a0.0.a0.real_tracker_v1.6457,a0.0.a0.real_tracker_v1.2310,740.8547,350.7792666666667,0.4734785284997695
0.2595,-0.5235,1.1555,1.1135,a0.0.a0.real_tracker_v1.6457,a0.0.a0.real_tracker_v1.2310,740.8920000000002,418.484,0.564837297693459
0.2595,-4.746313e-17,1.1555,1.1135,a0.0.a0.real_tracker_v1.6457,a0.0.a0.real_tracker_v1.2310,740.871,267.75506666666666,0.3614052989810206
0.2595,0.5235,1.1555,1.1135,a0.0.a0.real_tracker_v1.6457,a0.0.a0.real_tracker_v1.2310,740.85,333.90610000000004,0.45070614738996106
