x,y,z,rearZ,mattype,rearMat,Wm2Front,Wm2Back,Back/FrontRatio
-0.2595,-0.5235,1.1555,1.1135,a0.0.a0.real_tracker_v1.6457,a0.0.a0.real_tracker_v1.2310,653.4915,376.58823333333333,0.5762701688746747
-0.2595,-1.110223e-16,1.1555,1.1135,a0.0.a0.real_tracker_v1.6457,a0.0.a0.real_tracker_v1.2310,653.4869,239.38649999999998,0.36632124328545335
-0.2595,0.5235,1.1555,1.1135,a0.0.a0.real_tracker_v1.6457,a0.0.a0.real_tracker_v1.2310,653.4819,308.1032666666667,0.4714786977083359
1.110223e-16,-0.5235,1.1555,1.1135,a0.0.a0.real_tracker_v1.6457,a0.0.a0.real_tracker_v1.2310,653.494,385.26876666666664,0.5895512079918999
5.551115e-17,-7.924272e-17,1.1555,1.1135,a0.0.a0.real_tracker_v1.6457,a0.0.a0.real_tracker_v1.2310,653.489,244.90133333333333,0.3747591138859559
0.0,0.5235,1.1555,1.1135,a0.0.a0.real_tracker_v1.6457,a0.0.a0.real_tracker_v1.2310,653.484,330.7035333333333,0.506061399011964
0.2595,-0.5235,1.1555,1.1135,a0.0.a0.real_tracker_v1.6457,a0.0.a0.real_tracker_v1.2310,653.496,394.0416333333333,0.6029738978653817
0.2595,-4.746313e-17,1.1555,1.1135,a0.0.a0.real_tracker_v1.6457,a0.0.a0.real_tracker_v1.2310,653.491,266.15113333333335,0.40727527396407814
0.2595,0.5235,1.1555,1.1135,a0.0.a0.real_tracker_v1.6457,a0.0.a0.real_tracker_v1.2310,653.486,353.46520000000004,0.5408909435076751
