x,y,z,rearZ,mattype,rearMat,Wm2Front,Wm2Back,Back/FrontRatio
0.464456,-0.2595,1.251587,1.210374,a2.1.a0.real_tracker_v1.6457,a2.1.a0.real_tracker_v1.2310,858.2097666666665,279.6003666666666,0.3257945221925477
-0.04923312,-0.2595,1.150712,1.109499,a2.1.a0.real_tracker_v1.6457,a2.1.a0.real_tracker_v1.2310,858.2060666666666,225.12333333333333,0.2623182004405153
-0.5629222,-0.2595,1.049837,1.008624,a2.1.a0.real_tracker_v1.6457,a2.1.a0.real_tracker_v1.2310,858.2052666666665,281.16993333333335,0.327625122600674
0.464456,0.0,1.251587,1.210374,a2.1.a0.real_tracker_v1.6457,a2.1.a0.real_tracker_v1.2310,858.1594333333333,283.4303333333333,0.33027662698501636
-0.04923312,-5.551115e-17,1.150712,1.109499,a2.1.a0.real_tracker_v1.6457,a2.1.a0.real_tracker_v1.2310,858.1586333333333,229.97323333333335,0.2679842122613629
-0.5629222,-5.551115e-17,1.049837,1.008624,a2.1.a0.real_tracker_v1.6457,a2.1.a0.real_tracker_v1.2310,858.1578666666666,285.67216666666667,0.33288960559983344
0.464456,0.2595,1.251587,1.210374,a2.1.a0.real_tracker_v1.6457,a2.1.a0.real_tracker_v1.2310,858.1120333333333,280.7764333333334,0.3272021545257966
-0.04923312,0.2595,1.150712,1.109499,a2.1.a0.real_tracker_v1.6457,a2.1.a0.real_tracker_v1.2310,858.1112666666668,252.3661,0.29409450231997614
-0.5629222,0.2595,1.049837,1.008624,a2.1.a0.real_tracker_v1.6457,a2.1.a0.real_tracker_v1.2310,857.7521333333333,279.75163333333336,0.32614469415714564
