x,y,z,rearZ,mattype,rearMat,Wm2Front,Wm2Back,Back/FrontRatio
0.3362399,-0.2595,1.375684,1.338854,a2.1.a0.real_tracker_v1.6457,a2.1.a0.real_tracker_v1.2310,892.7977999999999,236.13196666666667,0.2644850851800727
-0.1228144,-0.2595,1.124047,1.087217,a2.1.a0.real_tracker_v1.6457,a2.1.a0.real_tracker_v1.2310,892.4732333333333,181.28786666666667,0.20312952452371458
-0.5818688,-0.2595,0.8724092,0.8355796,a2.1.a0.real_tracker_v1.6457,a2.1.a0.real_tracker_v1.2310,890.2498666666667,242.83416666666668,0.272770491733304
0.3362399,0.0,1.375684,1.338854,a2.1.a0.real_tracker_v1.6457,a2.1.a0.real_tracker_v1.2310,892.7874333333333,236.44806666666668,0.2648422155110806
-0.1228144,-5.551115e-17,1.124047,1.087217,a2.1.a0.real_tracker_v1.6457,a2.1.a0.real_tracker_v1.2310,892.4615,186.8602666666667,0.2093760428776186
-0.5818688,-5.551115e-17,0.8724092,0.8355796,a2.1.a0.real_tracker_v1.6457,a2.1.a0.real_tracker_v1.2310,890.2681666666667,250.5294666666667,0.2814086750917092
0.3362399,0.2595,1.375684,1.338854,a2.1.a0.real_tracker_v1.6457,a2.1.a0.real_tracker_v1.2310,892.7757,239.87070000000003,0.26867939093840604
-0.1228144,0.2595,1.124047,1.087217,a2.1.a0.real_tracker_v1.6457,a2.1.a0.real_tracker_v1.2310,891.0279,208.755,0.23428533013912342
-0.5818688,0.2595,0.8724092,0.8355796,a2.1.a0.real_tracker_v1.6457,a2.1.a0.real_tracker_v1.2310,890.5479,251.0639,0.2819203976334146
