x,y,z,rearZ,mattype,rearMat,Wm2Front,Wm2Back,Back/FrontRatio
0.5503368,-0.2595,1.09095,1.049252,a2.1.a0.real_tracker_v1.6457,a2.1.a0.real_tracker_v1.2310,860.2752999999999,290.2764666666667,0.33742236844914447
0.03060642,-0.2595,1.15366,1.111963,a2.1.a0.real_tracker_v1.6457,a2.1.a0.real_tracker_v1.2310,860.2763,233.53740000000002,0.2714675837663042
-0.489124,-0.2595,1.21637,1.174673,a2.1.a0.real_tracker_v1.6457,a2.1.a0.real_tracker_v1.2310,860.2790666666666,286.0044333333333,0.3324550276301493
0.5503368,0.0,1.09095,1.049252,a2.1.a0.real_tracker_v1.6457,a2.1.a0.real_tracker_v1.2310,860.2599,295.4454666666667,0.3434370510930657
0.03060642,-5.551115e-17,1.15366,1.111963,a2.1.a0.real_tracker_v1.6457,a2.1.a0.real_tracker_v1.2310,860.2627333333334,231.9578333333333,0.26963572256446006
-0.489124,-5.551115e-17,1.21637,1.174673,a2.1.a0.real_tracker_v1.6457,a2.1.a0.real_tracker_v1.2310,860.2654333333334,287.1443,0.3337853121705357
0.5503368,0.2595,1.09095,1.049252,a2.1.a0.real_tracker_v1.6457,a2.1.a0.real_tracker_v1.2310,860.2462999999999,285.8773,0.33231990382300536
0.03060642,0.2595,1.15366,1.111963,a2.1.a0.real_tracker_v1.6457,a2.1.a0.real_tracker_v1.2310,860.2491,259.56923333333333,0.3017369406098684
-0.489124,0.2595,1.21637,1.174673,a2.1.a0.real_tracker_v1.6457,a2.1.a0.real_tracker_v1.2310,860.2518666666666,282.17220000000003,0.328010763966843
