x,y,z,rearZ,mattype,rearMat,Wm2Front,Wm2Back,Back/FrontRatio
0.0457528,-0.2595,1.480723,1.459394,a2.1.a0.real_tracker_v1.6457,a2.1.a0.real_tracker_v1.2310,826.7743333333334,108.29466666666667,0.13098439479326507
-0.220101,-0.2595,1.029753,1.008424,a2.1.a0.real_tracker_v1.6457,a2.1.a0.real_tracker_v1.2310,820.9779333333332,65.77224,0.08011440650852268
-0.4859547,-0.2595,0.5787828,0.5574536,a2.1.a0.real_tracker_v1.6457,a2.1.a0.real_tracker_v1.2310,817.0054666666666,91.18933,0.11161396356144714
0.0457528,0.0,1.480723,1.459394,a2.1.a0.real_tracker_v1.6457,a2.1.a0.real_tracker_v1.2310,826.3131,110.45896666666665,0.1336767297891524
-0.220101,0.0,1.029753,1.008424,a2.1.a0.real_tracker_v1.6457,a2.1.a0.real_tracker_v1.2310,821.0329333333333,63.217823333333335,0.0769978203905336
-0.4859547,-5.551115e-17,0.5787828,0.5574536,a2.1.a0.real_tracker_v1.6457,a2.1.a0.real_tracker_v1.2310,817.5405333333333,93.47793666666666,0.11434029080520516
0.0457528,0.2595,1.480723,1.459394,a2.1.a0.real_tracker_v1.6457,a2.1.a0.real_tracker_v1.2310,826.5333666666667,109.21486666666665,0.13213590513739878
-0.220101,0.2595,1.029753,1.008424,a2.1.a0.real_tracker_v1.6457,a2.1.a0.real_tracker_v1.2310,821.4460333333333,77.05324666666667,0.0938018442333328
-0.4859547,0.2595,0.5787828,0.5574536,a2.1.a0.real_tracker_v1.6457,a2.1.a0.real_tracker_v1.2310,817.4427000000001,102.67316666666666,0.12560273773798325
