x,y,z,rearZ,mattype,rearMat,Wm2Front,Wm2Back,Back/FrontRatio
0.5823423,-0.2595,0.9144885,0.8762975,a2.1.a0.real_tracker_v1.6457,a2.1.a0.real_tracker_v1.2310,887.0727999999999,252.36706666666666,0.2844938793893661
0.1063192,-0.2595,1.132328,1.094137,a2.1.a0.real_tracker_v1.6457,a2.1.a0.real_tracker_v1.2310,885.1288,195.89059999999998,0.2213128515162409
-0.3697039,-0.2595,1.350168,1.311977,a2.1.a0.real_tracker_v1.6457,a2.1.a0.real_tracker_v1.2310,885.357,251.95023333333333,0.2845744132128849
0.5823423,0.0,0.9144885,0.8762975,a2.1.a0.real_tracker_v1.6457,a2.1.a0.real_tracker_v1.2310,886.4448666666667,262.92126666666667,0.29660160485077186
0.1063192,-5.551115e-17,1.132328,1.094137,a2.1.a0.real_tracker_v1.6457,a2.1.a0.real_tracker_v1.2310,885.2769,200.33543333333333,0.22629666157184467
-0.3697039,-5.551115e-17,1.350168,1.311977,a2.1.a0.real_tracker_v1.6457,a2.1.a0.real_tracker_v1.2310,885.504,252.0589666666667,0.28464996433297013
0.5823423,0.2595,0.9144885,0.8762975,a2.1.a0.real_tracker_v1.6457,a2.1.a0.real_tracker_v1.2310,885.1968666666667,262.12056666666666,0.29611522636596205
0.1063192,0.2595,1.132328,1.094137,a2.1.a0.real_tracker_v1.6457,a2.1.a0.real_tracker_v1.2310,885.4238666666666,224.0554,0.25304846117942775
-0.3697039,0.2595,1.350168,1.311977,a2.1.a0.real_tracker_v1.6457,a2.1.a0.real_tracker_v1.2310,887.2799666666666,249.41049999999998,0.2810952892824742
