x,y,z,rearZ,mattype,rearMat,Wm2Front,Wm2Back,Back/FrontRatio
0.04848887,-0.2595,1.480501,1.459001,a2.1.a0.real_tracker_v1.6457,a2.1.a0.real_tracker_v1.2310,828.6771333333332,111.67053333333332,0.13475742733085272
-0.2194871,-0.2595,1.030789,1.009289,a2.1.a0.real_tracker_v1.6457,a2.1.a0.real_tracker_v1.2310,823.3456,63.53454333333334,0.07716621813138397
-0.487463,-0.2595,0.5810764,0.5595769,a2.1.a0.real_tracker_v1.6457,a2.1.a0.real_tracker_v1.2310,819.7597999999999,92.97507,0.11341731636838455
0.04848887,0.0,1.480501,1.459001,a2.1.a0.real_tracker_v1.6457,a2.1.a0.real_tracker_v1.2310,828.3048333333332,110.56743333333334,0.1334862425010086
-0.2194871,0.0,1.030789,1.009289,a2.1.a0.real_tracker_v1.6457,a2.1.a0.real_tracker_v1.2310,823.1230333333333,64.46016333333334,0.07831160399034234
-0.487463,-5.551115e-17,0.5810764,0.5595769,a2.1.a0.real_tracker_v1.6457,a2.1.a0.real_tracker_v1.2310,821.4926666666667,93.21926,0.11347532401345356
0.04848887,0.2595,1.480501,1.459001,a2.1.a0.real_tracker_v1.6457,a2.1.a0.real_tracker_v1.2310,827.9124333333333,110.91853333333334,0.13397358814043483
-0.2194871,0.2595,1.030789,1.009289,a2.1.a0.real_tracker_v1.6457,a2.1.a0.real_tracker_v1.2310,823.5488,78.48192,0.09529711500142432
-0.487463,0.2595,0.5810764,0.5595769,a2.1.a0.real_tracker_v1.6457,a2.1.a0.real_tracker_v1.2310,822.7836666666667,104.71466666666667,0.12726861706222042
