x,y,z,rearZ,mattype,rearMat,Wm2Front,Wm2Back,Back/FrontRatio
0.5823372,-0.2595,0.9146917,0.8764947,a2.1.a0.real_tracker_v1.6457,a2.1.a0.real_tracker_v1.2310,878.7401,249.7705,0.28423673366364677
0.1062381,-0.2595,1.132365,1.094168,a2.1.a0.real_tracker_v1.6457,a2.1.a0.real_tracker_v1.2310,878.7677333333332,197.73256666666666,0.2250109262725248
-0.3698611,-0.2595,1.350039,1.311842,a2.1.a0.real_tracker_v1.6457,a2.1.a0.real_tracker_v1.2310,879.1398333333333,252.99786666666668,0.28777854135998315
0.5823372,0.0,0.9146917,0.8764947,a2.1.a0.real_tracker_v1.6457,a2.1.a0.real_tracker_v1.2310,879.0374333333334,259.3721666666666,0.2950635112541343
0.1062381,-5.551115e-17,1.132365,1.094168,a2.1.a0.real_tracker_v1.6457,a2.1.a0.real_tracker_v1.2310,879.0701333333333,195.04413333333332,0.22187525666296098
-0.3698611,-5.551115e-17,1.350039,1.311842,a2.1.a0.real_tracker_v1.6457,a2.1.a0.real_tracker_v1.2310,879.5210333333334,249.9772,0.2842193720293761
0.5823372,0.2595,0.9146917,0.8764947,a2.1.a0.real_tracker_v1.6457,a2.1.a0.real_tracker_v1.2310,879.3398666666667,260.7565333333334,0.2965363526453489
0.1062381,0.2595,1.132365,1.094168,a2.1.a0.real_tracker_v1.6457,a2.1.a0.real_tracker_v1.2310,878.2115,223.84433333333334,0.25488629839968496
-0.3698611,0.2595,1.350039,1.311842,a2.1.a0.real_tracker_v1.6457,a2.1.a0.real_tracker_v1.2310,878.6611666666666,250.04943333333335,0.2845797199644232
