x,y,z,rearZ,mattype,rearMat,Wm2Front,Wm2Back,Back/FrontRatio
0.5625555,-0.2595,0.7487922,0.7171233,a2.1.a0.real_tracker_v1.6457,a2.1.a0.real_tracker_v1.2310,900.3451333333333,181.36806666666666,0.20144260074199613
0.1678249,-0.2595,1.092653,1.060984,a2.1.a0.real_tracker_v1.6457,a2.1.a0.real_tracker_v1.2310,901.3759,138.5787,0.15374112649214774
-0.2269057,-0.2595,1.436513,1.404844,a2.1.a0.real_tracker_v1.6457,a2.1.a0.real_tracker_v1.2310,901.1590666666666,189.32180000000002,0.21008676150097202
0.5625555,0.0,0.7487922,0.7171233,a2.1.a0.real_tracker_v1.6457,a2.1.a0.real_tracker_v1.2310,900.8310666666666,193.69643333333332,0.21501946977760783
0.1678249,0.0,1.092653,1.060984,a2.1.a0.real_tracker_v1.6457,a2.1.a0.real_tracker_v1.2310,901.6367,141.16819999999998,0.1565686527970159
-0.2269057,-5.551115e-17,1.436513,1.404844,a2.1.a0.real_tracker_v1.6457,a2.1.a0.real_tracker_v1.2310,901.5182333333333,190.2871,0.21107381070109912
0.5625555,0.2595,0.7487922,0.7171233,a2.1.a0.real_tracker_v1.6457,a2.1.a0.real_tracker_v1.2310,901.3146666666667,201.1353,0.22315744354456651
0.1678249,0.2595,1.092653,1.060984,a2.1.a0.real_tracker_v1.6457,a2.1.a0.real_tracker_v1.2310,901.8970666666668,161.3448,0.1788947176661723
-0.2269057,0.2595,1.436513,1.404844,a2.1.a0.real_tracker_v1.6457,a2.1.a0.real_tracker_v1.2310,901.8762,188.3267,0.2088163443981065
