x,y,z,rearZ,mattype,rearMat,Wm2Front,Wm2Back,Back/FrontRatio
0.5045058,-0.2595,0.6087846,0.5853045,a2.1.a0.real_tracker_v1.6457,a2.1.a0.real_tracker_v1.2310,799.8896,114.1456,0.1427015144320986
0.211844,-0.2595,1.042837,1.019357,a2.1.a0.real_tracker_v1.6457,a2.1.a0.real_tracker_v1.2310,806.4388333333333,85.06661,0.1054841371716303
-0.0808177,-0.2595,1.476889,1.453409,a2.1.a0.real_tracker_v1.6457,a2.1.a0.real_tracker_v1.2310,811.3166333333334,134.88686666666666,0.16625654506297144
0.5045058,0.0,0.6087846,0.5853045,a2.1.a0.real_tracker_v1.6457,a2.1.a0.real_tracker_v1.2310,800.3141999999999,118.23013333333331,0.14772946125893063
0.211844,0.0,1.042837,1.019357,a2.1.a0.real_tracker_v1.6457,a2.1.a0.real_tracker_v1.2310,807.2188,82.87374333333334,0.10266564736560395
-0.0808177,-5.551115e-17,1.476889,1.453409,a2.1.a0.real_tracker_v1.6457,a2.1.a0.real_tracker_v1.2310,811.5772666666667,136.3577333333333,0.16801550624733336
0.5045058,0.2595,0.6087846,0.5853045,a2.1.a0.real_tracker_v1.6457,a2.1.a0.real_tracker_v1.2310,800.565,126.5859,0.15812050474289438
0.211844,0.2595,1.042837,1.019357,a2.1.a0.real_tracker_v1.6457,a2.1.a0.real_tracker_v1.2310,808.0014666666666,97.67602333333333,0.12088579845094534
-0.0808177,0.2595,1.476889,1.453409,a2.1.a0.real_tracker_v1.6457,a2.1.a0.real_tracker_v1.2310,811.8415,136.0909,0.16763214539766028
