x,y,z,rearZ,mattype,rearMat,Wm2Front,Wm2Back,Back/FrontRatio
0.1915223,-0.2595,1.450138,1.420331,a2.1.a0.real_tracker_v1.6457,a2.1.a0.real_tracker_v1.2310,476.68250000000006,64.07342,0.1344150154137913
-0.1800024,-0.2595,1.081327,1.05152,a2.1.a0.real_tracker_v1.6457,a2.1.a0.real_tracker_v1.2310,469.7361333333333,45.53968666666666,0.09694717201407822
-0.5515271,-0.2595,0.7125156,0.6827084,a2.1.a0.real_tracker_v1.6457,a2.1.a0.real_tracker_v1.2310,460.7752333333333,59.57379,0.1292900668270868
0.1915223,0.0,1.450138,1.420331,a2.1.a0.real_tracker_v1.6457,a2.1.a0.real_tracker_v1.2310,476.7600333333333,64.0013,0.1342418854001701
-0.1800024,0.0,1.081327,1.05152,a2.1.a0.real_tracker_v1.6457,a2.1.a0.real_tracker_v1.2310,469.81103333333334,43.38125,0.09233746035027768
-0.5515271,-5.551115e-17,0.7125156,0.6827084,a2.1.a0.real_tracker_v1.6457,a2.1.a0.real_tracker_v1.2310,459.75336666666664,56.565149999999996,0.12303341545206278
0.1915223,0.2595,1.450138,1.420331,a2.1.a0.real_tracker_v1.6457,a2.1.a0.real_tracker_v1.2310,476.8361333333334,63.701166666666666,0.13359103604487177
-0.1800024,0.2595,1.081327,1.05152,a2.1.a0.real_tracker_v1.6457,a2.1.a0.real_tracker_v1.2310,469.8849333333333,47.83672333333333,0.10180496997214501
-0.5515271,0.2595,0.7125156,0.6827084,a2.1.a0.real_tracker_v1.6457,a2.1.a0.real_tracker_v1.2310,459.3341333333333,55.99758,0.12191007379216368
