x,y,z,rearZ,mattype,rearMat,Wm2Front,Wm2Back,Back/FrontRatio
0.5724408,-0.2595,1.007907,0.9674036,a2.1.a0.real_tracker_v1.6457,a2.1.a0.real_tracker_v1.2310,76.02704333333334,22.149329999999996,0.291331054028178
0.0675916,-0.2595,1.146397,1.105894,a2.1.a0.real_tracker_v1.6457,a2.1.a0.real_tracker_v1.2310,77.07213666666667,16.522076666666667,0.21436881099212216
-0.4372576,-0.2595,1.284887,1.244384,a2.1.a0.real_tracker_v1.6457,a2.1.a0.real_tracker_v1.2310,77.22664666666667,20.742756666666665,0.2685923702453016
0.5724408,0.0,1.007907,0.9674036,a2.1.a0.real_tracker_v1.6457,a2.1.a0.real_tracker_v1.2310,75.74404666666666,21.94907333333333,0.2897756922630892
0.0675916,-5.551115e-17,1.146397,1.105894,a2.1.a0.real_tracker_v1.6457,a2.1.a0.real_tracker_v1.2310,76.95587666666667,15.672336666666666,0.2036508931430559
-0.4372576,-5.551115e-17,1.284887,1.244384,a2.1.a0.real_tracker_v1.6457,a2.1.a0.real_tracker_v1.2310,77.10960666666666,20.674899999999997,0.2681200536960285
0.5724408,0.2595,1.007907,0.9674036,a2.1.a0.real_tracker_v1.6457,a2.1.a0.real_tracker_v1.2310,76.41010666666666,22.031923333333335,0.2883340432359484
0.0675916,0.2595,1.146397,1.105894,a2.1.a0.real_tracker_v1.6457,a2.1.a0.real_tracker_v1.2310,76.72004,16.530653333333333,0.21546440628715843
-0.4372576,0.2595,1.284887,1.244384,a2.1.a0.real_tracker_v1.6457,a2.1.a0.real_tracker_v1.2310,77.65683,20.719423333333335,0.2668040471042435
