x,y,z,rearZ,mattype,rearMat,Wm2Front,Wm2Back,Back/FrontRatio
0.4635955,-0.2595,1.25272,1.211527,a2.1.a0.real_tracker_v1.6457,a2.1.a0.real_tracker_v1.2310,864.5725666666666,279.7464333333333,0.3235657948830034
-0.04984558,-0.2595,1.150591,1.109398,a2.1.a0.real_tracker_v1.6457,a2.1.a0.real_tracker_v1.2310,864.5236666666666,229.2563,0.2651819072831545
-0.5632867,-0.2595,1.048461,1.007268,a2.1.a0.real_tracker_v1.6457,a2.1.a0.real_tracker_v1.2310,864.4779666666667,278.53343333333333,0.322198045381401
0.4635955,0.0,1.25272,1.211527,a2.1.a0.real_tracker_v1.6457,a2.1.a0.real_tracker_v1.2310,864.5695666666667,279.29463333333337,0.3230443460620547
-0.04984558,-5.551115e-17,1.150591,1.109398,a2.1.a0.real_tracker_v1.6457,a2.1.a0.real_tracker_v1.2310,864.5238333333333,229.91803333333334,0.26594728626457426
-0.5632867,-5.551115e-17,1.048461,1.007268,a2.1.a0.real_tracker_v1.6457,a2.1.a0.real_tracker_v1.2310,864.4781666666667,283.5625,0.32801542354500546
0.4635955,0.2595,1.25272,1.211527,a2.1.a0.real_tracker_v1.6457,a2.1.a0.real_tracker_v1.2310,864.5697333333333,280.2316,0.32412802006329006
-0.04984558,0.2595,1.150591,1.109398,a2.1.a0.real_tracker_v1.6457,a2.1.a0.real_tracker_v1.2310,864.5240666666667,257.1785333333333,0.297479556405382
-0.5632867,0.2595,1.048461,1.007268,a2.1.a0.real_tracker_v1.6457,a2.1.a0.real_tracker_v1.2310,864.4784,280.12596666666667,0.3240400715929919
