x,y,z,rearZ,mattype,rearMat,Wm2Front,Wm2Back,Back/FrontRatio
0.4215322,-0.2595,0.4979514,0.4833526,a2.1.a0.real_tracker_v1.6457,a2.1.a0.real_tracker_v1.2310,552.5506,63.75691666666666,0.11538635788343869
0.2395687,-0.2595,0.9888093,0.9742105,a2.1.a0.real_tracker_v1.6457,a2.1.a0.real_tracker_v1.2310,565.6146,50.42702,0.08915422417627802
0.05760514,-0.2595,1.479667,1.465068,a2.1.a0.real_tracker_v1.6457,a2.1.a0.real_tracker_v1.2310,576.7609333333334,79.43594333333333,0.13772743786026562
0.4215322,0.0,0.4979514,0.4833526,a2.1.a0.real_tracker_v1.6457,a2.1.a0.real_tracker_v1.2310,552.5197666666667,62.12450333333333,0.1124383137816298
0.2395687,0.0,0.9888093,0.9742105,a2.1.a0.real_tracker_v1.6457,a2.1.a0.real_tracker_v1.2310,565.3571000000001,48.233399999999996,0.08531477659911478
0.05760514,0.0,1.479667,1.465068,a2.1.a0.real_tracker_v1.6457,a2.1.a0.real_tracker_v1.2310,576.5187999999999,80.11385666666666,0.13896115392162883
0.4215322,0.2595,0.4979514,0.4833526,a2.1.a0.real_tracker_v1.6457,a2.1.a0.real_tracker_v1.2310,551.7309333333333,66.36287,0.12028100240467021
0.2395687,0.2595,0.9888093,0.9742105,a2.1.a0.real_tracker_v1.6457,a2.1.a0.real_tracker_v1.2310,565.1005,55.57880666666667,0.09835190079422311
0.05760514,0.2595,1.479667,1.465068,a2.1.a0.real_tracker_v1.6457,a2.1.a0.real_tracker_v1.2310,576.0181666666666,80.33081,0.13945857125703284
