x,y,z,rearZ,mattype,rearMat,Wm2Front,Wm2Back,Back/FrontRatio
0.19085,-0.2595,1.450371,1.420601,a2.1.a0.real_tracker_v1.6457,a2.1.a0.real_tracker_v1.2310,900.3247333333333,176.20906666666667,0.19571701678933093
-0.1802238,-0.2595,1.081107,1.051336,a2.1.a0.real_tracker_v1.6457,a2.1.a0.real_tracker_v1.2310,895.4101666666666,121.87083333333334,0.13610600120950025
-0.5512976,-0.2595,0.7118419,0.6820709,a2.1.a0.real_tracker_v1.6457,a2.1.a0.real_tracker_v1.2310,895.1712333333334,164.94740000000002,0.18426331141414987
0.19085,0.0,1.450371,1.420601,a2.1.a0.real_tracker_v1.6457,a2.1.a0.real_tracker_v1.2310,900.5349,175.3668,0.19473604550357185
-0.1802238,0.0,1.081107,1.051336,a2.1.a0.real_tracker_v1.6457,a2.1.a0.real_tracker_v1.2310,895.2291666666666,125.59976666666667,0.14029885424251232
-0.5512976,-5.551115e-17,0.7118419,0.6820709,a2.1.a0.real_tracker_v1.6457,a2.1.a0.real_tracker_v1.2310,894.9009333333333,167.3747,0.18703133132874372
0.19085,0.2595,1.450371,1.420601,a2.1.a0.real_tracker_v1.6457,a2.1.a0.real_tracker_v1.2310,900.7407,177.80683333333332,0.19740046822894214
-0.1802238,0.2595,1.081107,1.051336,a2.1.a0.real_tracker_v1.6457,a2.1.a0.real_tracker_v1.2310,895.0441666666666,149.40456666666665,0.1669240528085082
-0.5512976,0.2595,0.7118419,0.6820709,a2.1.a0.real_tracker_v1.6457,a2.1.a0.real_tracker_v1.2310,893.7482666666666,179.88916666666668,0.20127475722311086
