x,y,z,rearZ,mattype,rearMat,Wm2Front,Wm2Back,Back/FrontRatio
0.4225833,-0.2595,0.4990563,0.4843545,a2.1.a0.real_tracker_v1.6457,a2.1.a0.real_tracker_v1.2310,105.86836666666666,37.733403333333335,0.3564147450899395
0.2393354,-0.2595,0.9894362,0.9747344,a2.1.a0.real_tracker_v1.6457,a2.1.a0.real_tracker_v1.2310,134.9186,35.60126666666667,0.2638702358046323
0.05608738,-0.2595,1.479816,1.465114,a2.1.a0.real_tracker_v1.6457,a2.1.a0.real_tracker_v1.2310,534.8494999999999,52.491346666666665,0.09814209141931562
0.4225833,0.0,0.4990563,0.4843545,a2.1.a0.real_tracker_v1.6457,a2.1.a0.real_tracker_v1.2310,470.22509999999994,36.51391666666667,0.07765182891095725
0.2393354,0.0,0.9894362,0.9747344,a2.1.a0.real_tracker_v1.6457,a2.1.a0.real_tracker_v1.2310,501.6428,34.13261666666667,0.06804153996653935
0.05608738,0.0,1.479816,1.465114,a2.1.a0.real_tracker_v1.6457,a2.1.a0.real_tracker_v1.2310,535.6254333333333,51.97323333333333,0.0970326147085223
0.4225833,0.2595,0.4990563,0.4843545,a2.1.a0.real_tracker_v1.6457,a2.1.a0.real_tracker_v1.2310,471.4631,37.562153333333335,0.0796712906313192
0.2393354,0.2595,0.9894362,0.9747344,a2.1.a0.real_tracker_v1.6457,a2.1.a0.real_tracker_v1.2310,502.02040000000005,36.59156333333334,0.07288845322795669
0.05608738,0.2595,1.479816,1.465114,a2.1.a0.real_tracker_v1.6457,a2.1.a0.real_tracker_v1.2310,536.2636666666667,51.99528,0.09695824325550692
