x,y,z,rearZ,mattype,rearMat,Wm2Front,Wm2Back,Back/FrontRatio
-0.08746159,-0.2595,1.475919,1.463374,a2.1.a0.real_tracker_v1.6457,a2.1.a0.real_tracker_v1.2310,496.77683333333334,44.063336666666665,0.08869827458082369
-0.2438351,-0.2595,0.9763198,0.9637741,a2.1.a0.real_tracker_v1.6457,a2.1.a0.real_tracker_v1.2310,104.36843333333333,29.84732,0.28597759944402623
-0.4002085,-0.2595,0.4767204,0.4641747,a2.1.a0.real_tracker_v1.6457,a2.1.a0.real_tracker_v1.2310,82.21109333333334,30.85527666666667,0.37531311289644814
-0.08746159,0.0,1.475919,1.463374,a2.1.a0.real_tracker_v1.6457,a2.1.a0.real_tracker_v1.2310,497.12263333333334,43.95929,0.08842727855290727
-0.2438351,0.0,0.9763198,0.9637741,a2.1.a0.real_tracker_v1.6457,a2.1.a0.real_tracker_v1.2310,107.73856666666667,28.566423333333333,0.2651432915236649
-0.4002085,0.0,0.4767204,0.4641747,a2.1.a0.real_tracker_v1.6457,a2.1.a0.real_tracker_v1.2310,85.62978333333335,30.82818,0.3600128224916
-0.08746159,0.2595,1.475919,1.463374,a2.1.a0.real_tracker_v1.6457,a2.1.a0.real_tracker_v1.2310,497.76043333333337,42.98612333333333,0.08635888691791643
-0.2438351,0.2595,0.9763198,0.9637741,a2.1.a0.real_tracker_v1.6457,a2.1.a0.real_tracker_v1.2310,470.1921,29.84170333333334,0.06346691036796019
-0.4002085,0.2595,0.4767204,0.4641747,a2.1.a0.real_tracker_v1.6457,a2.1.a0.real_tracker_v1.2310,445.7699666666667,30.91857333333333,0.06935977361767766
