x,y,z,rearZ,mattype,rearMat,Wm2Front,Wm2Back,Back/FrontRatio
0.3234225,-0.2595,0.4155102,0.4098755,a2.1.a0.real_tracker_v1.6457,a2.1.a0.real_tracker_v1.2310,34.43642333333333,16.504613333333335,0.47926388608052084
0.2531902,-0.2595,0.9342777,0.928643,a2.1.a0.real_tracker_v1.6457,a2.1.a0.real_tracker_v1.2310,42.77366333333333,16.705236666666664,0.3905404593482481
0.1829579,-0.2595,1.453045,1.44741,a2.1.a0.real_tracker_v1.6457,a2.1.a0.real_tracker_v1.2310,55.89196666666666,22.924080000000004,0.410142480657972
0.3234225,0.0,0.4155102,0.4098755,a2.1.a0.real_tracker_v1.6457,a2.1.a0.real_tracker_v1.2310,34.46391,16.449263333333334,0.4772756793310453
0.2531902,0.0,0.9342777,0.928643,a2.1.a0.real_tracker_v1.6457,a2.1.a0.real_tracker_v1.2310,43.145680000000006,16.05405,0.37208077191570704
0.1829579,0.0,1.453045,1.44741,a2.1.a0.real_tracker_v1.6457,a2.1.a0.real_tracker_v1.2310,56.008646666666664,22.789853333333337,0.4068915747489689
0.3234225,0.2595,0.4155102,0.4098755,a2.1.a0.real_tracker_v1.6457,a2.1.a0.real_tracker_v1.2310,35.98202666666666,16.674899999999997,0.46341015597353863
0.2531902,0.2595,0.9342777,0.928643,a2.1.a0.real_tracker_v1.6457,a2.1.a0.real_tracker_v1.2310,43.58059333333333,17.04087,0.39101071568593415
0.1829579,0.2595,1.453045,1.44741,a2.1.a0.real_tracker_v1.6457,a2.1.a0.real_tracker_v1.2310,55.927033333333334,22.6624,0.4052064528164469
