x,y,z,rearZ,mattype,rearMat,Wm2Front,Wm2Back,Back/FrontRatio
0.2575994,-0.2595,0.3775299,0.3773613,a2.1.a0.real_tracker_v1.6457,a2.1.a0.real_tracker_v1.2310,0.4866732333333333,0.4264010333333333,0.8743580828064038
0.2554979,-0.2595,0.9010256,0.900857,a2.1.a0.real_tracker_v1.6457,a2.1.a0.real_tracker_v1.2310,0.5161719666666666,0.44760639999999996,0.8654885199694053
0.2533965,-0.2595,1.424521,1.424353,a2.1.a0.real_tracker_v1.6457,a2.1.a0.real_tracker_v1.2310,0.5437156666666666,0.5388467,0.9892256327001183
0.2575994,0.0,0.3775299,0.3773613,a2.1.a0.real_tracker_v1.6457,a2.1.a0.real_tracker_v1.2310,0.4836949666666667,0.42451633333333333,0.8758422565284874
0.2554979,0.0,0.9010256,0.900857,a2.1.a0.real_tracker_v1.6457,a2.1.a0.real_tracker_v1.2310,0.5145902333333333,0.4370159666666667,0.847603267892261
0.2533965,0.0,1.424521,1.424353,a2.1.a0.real_tracker_v1.6457,a2.1.a0.real_tracker_v1.2310,0.5426909666666667,0.5352129,0.9844064603121049
0.2575994,0.2595,0.3775299,0.3773613,a2.1.a0.real_tracker_v1.6457,a2.1.a0.real_tracker_v1.2310,0.48223299999999997,0.4239696,0.8773606107198806
0.2554979,0.2595,0.9010256,0.900857,a2.1.a0.real_tracker_v1.6457,a2.1.a0.real_tracker_v1.2310,0.5130074666666666,0.44351616666666666,0.8628593851814345
0.2533965,0.2595,1.424521,1.424353,a2.1.a0.real_tracker_v1.6457,a2.1.a0.real_tracker_v1.2310,0.5403055999999999,0.5376248333333333,0.9932002058233527
