x,y,z,rearZ,mattype,rearMat,Wm2Front,Wm2Back,Back/FrontRatio
0.464456,-0.2595,1.251587,1.210374,a2.1.a0.real_tracker_v1.6457,a2.1.a0.real_tracker_v1.2310,856.3173666666667,197.7059,0.23087896709444244
-0.04923312,-0.2595,1.150712,1.109499,a2.1.a0.real_tracker_v1.6457,a2.1.a0.real_tracker_v1.2310,856.1507666666666,162.51743333333332,0.18982315946865028
-0.5629222,-0.2595,1.049837,1.008624,a2.1.a0.real_tracker_v1.6457,a2.1.a0.real_tracker_v1.2310,849.3040666666666,214.36066666666667,0.25239537014418695
0.464456,0.0,1.251587,1.210374,a2.1.a0.real_tracker_v1.6457,a2.1.a0.real_tracker_v1.2310,856.1495,202.79460000000003,0.23686793385041535
-0.04923312,-5.551115e-17,1.150712,1.109499,a2.1.a0.real_tracker_v1.6457,a2.1.a0.real_tracker_v1.2310,855.9858333333333,163.44276666666667,0.19094074850450388
-0.5629222,-5.551115e-17,1.049837,1.008624,a2.1.a0.real_tracker_v1.6457,a2.1.a0.real_tracker_v1.2310,849.1721666666667,220.44563333333335,0.25960032886892526
0.464456,0.2595,1.251587,1.210374,a2.1.a0.real_tracker_v1.6457,a2.1.a0.real_tracker_v1.2310,855.9845666666666,200.19269999999997,0.23387392007038124
-0.04923312,0.2595,1.150712,1.109499,a2.1.a0.real_tracker_v1.6457,a2.1.a0.real_tracker_v1.2310,854.6430333333333,191.58696666666665,0.22417165415573995
-0.5629222,0.2595,1.049837,1.008624,a2.1.a0.real_tracker_v1.6457,a2.1.a0.real_tracker_v1.2310,849.6638333333334,219.82383333333334,0.2587182906828555
