x,y,z,rearZ,mattype,rearMat,Wm2Front,Wm2Back,Back/FrontRatio
-2.993,-6.7235,1.1555,1.1135,a1.0.a0.real_tracker_v1.6457,a1.0.a0.real_tracker_v1.2310,249.5661,101.78236666666668,0.4078356749213605
-2.993,-6.2,1.1555,1.1135,a1.0.a0.real_tracker_v1.6457,a1.0.a0.real_tracker_v1.2310,249.5681,79.39943333333333,0.3181460899339435
-2.993,-5.6765,1.1555,1.1135,a1.0.a0.real_tracker_v1.6457,a1.0.a0.real_tracker_v1.2310,249.5624,90.71580666666667,0.36349803964309935
-2.474,-6.7235,1.1555,1.1135,a1.0.a0.real_tracker_v1.6457,a1.0.a0.real_tracker_v1.2310,249.5476,98.76910333333332,0.3957910536598215
-2.474,-6.2,1.1555,1.1135,a1.0.a0.real_tracker_v1.6457,a1.0.a0.real_tracker_v1.2310,249.54190000000003,71.02423666666668,0.2846173410129748
-2.474,-5.6765,1.1555,1.1135,a1.0.a0.real_tracker_v1.6457,a1.0.a0.real_tracker_v1.2310,249.5363,85.98728333333334,0.34458689475815174
-1.955,-6.7235,1.1555,1.1135,a1.0.a0.real_tracker_v1.6457,a1.0.a0.real_tracker_v1.2310,249.5214,97.16545666666666,0.389405747406512
-1.955,-6.2,1.1555,1.1135,a1.0.a0.real_tracker_v1.6457,a1.0.a0.real_tracker_v1.2310,249.5157,70.64173000000001,0.2831142364418895
-1.955,-5.6765,1.1555,1.1135,a1.0.a0.real_tracker_v1.6457,a1.0.a0.real_tracker_v1.2310,249.5101,83.38551666666666,0.3341956196203963
