x,y,z,rearZ,mattype,rearMat,Wm2Front,Wm2Back,Back/FrontRatio
0.04879281,-0.2595,1.480475,1.458957,a2.1.a0.real_tracker_v1.6457,a2.1.a0.real_tracker_v1.2310,830.0978666666666,111.7942,0.1346757651277362
-0.2194186,-0.2595,1.030904,1.009385,a2.1.a0.real_tracker_v1.6457,a2.1.a0.real_tracker_v1.2310,825.2669333333333,65.67427333333335,0.07957933500223242
-0.48763,-0.2595,0.5813316,0.5598132,a2.1.a0.real_tracker_v1.6457,a2.1.a0.real_tracker_v1.2310,820.8310666666666,92.59768333333334,0.11280953448780957
0.04879281,0.0,1.480475,1.458957,a2.1.a0.real_tracker_v1.6457,a2.1.a0.real_tracker_v1.2310,829.9396999999999,109.4722,0.13190364082638678
-0.2194186,0.0,1.030904,1.009385,a2.1.a0.real_tracker_v1.6457,a2.1.a0.real_tracker_v1.2310,822.7222666666667,64.57755666666667,0.07849244002580374
-0.48763,-5.551115e-17,0.5813316,0.5598132,a2.1.a0.real_tracker_v1.6457,a2.1.a0.real_tracker_v1.2310,820.8408333333333,94.15847000000001,0.11470963853978366
0.04879281,0.2595,1.480475,1.458957,a2.1.a0.real_tracker_v1.6457,a2.1.a0.real_tracker_v1.2310,827.3150666666667,109.7346,0.13263927103716347
-0.2194186,0.2595,1.030904,1.009385,a2.1.a0.real_tracker_v1.6457,a2.1.a0.real_tracker_v1.2310,822.3889333333333,78.08992,0.09495485880217894
-0.48763,0.2595,0.5813316,0.5598132,a2.1.a0.real_tracker_v1.6457,a2.1.a0.real_tracker_v1.2310,820.409,104.40193333333333,0.12725580299281253
