x,y,z,rearZ,mattype,rearMat,Wm2Front,Wm2Back,Back/FrontRatio
0.2616949,-0.2595,0.3795691,0.3790707,a2.1.a0.real_tracker_v1.6457,a2.1.a0.real_tracker_v1.2310,0.6251547,0.5656190666666666,0.9033216019406493
0.255482,-0.2595,0.9030323,0.9025338,a2.1.a0.real_tracker_v1.6457,a2.1.a0.real_tracker_v1.2310,0.6564761666666666,0.47560806666666666,0.7233844978411131
0.2492691,-0.2595,1.426495,1.425997,a2.1.a0.real_tracker_v1.6457,a2.1.a0.real_tracker_v1.2310,0.6689073,0.6611378,0.9869093828355058
0.2616949,0.0,0.3795691,0.3790707,a2.1.a0.real_tracker_v1.6457,a2.1.a0.real_tracker_v1.2310,0.622881,0.5652208666666667,0.9059754451035802
0.255482,0.0,0.9030323,0.9025338,a2.1.a0.real_tracker_v1.6457,a2.1.a0.real_tracker_v1.2310,0.6564707333333334,0.46787623333333334,0.7116305100931741
0.2492691,0.0,1.426495,1.425997,a2.1.a0.real_tracker_v1.6457,a2.1.a0.real_tracker_v1.2310,0.6690212,0.6621111333333333,0.9881943039016278
0.2616949,0.2595,0.3795691,0.3790707,a2.1.a0.real_tracker_v1.6457,a2.1.a0.real_tracker_v1.2310,0.6256413333333333,0.5619136333333333,0.8967069413444374
0.255482,0.2595,0.9030323,0.9025338,a2.1.a0.real_tracker_v1.6457,a2.1.a0.real_tracker_v1.2310,0.6520044666666667,0.4755837666666667,0.7283009396464567
0.2492691,0.2595,1.426495,1.425997,a2.1.a0.real_tracker_v1.6457,a2.1.a0.real_tracker_v1.2310,0.6691355333333334,0.6586452333333334,0.982853766994199
