x,y,z,rearZ,mattype,rearMat,Wm2Front,Wm2Back,Back/FrontRatio
0.1934414,-0.2595,1.449466,1.419556,a2.1.a0.real_tracker_v1.6457,a2.1.a0.real_tracker_v1.2310,897.6338999999999,176.8074333333333,0.19697031981859586
-0.1793684,-0.2595,1.081954,1.052044,a2.1.a0.real_tracker_v1.6457,a2.1.a0.real_tracker_v1.2310,893.8259666666667,124.5086,0.13929832578706788
-0.5521781,-0.2595,0.7144419,0.6845317,a2.1.a0.real_tracker_v1.6457,a2.1.a0.real_tracker_v1.2310,893.025,166.1726666666667,0.1860781955583227
0.1934414,0.0,1.449466,1.419556,a2.1.a0.real_tracker_v1.6457,a2.1.a0.real_tracker_v1.2310,897.8215999999999,177.73926666666668,0.19796702229000107
-0.1793684,0.0,1.081954,1.052044,a2.1.a0.real_tracker_v1.6457,a2.1.a0.real_tracker_v1.2310,894.0387666666666,124.74833333333333,0.13953331606092245
-0.5521781,-5.551115e-17,0.7144419,0.6845317,a2.1.a0.real_tracker_v1.6457,a2.1.a0.real_tracker_v1.2310,893.1531666666666,171.72416666666666,0.1922671058094674
0.1934414,0.2595,1.449466,1.419556,a2.1.a0.real_tracker_v1.6457,a2.1.a0.real_tracker_v1.2310,898.0153666666666,175.81536666666662,0.19578191800587447
-0.1793684,0.2595,1.081954,1.052044,a2.1.a0.real_tracker_v1.6457,a2.1.a0.real_tracker_v1.2310,894.2583666666666,147.28616666666667,0.16470184395794796
-0.5521781,0.2595,0.7144419,0.6845317,a2.1.a0.real_tracker_v1.6457,a2.1.a0.real_tracker_v1.2310,892.9902000000001,182.6272,0.20451175778663885
