x,y,z,rearZ,mattype,rearMat,Wm2Front,Wm2Back,Back/FrontRatio
-0.2128822,-0.2595,1.44223,1.438877,a2.1.a0.real_tracker_v1.6457,a2.1.a0.real_tracker_v1.2310,30.81086666666667,19.00176,0.61670265568677
-0.2546841,-0.2595,0.9204019,0.9170482,a2.1.a0.real_tracker_v1.6457,a2.1.a0.real_tracker_v1.2310,22.27481333333333,13.547076666666667,0.6081518310442537
-0.2964861,-0.2595,0.3985736,0.3952198,a2.1.a0.real_tracker_v1.6457,a2.1.a0.real_tracker_v1.2310,21.44799333333333,16.14503666666667,0.7527176877609487
-0.2128822,0.0,1.44223,1.438877,a2.1.a0.real_tracker_v1.6457,a2.1.a0.real_tracker_v1.2310,30.80598333333333,18.95936,0.6154241002716376
-0.2546841,0.0,0.9204019,0.9170482,a2.1.a0.real_tracker_v1.6457,a2.1.a0.real_tracker_v1.2310,22.237080000000002,13.231113333333333,0.5949755254650281
-0.2964861,0.0,0.3985736,0.3952198,a2.1.a0.real_tracker_v1.6457,a2.1.a0.real_tracker_v1.2310,21.348733333333332,16.014349999999997,0.7500960199346751
-0.2128822,0.2595,1.44223,1.438877,a2.1.a0.real_tracker_v1.6457,a2.1.a0.real_tracker_v1.2310,30.801373333333334,18.892146666666665,0.6133341240371953
-0.2546841,0.2595,0.9204019,0.9170482,a2.1.a0.real_tracker_v1.6457,a2.1.a0.real_tracker_v1.2310,22.199606666666668,13.54821,0.610263052871528
-0.2964861,0.2595,0.3985736,0.3952198,a2.1.a0.real_tracker_v1.6457,a2.1.a0.real_tracker_v1.2310,21.324273333333334,15.886616666666667,0.7449666139488325
