x,y,z,rearZ,mattype,rearMat,Wm2Front,Wm2Back,Back/FrontRatio
0.4229331,-0.2595,0.4994253,0.4846891,a2.1.a0.real_tracker_v1.6457,a2.1.a0.real_tracker_v1.2310,541.1540999999999,66.83917333333333,0.12351204549921706
0.2392572,-0.2595,0.989645,0.9749089,a2.1.a0.real_tracker_v1.6457,a2.1.a0.real_tracker_v1.2310,554.3995666666667,53.78136333333333,0.09700813196619507
0.05558137,-0.2595,1.479865,1.465129,a2.1.a0.real_tracker_v1.6457,a2.1.a0.real_tracker_v1.2310,565.1259333333334,84.33123666666667,0.14922530088815444
0.4229331,0.0,0.4994253,0.4846891,a2.1.a0.real_tracker_v1.6457,a2.1.a0.real_tracker_v1.2310,541.0293,65.51366333333334,0.12109056245709961
0.2392572,0.0,0.989645,0.9749089,a2.1.a0.real_tracker_v1.6457,a2.1.a0.real_tracker_v1.2310,554.7843333333334,51.02520333333333,0.09197287719694583
0.05558137,0.0,1.479865,1.465129,a2.1.a0.real_tracker_v1.6457,a2.1.a0.real_tracker_v1.2310,564.9067666666666,82.94184666666668,0.14682369682413646
0.4229331,0.2595,0.4994253,0.4846891,a2.1.a0.real_tracker_v1.6457,a2.1.a0.real_tracker_v1.2310,539.9094333333334,70.30551666666666,0.13021699957270688
0.2392572,0.2595,0.989645,0.9749089,a2.1.a0.real_tracker_v1.6457,a2.1.a0.real_tracker_v1.2310,555.1701333333334,58.19393,0.10482160635873598
0.05558137,0.2595,1.479865,1.465129,a2.1.a0.real_tracker_v1.6457,a2.1.a0.real_tracker_v1.2310,564.6893333333334,83.19263666666666,0.14732435063229343
