x,y,z,rearZ,mattype,rearMat,Wm2Front,Wm2Back,Back/FrontRatio
0.3379811,-0.2595,1.374448,1.337545,a2.1.a0.real_tracker_v1.6457,a2.1.a0.real_tracker_v1.2310,886.7760333333334,238.58873333333335,0.2690515477565932
-0.1219924,-0.2595,1.124495,1.087592,a2.1.a0.real_tracker_v1.6457,a2.1.a0.real_tracker_v1.2310,886.3461666666667,186.17669999999998,0.21004941066169894
-0.581966,-0.2595,0.874542,0.8376387,a2.1.a0.real_tracker_v1.6457,a2.1.a0.real_tracker_v1.2310,886.2997333333333,245.94613333333334,0.2774973821902889
0.3379811,0.0,1.374448,1.337545,a2.1.a0.real_tracker_v1.6457,a2.1.a0.real_tracker_v1.2310,886.7245333333334,242.0992666666667,0.27302615924070606
-0.1219924,-5.551115e-17,1.124495,1.087592,a2.1.a0.real_tracker_v1.6457,a2.1.a0.real_tracker_v1.2310,886.2967333333335,185.91276666666667,0.20976333310416528
-0.581966,-5.551115e-17,0.874542,0.8376387,a2.1.a0.real_tracker_v1.6457,a2.1.a0.real_tracker_v1.2310,885.8521999999999,254.09706666666668,0.28683879751934827
0.3379811,0.2595,1.374448,1.337545,a2.1.a0.real_tracker_v1.6457,a2.1.a0.real_tracker_v1.2310,886.6751,240.51133333333334,0.27125049759808945
-0.1219924,0.2595,1.124495,1.087592,a2.1.a0.real_tracker_v1.6457,a2.1.a0.real_tracker_v1.2310,887.2037333333333,210.10789999999997,0.2368200845937777
-0.581966,0.2595,0.874542,0.8376387,a2.1.a0.real_tracker_v1.6457,a2.1.a0.real_tracker_v1.2310,886.3040000000001,251.41009999999997,0.2836609293640451
