x,y,z,rearZ,mattype,rearMat,Wm2Front,Wm2Back,Back/FrontRatio
-0.08695897,-0.2595,1.475995,1.463415,a2.1.a0.real_tracker_v1.6457,a2.1.a0.real_tracker_v1.2310,523.9484333333334,69.13828000000001,0.13195601636621043
-0.2437684,-0.2595,0.9765326,0.9639519,a2.1.a0.real_tracker_v1.6457,a2.1.a0.real_tracker_v1.2310,513.5876999999999,43.52411,0.08474506935218787
-0.4005778,-0.2595,0.4770698,0.4644891,a2.1.a0.real_tracker_v1.6457,a2.1.a0.real_tracker_v1.2310,501.0488666666667,53.041576666666664,0.10586087372807071
-0.08695897,0.0,1.475995,1.463415,a2.1.a0.real_tracker_v1.6457,a2.1.a0.real_tracker_v1.2310,524.2863333333333,68.91391666666668,0.13144303187437933
-0.2437684,0.0,0.9765326,0.9639519,a2.1.a0.real_tracker_v1.6457,a2.1.a0.real_tracker_v1.2310,513.8508999999999,41.35700666666667,0.08048429258832493
-0.4005778,0.0,0.4770698,0.4644891,a2.1.a0.real_tracker_v1.6457,a2.1.a0.real_tracker_v1.2310,501.39979999999997,51.98028333333334,0.10367012444601872
-0.08695897,0.2595,1.475995,1.463415,a2.1.a0.real_tracker_v1.6457,a2.1.a0.real_tracker_v1.2310,524.6251333333333,68.16840333333333,0.12993710949969198
-0.2437684,0.2595,0.9765326,0.9639519,a2.1.a0.real_tracker_v1.6457,a2.1.a0.real_tracker_v1.2310,514.1148333333334,47.47385666666667,0.09234077923425169
-0.4005778,0.2595,0.4770698,0.4644891,a2.1.a0.real_tracker_v1.6457,a2.1.a0.real_tracker_v1.2310,499.4898333333333,53.27555666666667,0.10665972849017917
