x,y,z,rearZ,mattype,rearMat,Wm2Front,Wm2Back,Back/FrontRatio
0.5628448,-0.2595,0.7498725,0.7181507,a2.1.a0.real_tracker_v1.6457,a2.1.a0.real_tracker_v1.2310,889.8272000000001,181.23153333333335,0.20367025155342722
0.1674547,-0.2595,1.092975,1.061253,a2.1.a0.real_tracker_v1.6457,a2.1.a0.real_tracker_v1.2310,889.3116333333332,137.57913333333335,0.15470277625277562
-0.2279353,-0.2595,1.436076,1.404355,a2.1.a0.real_tracker_v1.6457,a2.1.a0.real_tracker_v1.2310,891.9483,190.00053333333335,0.21301718980365067
0.5628448,0.0,0.7498725,0.7181507,a2.1.a0.real_tracker_v1.6457,a2.1.a0.real_tracker_v1.2310,890.3074999999999,190.0843,0.21350385849399398
0.1674547,0.0,1.092975,1.061253,a2.1.a0.real_tracker_v1.6457,a2.1.a0.real_tracker_v1.2310,889.6258666666666,141.73016666666663,0.15931417089247077
-0.2279353,-5.551115e-17,1.436076,1.404355,a2.1.a0.real_tracker_v1.6457,a2.1.a0.real_tracker_v1.2310,891.8245666666667,193.2415,0.21668082551419715
0.5628448,0.2595,0.7498725,0.7181507,a2.1.a0.real_tracker_v1.6457,a2.1.a0.real_tracker_v1.2310,889.1628333333333,198.73216666666667,0.2235045547474097
0.1674547,0.2595,1.092975,1.061253,a2.1.a0.real_tracker_v1.6457,a2.1.a0.real_tracker_v1.2310,889.9366333333334,163.98569999999998,0.18426650796391011
-0.2279353,0.2595,1.436076,1.404355,a2.1.a0.real_tracker_v1.6457,a2.1.a0.real_tracker_v1.2310,891.6973666666667,191.9496333333333,0.21526296392229194
