x,y,z,rearZ,mattype,rearMat,Wm2Front,Wm2Back,Back/FrontRatio
0.3243521,-0.2595,0.416132,0.4104174,a2.1.a0.real_tracker_v1.6457,a2.1.a0.real_tracker_v1.2310,58.14334666666667,24.159666666666666,0.4155118777956286
0.253124,-0.2595,0.9347637,0.9290491,a2.1.a0.real_tracker_v1.6457,a2.1.a0.real_tracker_v1.2310,64.30416666666667,19.72095666666667,0.30667763865526615
0.1818958,-0.2595,1.453395,1.447681,a2.1.a0.real_tracker_v1.6457,a2.1.a0.real_tracker_v1.2310,161.82123333333334,29.77537,0.18400048860199883
0.3243521,0.0,0.416132,0.4104174,a2.1.a0.real_tracker_v1.6457,a2.1.a0.real_tracker_v1.2310,150.71366666666668,23.766813333333335,0.15769409745567783
0.253124,0.0,0.9347637,0.9290491,a2.1.a0.real_tracker_v1.6457,a2.1.a0.real_tracker_v1.2310,156.0862,18.992126666666667,0.12167638772856883
0.1818958,0.0,1.453395,1.447681,a2.1.a0.real_tracker_v1.6457,a2.1.a0.real_tracker_v1.2310,161.96536666666668,29.73091666666667,0.18356228690277465
0.3243521,0.2595,0.416132,0.4104174,a2.1.a0.real_tracker_v1.6457,a2.1.a0.real_tracker_v1.2310,150.67796666666666,24.120883333333335,0.160081289823906
0.253124,0.2595,0.9347637,0.9290491,a2.1.a0.real_tracker_v1.6457,a2.1.a0.real_tracker_v1.2310,156.2037,19.983996666666666,0.12793466948604407
0.1818958,0.2595,1.453395,1.447681,a2.1.a0.real_tracker_v1.6457,a2.1.a0.real_tracker_v1.2310,162.1097,29.661146666666667,0.18296846948823653
