x,y,z,rearZ,mattype,rearMat,Wm2Front,Wm2Back,Back/FrontRatio
0.3378983,-0.519,1.374507,1.337608,a2.1.a0.real_tracker_v1.6457,a2.1.a0.real_tracker_v1.2310,883.8715000000001,194.88616666666667,0.22049126617998258
-0.1220316,-0.519,1.124474,1.087574,a2.1.a0.real_tracker_v1.6457,a2.1.a0.real_tracker_v1.2310,883.3549333333334,153.5941,0.17387566461507134
-0.5819615,-0.519,0.8744404,0.8375406,a2.1.a0.real_tracker_v1.6457,a2.1.a0.real_tracker_v1.2310,881.2728666666667,189.92703333333336,0.21551420110948488
0.3378983,0.0,1.374507,1.337608,a2.1.a0.real_tracker_v1.6457,a2.1.a0.real_tracker_v1.2310,883.7839,200.3023333333333,0.22664149764646727
-0.1220316,0.0,1.124474,1.087574,a2.1.a0.real_tracker_v1.6457,a2.1.a0.real_tracker_v1.2310,882.5720333333334,155.50056666666669,0.17619002710672746
-0.5819615,-1.110223e-16,0.8744404,0.8375406,a2.1.a0.real_tracker_v1.6457,a2.1.a0.real_tracker_v1.2310,882.5010666666667,203.48633333333336,0.230578874565053
0.3378983,0.519,1.374507,1.337608,a2.1.a0.real_tracker_v1.6457,a2.1.a0.real_tracker_v1.2310,884.5736666666667,207.69763333333333,0.23479943656537003
-0.1220316,0.519,1.124474,1.087574,a2.1.a0.real_tracker_v1.6457,a2.1.a0.real_tracker_v1.2310,883.2446999999999,167.59293333333335,0.18974667335865136
-0.5819615,0.519,0.8744404,0.8375406,a2.1.a0.real_tracker_v1.6457,a2.1.a0.real_tracker_v1.2310,882.7696666666667,228.68673333333334,0.25905565507387346
