x,y,z,rearZ,mattype,rearMat,Wm2Front,Wm2Back,Back/FrontRatio
0.1932496,-0.519,1.449534,1.419634,a2.1.a0.real_tracker_v1.6457,a2.1.a0.real_tracker_v1.2310,885.6421333333333,137.52733333333333,0.1552852702823041
-0.1794319,-0.519,1.081891,1.051991,a2.1.a0.real_tracker_v1.6457,a2.1.a0.real_tracker_v1.2310,885.7253333333333,94.74304,0.10696649341275088
-0.5521133,-0.519,0.7142492,0.6843492,a2.1.a0.real_tracker_v1.6457,a2.1.a0.real_tracker_v1.2310,883.2818666666667,121.8834,0.13798909115033967
0.1932496,0.0,1.449534,1.419634,a2.1.a0.real_tracker_v1.6457,a2.1.a0.real_tracker_v1.2310,885.3009333333334,141.16486666666665,0.15945392340345804
-0.1794319,0.0,1.081891,1.051991,a2.1.a0.real_tracker_v1.6457,a2.1.a0.real_tracker_v1.2310,884.2985666666667,95.05940666666667,0.10749683732741096
-0.5521133,0.0,0.7142492,0.6843492,a2.1.a0.real_tracker_v1.6457,a2.1.a0.real_tracker_v1.2310,884.8986666666666,125.03839999999998,0.14130234727176225
0.1932496,0.519,1.449534,1.419634,a2.1.a0.real_tracker_v1.6457,a2.1.a0.real_tracker_v1.2310,885.7150333333334,143.46423333333334,0.1619754277151507
-0.1794319,0.519,1.081891,1.051991,a2.1.a0.real_tracker_v1.6457,a2.1.a0.real_tracker_v1.2310,884.4630000000001,106.90596666666666,0.12087090787942376
-0.5521133,0.519,0.7142492,0.6843492,a2.1.a0.real_tracker_v1.6457,a2.1.a0.real_tracker_v1.2310,881.6731666666666,146.35813333333337,0.16600025141563074
