x,y,z,rearZ,mattype,rearMat,Wm2Front,Wm2Back,Back/FrontRatio
0.5051652,-0.519,0.60993,0.586371,a2.1.a0.real_tracker_v1.6457,a2.1.a0.real_tracker_v1.2310,815.2881333333333,76.45702999999999,0.09377903724461922
0.2115194,-0.519,1.043317,1.019758,a2.1.a0.real_tracker_v1.6457,a2.1.a0.real_tracker_v1.2310,817.5846000000001,54.898406666666666,0.067146983345434
-0.08212641,-0.519,1.476704,1.453145,a2.1.a0.real_tracker_v1.6457,a2.1.a0.real_tracker_v1.2310,822.1975000000001,97.83097333333335,0.1189870491533776
0.5051652,0.0,0.60993,0.586371,a2.1.a0.real_tracker_v1.6457,a2.1.a0.real_tracker_v1.2310,814.2831666666667,77.76572,0.09550194291304939
0.2115194,0.0,1.043317,1.019758,a2.1.a0.real_tracker_v1.6457,a2.1.a0.real_tracker_v1.2310,816.5711333333334,53.65300666666667,0.06570516489174012
-0.08212641,0.0,1.476704,1.453145,a2.1.a0.real_tracker_v1.6457,a2.1.a0.real_tracker_v1.2310,822.4362333333333,98.05726666666665,0.11922765980479887
0.5051652,0.519,0.60993,0.586371,a2.1.a0.real_tracker_v1.6457,a2.1.a0.real_tracker_v1.2310,813.5180999999999,88.82865333333332,0.10919061806088307
0.2115194,0.519,1.043317,1.019758,a2.1.a0.real_tracker_v1.6457,a2.1.a0.real_tracker_v1.2310,817.8634333333333,61.24328333333333,0.07488194966949087
-0.08212641,0.519,1.476704,1.453145,a2.1.a0.real_tracker_v1.6457,a2.1.a0.real_tracker_v1.2310,822.4422000000001,101.89773333333333,0.1238963776870346
