x,y,z,rearZ,mattype,rearMat,Wm2Front,Wm2Back,Back/FrontRatio
0.5823372,-0.519,0.9146917,0.8764947,a2.1.a0.real_tracker_v1.6457,a2.1.a0.real_tracker_v1.2310,874.0468000000001,197.99710000000002,0.2265289152378165
0.1062381,-0.519,1.132365,1.094168,a2.1.a0.real_tracker_v1.6457,a2.1.a0.real_tracker_v1.2310,874.3831,163.57243333333335,0.1870716008369015
-0.3698611,-0.519,1.350039,1.311842,a2.1.a0.real_tracker_v1.6457,a2.1.a0.real_tracker_v1.2310,875.8656333333333,202.7785,0.23151755333831459
0.5823372,0.0,0.9146917,0.8764947,a2.1.a0.real_tracker_v1.6457,a2.1.a0.real_tracker_v1.2310,873.5775,214.12563333333333,0.24511321344714107
0.1062381,0.0,1.132365,1.094168,a2.1.a0.real_tracker_v1.6457,a2.1.a0.real_tracker_v1.2310,873.7180666666667,168.43036666666669,0.19277405414677154
-0.3698611,-1.110223e-16,1.350039,1.311842,a2.1.a0.real_tracker_v1.6457,a2.1.a0.real_tracker_v1.2310,875.8625333333334,212.71853333333334,0.2428672107443222
0.5823372,0.519,0.9146917,0.8764947,a2.1.a0.real_tracker_v1.6457,a2.1.a0.real_tracker_v1.2310,873.9845666666666,232.7803,0.2663434144431142
0.1062381,0.519,1.132365,1.094168,a2.1.a0.real_tracker_v1.6457,a2.1.a0.real_tracker_v1.2310,874.1286999999999,174.8373333333333,0.2000130339162865
-0.3698611,0.519,1.350039,1.311842,a2.1.a0.real_tracker_v1.6457,a2.1.a0.real_tracker_v1.2310,876.6877666666666,214.96116666666668,0.24519667051739347
