x,y,z,rearZ,mattype,rearMat,Wm2Front,Wm2Back,Back/FrontRatio
0.5254905,-0.519,1.151381,1.109382,a2.1.a0.real_tracker_v1.6457,a2.1.a0.real_tracker_v1.2310,0.9880191000000001,0.3478948333333333,0.35175744667957703
0.002006672,-0.519,1.155492,1.113493,a2.1.a0.real_tracker_v1.6457,a2.1.a0.real_tracker_v1.2310,0.988019,0.26881313333333334,0.27179774436419657
-0.5214772,-0.519,1.159604,1.117605,a2.1.a0.real_tracker_v1.6457,a2.1.a0.real_tracker_v1.2310,0.9880187,0.35014853333333334,0.3540363122894778
0.5254905,0.0,1.151381,1.109382,a2.1.a0.real_tracker_v1.6457,a2.1.a0.real_tracker_v1.2310,0.988019,0.34352636666666664,0.34734051283814227
0.002006672,0.0,1.155492,1.113493,a2.1.a0.real_tracker_v1.6457,a2.1.a0.real_tracker_v1.2310,0.9880185999999999,0.2618588,0.2647663046984152
-0.5214772,-1.110223e-16,1.159604,1.117605,a2.1.a0.real_tracker_v1.6457,a2.1.a0.real_tracker_v1.2310,0.9880181,0.3472625333333334,0.35111848138404483
0.5254905,0.519,1.151381,1.109382,a2.1.a0.real_tracker_v1.6457,a2.1.a0.real_tracker_v1.2310,0.9880185999999999,0.3483351666666667,0.3522028470108315
0.002006672,0.519,1.155492,1.113493,a2.1.a0.real_tracker_v1.6457,a2.1.a0.real_tracker_v1.2310,0.9880181,0.26866680000000004,0.2716500335029258
-0.5214772,0.519,1.159604,1.117605,a2.1.a0.real_tracker_v1.6457,a2.1.a0.real_tracker_v1.2310,0.9880176,0.34983516666666664,0.35371985965332325
