x,y,z,rearZ,mattype,rearMat,Wm2Front,Wm2Back,Back/FrontRatio
0.04848887,-0.519,1.480501,1.459001,a2.1.a0.real_tracker_v1.6457,a2.1.a0.real_tracker_v1.2310,815.3016333333334,83.36626,0.10225192044230283
-0.2194871,-0.519,1.030789,1.009289,a2.1.a0.real_tracker_v1.6457,a2.1.a0.real_tracker_v1.2310,810.2367333333333,42.117156666666666,0.05198123332690998
-0.487463,-0.519,0.5810764,0.5595769,a2.1.a0.real_tracker_v1.6457,a2.1.a0.real_tracker_v1.2310,808.6532333333333,62.05891,0.07674344292267972
0.04848887,0.0,1.480501,1.459001,a2.1.a0.real_tracker_v1.6457,a2.1.a0.real_tracker_v1.2310,815.0421666666666,83.63171999999999,0.10261017259004072
-0.2194871,0.0,1.030789,1.009289,a2.1.a0.real_tracker_v1.6457,a2.1.a0.real_tracker_v1.2310,811.3493,40.53116333333333,0.04995519608895607
-0.487463,0.0,0.5810764,0.5595769,a2.1.a0.real_tracker_v1.6457,a2.1.a0.real_tracker_v1.2310,807.4153666666666,61.37372666666667,0.07601248773299163
0.04848887,0.519,1.480501,1.459001,a2.1.a0.real_tracker_v1.6457,a2.1.a0.real_tracker_v1.2310,815.5586,84.28358000000001,0.10334447660232314
-0.2194871,0.519,1.030789,1.009289,a2.1.a0.real_tracker_v1.6457,a2.1.a0.real_tracker_v1.2310,809.9562,48.14028,0.059435584991404486
-0.487463,0.519,0.5810764,0.5595769,a2.1.a0.real_tracker_v1.6457,a2.1.a0.real_tracker_v1.2310,807.7024333333333,74.73848,0.09253208159777127
