x,y,z,rearZ,mattype,rearMat,Wm2Front,Wm2Back,Back/FrontRatio
0.1915223,-0.519,1.450138,1.420331,a2.1.a0.real_tracker_v1.6457,a2.1.a0.real_tracker_v1.2310,471.3117666666667,49.487829999999995,0.10499997772180016
-0.1800024,-0.519,1.081327,1.05152,a2.1.a0.real_tracker_v1.6457,a2.1.a0.real_tracker_v1.2310,464.108,33.19904666666667,0.07153286548346761
-0.5515271,-0.519,0.7125156,0.6827084,a2.1.a0.real_tracker_v1.6457,a2.1.a0.real_tracker_v1.2310,452.47513333333336,41.44655666666666,0.0915994316900987
0.1915223,0.0,1.450138,1.420331,a2.1.a0.real_tracker_v1.6457,a2.1.a0.real_tracker_v1.2310,471.2064666666667,48.92278666666667,0.10382430272751762
-0.1800024,0.0,1.081327,1.05152,a2.1.a0.real_tracker_v1.6457,a2.1.a0.real_tracker_v1.2310,464.21773333333334,33.486286666666665,0.07213471637867264
-0.5515271,0.0,0.7125156,0.6827084,a2.1.a0.real_tracker_v1.6457,a2.1.a0.real_tracker_v1.2310,451.2008666666666,46.453256666666675,0.1029544868904207
0.1915223,0.519,1.450138,1.420331,a2.1.a0.real_tracker_v1.6457,a2.1.a0.real_tracker_v1.2310,470.9156666666667,50.51435,0.10726812953459565
-0.1800024,0.519,1.081327,1.05152,a2.1.a0.real_tracker_v1.6457,a2.1.a0.real_tracker_v1.2310,463.56486666666666,34.28287666666667,0.07395470445911463
-0.5515271,0.519,0.7125156,0.6827084,a2.1.a0.real_tracker_v1.6457,a2.1.a0.real_tracker_v1.2310,452.7120333333334,45.03396999999999,0.09947575325679082
