x,y,z,rearZ,mattype,rearMat,Wm2Front,Wm2Back,Back/FrontRatio
0.5505032,-0.519,1.09047,1.048776,a2.1.a0.real_tracker_v1.6457,a2.1.a0.real_tracker_v1.2310,855.6840666666667,231.49476666666666,0.2705373456714137
0.03082777,-0.519,1.153633,1.11194,a2.1.a0.real_tracker_v1.6457,a2.1.a0.real_tracker_v1.2310,855.6938333333333,200.56476666666666,0.23438819407775632
-0.4888477,-0.519,1.216797,1.175104,a2.1.a0.real_tracker_v1.6457,a2.1.a0.real_tracker_v1.2310,855.7050666666668,235.56206666666665,0.2752838572061076
0.5505032,0.0,1.09047,1.048776,a2.1.a0.real_tracker_v1.6457,a2.1.a0.real_tracker_v1.2310,855.7282,247.8615,0.28964945919807344
0.03082777,0.0,1.153633,1.11194,a2.1.a0.real_tracker_v1.6457,a2.1.a0.real_tracker_v1.2310,855.7394666666665,204.64683333333332,0.2391459108279481
-0.4888477,-1.110223e-16,1.216797,1.175104,a2.1.a0.real_tracker_v1.6457,a2.1.a0.real_tracker_v1.2310,855.7507333333333,248.29729999999998,0.2901510921080226
0.5505032,0.519,1.09047,1.048776,a2.1.a0.real_tracker_v1.6457,a2.1.a0.real_tracker_v1.2310,855.7738666666665,265.031,0.30969710647418724
0.03082777,0.519,1.153633,1.11194,a2.1.a0.real_tracker_v1.6457,a2.1.a0.real_tracker_v1.2310,855.7851666666667,216.6346,0.2531410397106598
-0.4888477,0.519,1.216797,1.175104,a2.1.a0.real_tracker_v1.6457,a2.1.a0.real_tracker_v1.2310,855.7964000000001,259.5251333333333,0.303255342132768
