x,y,z,rearZ,mattype,rearMat,Wm2Front,Wm2Back,Back/FrontRatio
0.5627923,-0.519,0.7496761,0.7179638,a2.1.a0.real_tracker_v1.6457,a2.1.a0.real_tracker_v1.2310,879.6657666666666,137.35553333333334,0.156144961408303
0.1675221,-0.519,1.092916,1.061204,a2.1.a0.real_tracker_v1.6457,a2.1.a0.real_tracker_v1.2310,880.5901666666665,106.80096666666667,0.12128325914390468
-0.2277481,-0.519,1.436156,1.404444,a2.1.a0.real_tracker_v1.6457,a2.1.a0.real_tracker_v1.2310,882.5738333333333,147.2941,0.1668913438690468
0.5627923,0.0,0.7496761,0.7179638,a2.1.a0.real_tracker_v1.6457,a2.1.a0.real_tracker_v1.2310,879.0754333333333,139.32563333333334,0.1584909207553549
0.1675221,0.0,1.092916,1.061204,a2.1.a0.real_tracker_v1.6457,a2.1.a0.real_tracker_v1.2310,879.6572666666667,109.73263333333334,0.12474461673525644
-0.2277481,0.0,1.436156,1.404444,a2.1.a0.real_tracker_v1.6457,a2.1.a0.real_tracker_v1.2310,882.4943,155.5127,0.1762192954455395
0.5627923,0.519,0.7496761,0.7179638,a2.1.a0.real_tracker_v1.6457,a2.1.a0.real_tracker_v1.2310,880.3876666666666,166.982,0.18966850247201428
0.1675221,0.519,1.092916,1.061204,a2.1.a0.real_tracker_v1.6457,a2.1.a0.real_tracker_v1.2310,881.581,122.23056666666666,0.1386491179115121
-0.2277481,0.519,1.436156,1.404444,a2.1.a0.real_tracker_v1.6457,a2.1.a0.real_tracker_v1.2310,882.128,159.17466666666667,0.1804437521798588
