x,y,z,rearZ,mattype,rearMat,Wm2Front,Wm2Back,Back/FrontRatio
0.464456,-0.519,1.251587,1.210374,a2.1.a0.real_tracker_v1.6457,a2.1.a0.real_tracker_v1.2310,857.9953333333333,229.78636666666668,0.26781742268517855
-0.04923312,-0.519,1.150712,1.109499,a2.1.a0.real_tracker_v1.6457,a2.1.a0.real_tracker_v1.2310,858.0220666666668,191.26093333333333,0.222908847982797
-0.5629222,-0.519,1.049837,1.008624,a2.1.a0.real_tracker_v1.6457,a2.1.a0.real_tracker_v1.2310,858.0516666666666,225.03130000000002,0.2622581442164778
0.464456,0.0,1.251587,1.210374,a2.1.a0.real_tracker_v1.6457,a2.1.a0.real_tracker_v1.2310,857.9521000000001,242.7150333333333,0.28290011812222987
-0.04923312,0.0,1.150712,1.109499,a2.1.a0.real_tracker_v1.6457,a2.1.a0.real_tracker_v1.2310,857.9817666666667,202.09013333333334,0.23554101688833456
-0.5629222,-1.110223e-16,1.049837,1.008624,a2.1.a0.real_tracker_v1.6457,a2.1.a0.real_tracker_v1.2310,858.0113666666666,241.5494,0.28152204954621673
0.464456,0.519,1.251587,1.210374,a2.1.a0.real_tracker_v1.6457,a2.1.a0.real_tracker_v1.2310,857.9118333333334,252.25853333333336,0.29403748671436514
-0.04923312,0.519,1.150712,1.109499,a2.1.a0.real_tracker_v1.6457,a2.1.a0.real_tracker_v1.2310,857.3658666666666,205.3785333333333,0.23954568495493525
-0.5629222,0.519,1.049837,1.008624,a2.1.a0.real_tracker_v1.6457,a2.1.a0.real_tracker_v1.2310,857.2695666666667,259.4947333333334,0.30269875512270206
