x,y,z,rearZ,mattype,rearMat,Wm2Front,Wm2Back,Back/FrontRatio
0.4225833,-0.519,0.4990563,0.4843545,a2.1.a0.real_tracker_v1.6457,a2.1.a0.real_tracker_v1.2310,526.5411,50.12545666666667,0.0951974337221405
0.2393354,-0.519,0.9894362,0.9747344,a2.1.a0.real_tracker_v1.6457,a2.1.a0.real_tracker_v1.2310,540.8335333333333,42.22784,0.07807903785236595
0.05608738,-0.519,1.479816,1.465114,a2.1.a0.real_tracker_v1.6457,a2.1.a0.real_tracker_v1.2310,555.0059,68.92911333333335,0.12419505655395158
0.4225833,0.0,0.4990563,0.4843545,a2.1.a0.real_tracker_v1.6457,a2.1.a0.real_tracker_v1.2310,527.1871333333333,48.376023333333336,0.09176235251628072
0.2393354,0.0,0.9894362,0.9747344,a2.1.a0.real_tracker_v1.6457,a2.1.a0.real_tracker_v1.2310,540.7204333333333,40.35202666666667,0.0746262755258515
0.05608738,0.0,1.479816,1.465114,a2.1.a0.real_tracker_v1.6457,a2.1.a0.real_tracker_v1.2310,554.6539666666667,68.32357666666667,0.12318212361330458
0.4225833,0.519,0.4990563,0.4843545,a2.1.a0.real_tracker_v1.6457,a2.1.a0.real_tracker_v1.2310,526.6422333333334,52.95164333333333,0.10054556857814623
0.2393354,0.519,0.9894362,0.9747344,a2.1.a0.real_tracker_v1.6457,a2.1.a0.real_tracker_v1.2310,541.5638333333333,43.955556666666666,0.08116397882801968
0.05608738,0.519,1.479816,1.465114,a2.1.a0.real_tracker_v1.6457,a2.1.a0.real_tracker_v1.2310,553.6956666666666,68.81839333333333,0.12428897892347797
