x,y,z,rearZ,mattype,rearMat,Wm2Front,Wm2Back,Back/FrontRatio
0.5730893,-0.519,1.004408,0.9639734,a2.1.a0.real_tracker_v1.6457,a2.1.a0.real_tracker_v1.2310,92.76730000000002,20.396176666666666,0.21986149004203656
0.06909548,-0.519,1.14598,1.105545,a2.1.a0.real_tracker_v1.6457,a2.1.a0.real_tracker_v1.2310,93.7749,14.526116666666667,0.1549024500609076
-0.4348984,-0.519,1.287551,1.247116,a2.1.a0.real_tracker_v1.6457,a2.1.a0.real_tracker_v1.2310,93.84320333333334,19.19295,0.20451929174385872
0.5730893,0.0,1.004408,0.9639734,a2.1.a0.real_tracker_v1.6457,a2.1.a0.real_tracker_v1.2310,92.58511,20.532923333333333,0.22177109863815783
0.06909548,0.0,1.14598,1.105545,a2.1.a0.real_tracker_v1.6457,a2.1.a0.real_tracker_v1.2310,93.77309333333334,14.46525,0.1542563568018857
-0.4348984,-1.110223e-16,1.287551,1.247116,a2.1.a0.real_tracker_v1.6457,a2.1.a0.real_tracker_v1.2310,94.21915333333334,19.102286666666668,0.20274098471360302
0.5730893,0.519,1.004408,0.9639734,a2.1.a0.real_tracker_v1.6457,a2.1.a0.real_tracker_v1.2310,92.70167666666667,21.159883333333333,0.22825536537006857
0.06909548,0.519,1.14598,1.105545,a2.1.a0.real_tracker_v1.6457,a2.1.a0.real_tracker_v1.2310,94.17527333333332,15.079979999999999,0.16012504494231775
-0.4348984,0.519,1.287551,1.247116,a2.1.a0.real_tracker_v1.6457,a2.1.a0.real_tracker_v1.2310,94.30849666666666,19.284656666666667,0.20448265920480474
