x,y,z,rearZ,mattype,rearMat,Wm2Front,Wm2Back,Back/FrontRatio
6.537898,-0.2595,1.374507,1.337608,a2.0.a0.real_tracker_v1.6457,a2.0.a0.real_tracker_v1.2310,887.0821333333333,260.9375333333333,0.294152288019304
6.077968,-0.2595,1.124474,1.087574,a2.0.a0.real_tracker_v1.6457,a2.0.a0.real_tracker_v1.2310,886.7996333333334,196.3024333333333,0.22136027643041448
5.618038,-0.2595,0.8744404,0.8375406,a2.0.a0.real_tracker_v1.6457,a2.0.a0.real_tracker_v1.2310,883.7940333333332,246.69463333333337,0.2791310473910411
6.537898,-3.330669e-16,1.374507,1.337608,a2.0.a0.real_tracker_v1.6457,a2.0.a0.real_tracker_v1.2310,886.7696333333333,259.2229,0.2923223776881199
6.077968,-3.885781e-16,1.124474,1.087574,a2.0.a0.real_tracker_v1.6457,a2.0.a0.real_tracker_v1.2310,886.4913666666667,199.05496666666667,0.2245422229806002
5.618038,-3.885781e-16,0.8744404,0.8375406,a2.0.a0.real_tracker_v1.6457,a2.0.a0.real_tracker_v1.2310,883.7419333333333,252.12509999999997,0.28529235198410635
6.537898,0.2595,1.374507,1.337608,a2.0.a0.real_tracker_v1.6457,a2.0.a0.real_tracker_v1.2310,886.4613666666668,259.6200666666667,0.2928720681543503
6.077968,0.2595,1.124474,1.087574,a2.0.a0.real_tracker_v1.6457,a2.0.a0.real_tracker_v1.2310,886.8035,224.31833333333336,0.25295127994200906
5.618038,0.2595,0.8744404,0.8375406,a2.0.a0.real_tracker_v1.6457,a2.0.a0.real_tracker_v1.2310,883.6951333333333,256.35206666666664,0.290090741598809
