x,y,z,rearZ,mattype,rearMat,Wm2Front,Wm2Back,Back/FrontRatio
6.391522,-0.2595,1.450138,1.420331,a2.0.a0.real_tracker_v1.6457,a2.0.a0.real_tracker_v1.2310,474.18726666666663,72.16227,0.15218063177157207
6.019998,-0.2595,1.081327,1.05152,a2.0.a0.real_tracker_v1.6457,a2.0.a0.real_tracker_v1.2310,467.45886666666667,52.26244333333333,0.11180092037847669
5.648473,-0.2595,0.7125156,0.6827084,a2.0.a0.real_tracker_v1.6457,a2.0.a0.real_tracker_v1.2310,458.1233333333333,64.25006666666665,0.14024591577395656
6.391522,-3.330669e-16,1.450138,1.420331,a2.0.a0.real_tracker_v1.6457,a2.0.a0.real_tracker_v1.2310,474.36296666666664,71.83773666666667,0.15144012133018256
6.019998,-3.330669e-16,1.081327,1.05152,a2.0.a0.real_tracker_v1.6457,a2.0.a0.real_tracker_v1.2310,467.3694333333333,49.71699666666667,0.10637599882405913
5.648473,-3.885781e-16,0.7125156,0.6827084,a2.0.a0.real_tracker_v1.6457,a2.0.a0.real_tracker_v1.2310,458.33006666666665,62.15888,0.1356200452482238
6.391522,0.2595,1.450138,1.420331,a2.0.a0.real_tracker_v1.6457,a2.0.a0.real_tracker_v1.2310,474.53746666666666,72.50025333333333,0.15278056137914778
6.019998,0.2595,1.081327,1.05152,a2.0.a0.real_tracker_v1.6457,a2.0.a0.real_tracker_v1.2310,467.27919999999995,54.105556666666665,0.11578825010489782
5.648473,0.2595,0.7125156,0.6827084,a2.0.a0.real_tracker_v1.6457,a2.0.a0.real_tracker_v1.2310,458.53576666666663,60.60973666666666,0.1321807564249846
