x,y,z,rearZ,mattype,rearMat,Wm2Front,Wm2Back,Back/FrontRatio
6.248489,-0.2595,1.480501,1.459001,a2.0.a0.real_tracker_v1.6457,a2.0.a0.real_tracker_v1.2310,825.8567666666667,130.82716666666667,0.15841367841669912
5.980513,-0.2595,1.030789,1.009289,a2.0.a0.real_tracker_v1.6457,a2.0.a0.real_tracker_v1.2310,820.5477999999999,80.20302,0.09774314458810981
5.712537,-0.2595,0.5810764,0.5595769,a2.0.a0.real_tracker_v1.6457,a2.0.a0.real_tracker_v1.2310,818.9589666666667,102.97940000000001,0.12574411960470677
6.248489,-3.330669e-16,1.480501,1.459001,a2.0.a0.real_tracker_v1.6457,a2.0.a0.real_tracker_v1.2310,826.0504666666666,130.42319999999998,0.1578874988580211
5.980513,-3.330669e-16,1.030789,1.009289,a2.0.a0.real_tracker_v1.6457,a2.0.a0.real_tracker_v1.2310,820.3348,79.35187333333334,0.09673096472607114
5.712537,-3.885781e-16,0.5810764,0.5595769,a2.0.a0.real_tracker_v1.6457,a2.0.a0.real_tracker_v1.2310,818.7583,107.13446666666668,0.13084977070387682
6.248489,0.2595,1.480501,1.459001,a2.0.a0.real_tracker_v1.6457,a2.0.a0.real_tracker_v1.2310,826.2446,134.08743333333334,0.1622852010749992
5.980513,0.2595,1.030789,1.009289,a2.0.a0.real_tracker_v1.6457,a2.0.a0.real_tracker_v1.2310,822.1642666666667,92.98778,0.11310108048835923
5.712537,0.2595,0.5810764,0.5595769,a2.0.a0.real_tracker_v1.6457,a2.0.a0.real_tracker_v1.2310,818.2447666666667,115.38006666666668,0.1410090603177782
