x,y,z,rearZ,mattype,rearMat,Wm2Front,Wm2Back,Back/FrontRatio
6.750503,-0.2595,1.09047,1.048776,a2.0.a0.real_tracker_v1.6457,a2.0.a0.real_tracker_v1.2310,856.1649000000001,286.8738333333334,0.33506804386081407
6.230828,-0.2595,1.153633,1.11194,a2.0.a0.real_tracker_v1.6457,a2.0.a0.real_tracker_v1.2310,856.1708,229.8886,0.26850755888012195
5.711152,-0.2595,1.216797,1.175104,a2.0.a0.real_tracker_v1.6457,a2.0.a0.real_tracker_v1.2310,856.1794,287.7053333333334,0.3360335430866362
6.750503,-3.330669e-16,1.09047,1.048776,a2.0.a0.real_tracker_v1.6457,a2.0.a0.real_tracker_v1.2310,856.17,290.72839999999997,0.3395681470173598
6.230828,-3.885781e-16,1.153633,1.11194,a2.0.a0.real_tracker_v1.6457,a2.0.a0.real_tracker_v1.2310,856.1785999999998,234.12466666666668,0.2734527506456201
5.711152,-3.885781e-16,1.216797,1.175104,a2.0.a0.real_tracker_v1.6457,a2.0.a0.real_tracker_v1.2310,856.1872,287.50506666666666,0.3357965768118116
6.750503,0.2595,1.09047,1.048776,a2.0.a0.real_tracker_v1.6457,a2.0.a0.real_tracker_v1.2310,856.1778,287.07416666666666,0.3352969808019851
6.230828,0.2595,1.153633,1.11194,a2.0.a0.real_tracker_v1.6457,a2.0.a0.real_tracker_v1.2310,856.1864,258.55396666666667,0.3019829147995715
5.711152,0.2595,1.216797,1.175104,a2.0.a0.real_tracker_v1.6457,a2.0.a0.real_tracker_v1.2310,856.1949,284.74576666666667,0.33257081313595016
