x,y,z,rearZ,mattype,rearMat,Wm2Front,Wm2Back,Back/FrontRatio
6.762792,-0.2595,0.7496761,0.7179638,a2.0.a0.real_tracker_v1.6457,a2.0.a0.real_tracker_v1.2310,909.0985000000001,180.97216666666668,0.19906750214543806
6.367522,-0.2595,1.092916,1.061204,a2.0.a0.real_tracker_v1.6457,a2.0.a0.real_tracker_v1.2310,909.3365333333333,141.63903333333334,0.15576068087075554
5.972252,-0.2595,1.436156,1.404444,a2.0.a0.real_tracker_v1.6457,a2.0.a0.real_tracker_v1.2310,908.9698333333332,189.98086666666666,0.209006559616416
6.762792,-3.330669e-16,0.7496761,0.7179638,a2.0.a0.real_tracker_v1.6457,a2.0.a0.real_tracker_v1.2310,909.0904666666667,189.48366666666666,0.20843190549509796
6.367522,-3.330669e-16,1.092916,1.061204,a2.0.a0.real_tracker_v1.6457,a2.0.a0.real_tracker_v1.2310,909.3569333333334,139.19466666666668,0.15306917283542698
5.972252,-3.885781e-16,1.436156,1.404444,a2.0.a0.real_tracker_v1.6457,a2.0.a0.real_tracker_v1.2310,908.9688666666666,188.05336666666665,0.2068862495478398
6.762792,0.2595,0.7496761,0.7179638,a2.0.a0.real_tracker_v1.6457,a2.0.a0.real_tracker_v1.2310,909.0367333333334,200.49586666666664,0.2205583545266841
6.367522,0.2595,1.092916,1.061204,a2.0.a0.real_tracker_v1.6457,a2.0.a0.real_tracker_v1.2310,909.0764333333333,163.04943333333333,0.17935703533578715
5.972252,0.2595,1.436156,1.404444,a2.0.a0.real_tracker_v1.6457,a2.0.a0.real_tracker_v1.2310,908.9613333333333,191.9524,0.21117750753881626
