x,y,z,rearZ,mattype,rearMat,Wm2Front,Wm2Back,Back/FrontRatio
6.725491,-0.2595,1.151381,1.109382,a2.0.a0.real_tracker_v1.6457,a2.0.a0.real_tracker_v1.2310,0.9881746000000001,0.40010450000000003,0.40448319235047075
6.202007,-0.2595,1.155492,1.113493,a2.0.a0.real_tracker_v1.6457,a2.0.a0.real_tracker_v1.2310,0.988175,0.31973843333333335,0.3232374790439845
5.678523,-0.2595,1.159604,1.117605,a2.0.a0.real_tracker_v1.6457,a2.0.a0.real_tracker_v1.2310,0.9881756999999999,0.3927400333333333,0.39703768838370507
6.725491,-3.330669e-16,1.151381,1.109382,a2.0.a0.real_tracker_v1.6457,a2.0.a0.real_tracker_v1.2310,0.9881746000000001,0.3968761666666667,0.4012195285510431
6.202007,-3.885781e-16,1.155492,1.113493,a2.0.a0.real_tracker_v1.6457,a2.0.a0.real_tracker_v1.2310,0.9881753999999999,0.30067743333333335,0.3039677627783034
5.678523,-3.885781e-16,1.159604,1.117605,a2.0.a0.real_tracker_v1.6457,a2.0.a0.real_tracker_v1.2310,0.988176,0.39081553333333335,0.39509200924136184
6.725491,0.2595,1.151381,1.109382,a2.0.a0.real_tracker_v1.6457,a2.0.a0.real_tracker_v1.2310,0.988175,0.39683430000000003,0.4011770414739556
6.202007,0.2595,1.155492,1.113493,a2.0.a0.real_tracker_v1.6457,a2.0.a0.real_tracker_v1.2310,0.9881756999999999,0.3160056333333333,0.3194636032135983
5.678523,0.2595,1.159604,1.117605,a2.0.a0.real_tracker_v1.6457,a2.0.a0.real_tracker_v1.2310,0.9881764,0.3924639333333333,0.396758286321159
