x,y,z,rearZ,mattype,rearMat,Wm2Front,Wm2Back,Back/FrontRatio
6.622583,-0.2595,0.4990563,0.4843545,a2.0.a0.real_tracker_v1.6457,a2.0.a0.real_tracker_v1.2310,595.0854,66.34597666666667,0.11148965371527003
6.439335,-0.2595,0.9894362,0.9747344,a2.0.a0.real_tracker_v1.6457,a2.0.a0.real_tracker_v1.2310,595.4393,53.32191,0.08955038817493544
6.256087,-0.2595,1.479816,1.465114,a2.0.a0.real_tracker_v1.6457,a2.0.a0.real_tracker_v1.2310,595.8899333333333,83.28358666666666,0.1397631378628125
6.622583,-3.330669e-16,0.4990563,0.4843545,a2.0.a0.real_tracker_v1.6457,a2.0.a0.real_tracker_v1.2310,594.9549000000001,65.71096666666666,0.11044678549564205
6.439335,-3.330669e-16,0.9894362,0.9747344,a2.0.a0.real_tracker_v1.6457,a2.0.a0.real_tracker_v1.2310,595.4317,51.54032,0.0865594382035115
6.256087,-3.330669e-16,1.479816,1.465114,a2.0.a0.real_tracker_v1.6457,a2.0.a0.real_tracker_v1.2310,595.8947666666667,83.0773,0.13941582512780618
6.622583,0.2595,0.4990563,0.4843545,a2.0.a0.real_tracker_v1.6457,a2.0.a0.real_tracker_v1.2310,594.9882,70.32089666666667,0.11818852622310905
6.439335,0.2595,0.9894362,0.9747344,a2.0.a0.real_tracker_v1.6457,a2.0.a0.real_tracker_v1.2310,595.5290666666666,59.25099,0.09949286075788394
6.256087,0.2595,1.479816,1.465114,a2.0.a0.real_tracker_v1.6457,a2.0.a0.real_tracker_v1.2310,595.9004666666666,82.81460333333332,0.1389736524673766
