x,y,z,rearZ,mattype,rearMat,Wm2Front,Wm2Back,Back/FrontRatio
6.664456,-0.2595,1.251587,1.210374,a2.0.a0.real_tracker_v1.6457,a2.0.a0.real_tracker_v1.2310,858.4264666666667,286.16859999999997,0.33336375070943675
6.150767,-0.2595,1.150712,1.109499,a2.0.a0.real_tracker_v1.6457,a2.0.a0.real_tracker_v1.2310,858.3732,231.27263333333335,0.2694310166048017
5.637078,-0.2595,1.049837,1.008624,a2.0.a0.real_tracker_v1.6457,a2.0.a0.real_tracker_v1.2310,858.3231,281.65799999999996,0.328148772707186
6.664456,-3.330669e-16,1.251587,1.210374,a2.0.a0.real_tracker_v1.6457,a2.0.a0.real_tracker_v1.2310,858.3943666666668,284.4981666666667,0.33143022168378433
6.150767,-3.885781e-16,1.150712,1.109499,a2.0.a0.real_tracker_v1.6457,a2.0.a0.real_tracker_v1.2310,858.3443000000001,234.62276666666665,0.2733431017408339
5.637078,-3.885781e-16,1.049837,1.008624,a2.0.a0.real_tracker_v1.6457,a2.0.a0.real_tracker_v1.2310,858.2941666666666,282.85290000000003,0.32955201308951415
6.664456,0.2595,1.251587,1.210374,a2.0.a0.real_tracker_v1.6457,a2.0.a0.real_tracker_v1.2310,858.3654666666666,282.01400000000007,0.3285473174355911
6.150767,0.2595,1.150712,1.109499,a2.0.a0.real_tracker_v1.6457,a2.0.a0.real_tracker_v1.2310,858.3153666666667,257.70043333333336,0.30023944939338804
5.637078,0.2595,1.049837,1.008624,a2.0.a0.real_tracker_v1.6457,a2.0.a0.real_tracker_v1.2310,858.2653,283.0850666666667,0.3298336037039631
