x,y,z,rearZ,mattype,rearMat,Wm2Front,Wm2Back,Back/FrontRatio
6.705165,-0.2595,0.60993,0.586371,a2.0.a0.real_tracker_v1.6457,a2.0.a0.real_tracker_v1.2310,860.8487666666666,108.87303333333334,0.1264715837176855
6.411519,-0.2595,1.043317,1.019758,a2.0.a0.real_tracker_v1.6457,a2.0.a0.real_tracker_v1.2310,861.3790333333333,78.60359666666666,0.09125309808086644
6.117874,-0.2595,1.476704,1.453145,a2.0.a0.real_tracker_v1.6457,a2.0.a0.real_tracker_v1.2310,861.2552333333333,126.56363333333333,0.14695235684215852
6.705165,-3.330669e-16,0.60993,0.586371,a2.0.a0.real_tracker_v1.6457,a2.0.a0.real_tracker_v1.2310,860.8798,110.8231,0.1287322240198643
6.411519,-3.330669e-16,1.043317,1.019758,a2.0.a0.real_tracker_v1.6457,a2.0.a0.real_tracker_v1.2310,861.3643666666667,77.2949,0.08973532369790736
6.117874,-3.885781e-16,1.476704,1.453145,a2.0.a0.real_tracker_v1.6457,a2.0.a0.real_tracker_v1.2310,861.2963333333333,127.97543333333333,0.14858449966175055
6.705165,0.2595,0.60993,0.586371,a2.0.a0.real_tracker_v1.6457,a2.0.a0.real_tracker_v1.2310,861.3034666666666,124.77673333333333,0.1448694836289792
6.411519,0.2595,1.043317,1.019758,a2.0.a0.real_tracker_v1.6457,a2.0.a0.real_tracker_v1.2310,861.1454333333335,93.34699,0.1083985096920992
6.117874,0.2595,1.476704,1.453145,a2.0.a0.real_tracker_v1.6457,a2.0.a0.real_tracker_v1.2310,861.3389000000001,128.49643333333333,0.14918202829490812
