x,y,z,rearZ,mattype,rearMat,Wm2Front,Wm2Back,Back/FrontRatio
6.773089,-0.2595,1.004408,0.9639734,a2.0.a0.real_tracker_v1.6457,a2.0.a0.real_tracker_v1.2310,95.08368,30.344916666666666,0.3191357079465027
6.269095,-0.2595,1.14598,1.105545,a2.0.a0.real_tracker_v1.6457,a2.0.a0.real_tracker_v1.2310,95.11028,21.872483333333335,0.22996729024499862
5.765102,-0.2595,1.287551,1.247116,a2.0.a0.real_tracker_v1.6457,a2.0.a0.real_tracker_v1.2310,95.01157,28.966583333333332,0.3048710642532175
6.773089,-3.330669e-16,1.004408,0.9639734,a2.0.a0.real_tracker_v1.6457,a2.0.a0.real_tracker_v1.2310,95.04965,30.021349999999998,0.315845814836616
6.269095,-3.885781e-16,1.14598,1.105545,a2.0.a0.real_tracker_v1.6457,a2.0.a0.real_tracker_v1.2310,95.03351000000002,20.900286666666666,0.21992312757404295
5.765102,-3.885781e-16,1.287551,1.247116,a2.0.a0.real_tracker_v1.6457,a2.0.a0.real_tracker_v1.2310,95.00247,28.709666666666664,0.30219597943808435
6.773089,0.2595,1.004408,0.9639734,a2.0.a0.real_tracker_v1.6457,a2.0.a0.real_tracker_v1.2310,95.01762000000001,30.43052,0.320258492493366
6.269095,0.2595,1.14598,1.105545,a2.0.a0.real_tracker_v1.6457,a2.0.a0.real_tracker_v1.2310,95.01469000000002,21.841513333333335,0.22987270137525004
5.765102,0.2595,1.287551,1.247116,a2.0.a0.real_tracker_v1.6457,a2.0.a0.real_tracker_v1.2310,94.9953,28.955443333333335,0.3048060117429135
