x,y,z,rearZ,mattype,rearMat,Wm2Front,Wm2Back,Back/FrontRatio
6.782337,-0.2595,0.9146917,0.8764947,a2.0.a0.real_tracker_v1.6457,a2.0.a0.real_tracker_v1.2310,887.1405,254.32633333333334,0.28668068547501535
6.306238,-0.2595,1.132365,1.094168,a2.0.a0.real_tracker_v1.6457,a2.0.a0.real_tracker_v1.2310,886.2944000000001,195.4778,0.22055603583184566
5.830139,-0.2595,1.350039,1.311842,a2.0.a0.real_tracker_v1.6457,a2.0.a0.real_tracker_v1.2310,886.5270999999999,250.28269999999998,0.282317841927402
6.782337,-3.330669e-16,0.9146917,0.8764947,a2.0.a0.real_tracker_v1.6457,a2.0.a0.real_tracker_v1.2310,887.0880000000001,257.9418666666667,0.2907733797473159
6.306238,-3.885781e-16,1.132365,1.094168,a2.0.a0.real_tracker_v1.6457,a2.0.a0.real_tracker_v1.2310,886.3741,196.746,0.22196697538096458
5.830139,-3.885781e-16,1.350039,1.311842,a2.0.a0.real_tracker_v1.6457,a2.0.a0.real_tracker_v1.2310,886.1032,246.12396666666666,0.2777596208963536
6.782337,0.2595,0.9146917,0.8764947,a2.0.a0.real_tracker_v1.6457,a2.0.a0.real_tracker_v1.2310,887.261,263.82463333333334,0.29734693172178384
6.306238,0.2595,1.132365,1.094168,a2.0.a0.real_tracker_v1.6457,a2.0.a0.real_tracker_v1.2310,886.3022,222.8654,0.25145503254416773
5.830139,0.2595,1.350039,1.311842,a2.0.a0.real_tracker_v1.6457,a2.0.a0.real_tracker_v1.2310,886.1274,249.73033333333333,0.2818218368052907
