x,y,z,rearZ,mattype,rearMat,Wm2Front,Wm2Back,Back/FrontRatio
6.39325,-0.2595,1.449534,1.419634,a2.0.a0.real_tracker_v1.6457,a2.0.a0.real_tracker_v1.2310,893.8986333333334,200.81656666666666,0.22465225309224685
6.020568,-0.2595,1.081891,1.051991,a2.0.a0.real_tracker_v1.6457,a2.0.a0.real_tracker_v1.2310,892.4848666666667,143.53296666666665,0.1608237979193396
5.647887,-0.2595,0.7142492,0.6843492,a2.0.a0.real_tracker_v1.6457,a2.0.a0.real_tracker_v1.2310,891.4984666666666,177.31646666666666,0.19889688473920944
6.39325,-3.330669e-16,1.449534,1.419634,a2.0.a0.real_tracker_v1.6457,a2.0.a0.real_tracker_v1.2310,893.8870666666667,200.4248,0.22421688740894555
6.020568,-3.330669e-16,1.081891,1.051991,a2.0.a0.real_tracker_v1.6457,a2.0.a0.real_tracker_v1.2310,892.1279000000001,142.41253333333333,0.15963223849528171
5.647887,-3.885781e-16,0.7142492,0.6843492,a2.0.a0.real_tracker_v1.6457,a2.0.a0.real_tracker_v1.2310,891.6170000000001,184.33136666666667,0.2067380500019814
6.39325,0.2595,1.449534,1.419634,a2.0.a0.real_tracker_v1.6457,a2.0.a0.real_tracker_v1.2310,893.8832333333334,200.95806666666667,0.22481442134546356
6.020568,0.2595,1.081891,1.051991,a2.0.a0.real_tracker_v1.6457,a2.0.a0.real_tracker_v1.2310,891.7789333333334,165.53286666666668,0.185620757408087
5.647887,0.2595,0.7142492,0.6843492,a2.0.a0.real_tracker_v1.6457,a2.0.a0.real_tracker_v1.2310,891.3494000000001,192.80163333333334,0.21630285164322957
