x,y,z,rearZ,mattype,rearMat,Wm2Front,Wm2Back,Back/FrontRatio
0.7100281,-0.2595,1.7423,1.712401,a2.1.a0.real_tracker_v2.6457,a2.1.a0.real_tracker_v2.2310,881.8353333333334,155.17053333333334,0.17596296213696494
-0.07093001,-0.2595,0.9719023,0.9420023,a2.1.tube1.6457,a2.1.tube1.6457,857.6397000000001,0.010198178333333334,1.1890968249680004e-05
-0.8518881,-0.2595,0.201504,0.1716041,a2.1.a1.real_tracker_v2.6457,a2.1.a1.real_tracker_v2.2310,870.3995333333334,49.58523,0.0569682900010478
0.7100281,0.0,1.7423,1.712401,a2.1.a0.real_tracker_v2.6457,a2.1.a0.real_tracker_v2.2310,881.7611333333334,154.59436666666667,0.17532434295205238
-0.07093001,-5.551115e-17,0.9719023,0.9420023,a2.1.tube1.6457,a2.1.tube1.6457,854.7592000000001,0.031777726666666666,3.717735882726718e-05
-0.8518881,-1.110223e-16,0.201504,0.1716041,a2.1.a1.real_tracker_v2.6457,a2.1.a1.real_tracker_v2.2310,869.6985333333333,52.19288666666666,0.06001254992816292
0.7100281,0.2595,1.7423,1.712401,a2.1.a0.real_tracker_v2.6457,a2.1.a0.real_tracker_v2.2310,881.6934,155.26566666666668,0.17609918659647456
-0.07093001,0.2595,0.9719023,0.9420023,a2.1.tube1.6457,a2.1.tube1.6457,858.9926333333333,0.14734223333333332,0.00017152890035001812
-0.8518881,0.2595,0.201504,0.1716041,a2.1.a1.real_tracker_v2.6457,a2.1.a1.real_tracker_v2.2310,869.7783,85.63627333333334,0.09845747459537534
