x,y,z,rearZ,mattype,rearMat,Wm2Front,Wm2Back,Back/FrontRatio
0.8945152,-0.2595,0.2569972,0.225285,a2.1.a0.real_tracker_v2.6457,a2.1.a0.real_tracker_v2.2310,864.0416666666666,60.022603333333336,0.06946717523208731
0.06622204,-0.2595,0.9762604,0.9445481,a2.1.tube1.6457,a2.1.tube1.6457,854.5070000000001,3.298281e-05,3.859859708744681e-08
-0.7620711,-0.2595,1.695524,1.663811,a2.1.a1.real_tracker_v2.6457,a2.1.a1.real_tracker_v2.2310,880.0387999999999,166.37210000000002,0.1890506542999533
0.8945152,0.0,0.2569972,0.225285,a2.1.a0.real_tracker_v2.6457,a2.1.a0.real_tracker_v2.2310,864.5101000000001,64.16588666666667,0.07422216633964175
0.06622204,-5.551115e-17,0.9762604,0.9445481,a2.1.tube1.6457,a2.1.tube1.6457,854.5230666666666,6.38414e-05,7.470989114330387e-08
-0.7620711,-1.110223e-16,1.695524,1.663811,a2.1.a1.real_tracker_v2.6457,a2.1.a1.real_tracker_v2.2310,880.4490666666667,166.1465,0.1887063290585247
0.8945152,0.2595,0.2569972,0.225285,a2.1.a0.real_tracker_v2.6457,a2.1.a0.real_tracker_v2.2310,865.9524333333333,106.70370000000001,0.12322106003929467
0.06622204,0.2595,0.9762604,0.9445481,a2.1.tube1.6457,a2.1.tube1.6457,855.2544666666666,0.0005422662,6.340400279620156e-07
-0.7620711,0.2595,1.695524,1.663811,a2.1.a1.real_tracker_v2.6457,a2.1.a1.real_tracker_v2.2310,878.3543,165.45863333333332,0.18837323954592558
