x,y,z,rearZ,mattype,rearMat,Wm2Front,Wm2Back,Back/FrontRatio
1.029907,-0.2595,1.291026,1.25056,a2.1.a0.real_tracker_v2.6457,a2.1.a0.real_tracker_v2.2310,588.7786666666666,84.19001333333334,0.1429906943117941
-0.02704203,-0.2595,0.9973125,0.9568459,a2.1.tube1.6457,a2.1.tube1.6457,578.0703,8.176744e-05,1.4144871056563438e-07
-1.083991,-0.2595,0.7035986,0.663132,a2.1.a1.real_tracker_v2.6457,a2.1.a1.real_tracker_v2.2310,578.0948666666667,72.27627,0.12502471331744516
1.029907,1.110223e-16,1.291026,1.25056,a2.1.a0.real_tracker_v2.6457,a2.1.a0.real_tracker_v2.2310,588.9796,84.57254666666667,0.14359139616256744
-0.02704203,5.551115e-17,0.9973125,0.9568459,a2.1.tube1.6457,a2.1.tube1.6457,578.2145,7.974438e-06,1.3791463563325439e-08
-1.083991,0.0,0.7035986,0.663132,a2.1.a1.real_tracker_v2.6457,a2.1.a1.real_tracker_v2.2310,577.8687333333334,80.79971333333333,0.13982340425973744
1.029907,0.2595,1.291026,1.25056,a2.1.a0.real_tracker_v2.6457,a2.1.a0.real_tracker_v2.2310,589.1794,86.42135333333333,0.14668063182911945
-0.02704203,0.2595,0.9973125,0.9568459,a2.1.tube1.6457,a2.1.tube1.6457,577.3366,7.676194333333334e-05,1.3295850353992767e-07
-1.083991,0.2595,0.7035986,0.663132,a2.1.a1.real_tracker_v2.6457,a2.1.a1.real_tracker_v2.2310,577.6413333333334,91.40251333333333,0.15823375133516876
