x,y,z,rearZ,mattype,rearMat,Wm2Front,Wm2Back,Back/FrontRatio
1.101172,-0.2595,0.8679018,0.8262086,a2.1.a0.real_tracker_v2.6457,a2.1.a0.real_tracker_v2.2310,854.5547333333333,189.583,0.22184977831756011
0.01218632,-0.2595,1.000262,0.958569,a2.1.tube1.6457,a2.1.tube1.6457,845.4411,0.09798957333333334,0.00011590335202532894
-1.076799,-0.2595,1.132622,1.090929,a2.1.a1.real_tracker_v2.6457,a2.1.a1.real_tracker_v2.2310,856.1903333333333,213.989,0.249931284829637
1.101172,1.110223e-16,0.8679018,0.8262086,a2.1.a0.real_tracker_v2.6457,a2.1.a0.real_tracker_v2.2310,854.4817333333334,200.63346666666666,0.23480107770463235
0.01218632,5.551115e-17,1.000262,0.958569,a2.1.tube1.6457,a2.1.tube1.6457,856.3049333333333,0.2021124333333333,0.00023602829954309941
-1.076799,0.0,1.132622,1.090929,a2.1.a1.real_tracker_v2.6457,a2.1.a1.real_tracker_v2.2310,856.2171,216.12673333333336,0.2524201874888342
1.101172,0.2595,0.8679018,0.8262086,a2.1.a0.real_tracker_v2.6457,a2.1.a0.real_tracker_v2.2310,854.4107,203.86403333333337,0.2386016405596194
0.01218632,0.2595,1.000262,0.958569,a2.1.tube1.6457,a2.1.tube1.6457,856.3332333333333,0.21366133333333334,0.0002495069390156733
-1.076799,0.2595,1.132622,1.090929,a2.1.a1.real_tracker_v2.6457,a2.1.a1.real_tracker_v2.2310,856.2453666666667,214.7329666666667,0.250784090918381
