x,y,z,rearZ,mattype,rearMat,Wm2Front,Wm2Back,Back/FrontRatio
1.100941,-0.2595,0.939222,0.8972883,a2.1.a0.real_tracker_v2.6457,a2.1.a0.real_tracker_v2.2310,67.64767333333333,17.156473333333334,0.2536113790258119
0.005673172,-0.2595,1.000841,0.9589069,a2.1.tube1.6457,a2.1.tube1.6457,50.26206666666667,0.007896185666666666,0.0001570971727418144
-1.089595,-0.2595,1.062459,1.020525,a2.1.a1.real_tracker_v2.6457,a2.1.a1.real_tracker_v2.2310,67.46591666666666,15.205620000000001,0.22537890793388862
1.100941,1.110223e-16,0.939222,0.8972883,a2.1.a0.real_tracker_v2.6457,a2.1.a0.real_tracker_v2.2310,67.64305333333333,17.307199999999998,0.2558569326813453
0.005673172,5.551115e-17,1.000841,0.9589069,a2.1.tube1.6457,a2.1.tube1.6457,50.256706666666666,0.0013940783333333334,2.7738598232894565e-05
-1.089595,0.0,1.062459,1.020525,a2.1.a1.real_tracker_v2.6457,a2.1.a1.real_tracker_v2.2310,67.42934666666666,15.15874,0.22480590341519824
1.100941,0.2595,0.939222,0.8972883,a2.1.a0.real_tracker_v2.6457,a2.1.a0.real_tracker_v2.2310,67.63769666666666,17.2249,0.2546604362423897
0.005673172,0.2595,1.000841,0.9589069,a2.1.tube1.6457,a2.1.tube1.6457,50.25135666666667,0.0007914997333333334,1.5750499794139008e-05
-1.089595,0.2595,1.062459,1.020525,a2.1.a1.real_tracker_v2.6457,a2.1.a1.real_tracker_v2.2310,67.39195,15.128566666666666,0.22448292687390398
