x,y,z,rearZ,mattype,rearMat,Wm2Front,Wm2Back,Back/FrontRatio
0.9155487,-0.2595,1.512683,1.475783,a2.1.a0.real_tracker_v2.6457,a2.1.a0.real_tracker_v2.2310,879.9603666666667,192.4859,0.21874358044733858
-0.0482395,-0.2595,0.9887353,0.9518355,a2.1.tube1.6457,a2.1.tube1.6457,861.2541666666666,6.406971333333335e-05,7.43910931545452e-08
-1.012028,-0.2595,0.4647874,0.4278876,a2.1.a1.real_tracker_v2.6457,a2.1.a1.real_tracker_v2.2310,870.2139000000001,99.18585666666667,0.11397857778195554
0.9155487,1.110223e-16,1.512683,1.475783,a2.1.a0.real_tracker_v2.6457,a2.1.a0.real_tracker_v2.2310,879.6677666666668,193.5592,0.22003645841997418
-0.0482395,5.551115e-17,0.9887353,0.9518355,a2.1.tube1.6457,a2.1.tube1.6457,862.8080999999999,0.044652159999999996,5.175207354674401e-05
-1.012028,0.0,0.4647874,0.4278876,a2.1.a1.real_tracker_v2.6457,a2.1.a1.real_tracker_v2.2310,870.5054,115.45206666666667,0.13262632723512047
0.9155487,0.2595,1.512683,1.475783,a2.1.a0.real_tracker_v2.6457,a2.1.a0.real_tracker_v2.2310,880.7886,188.46526666666668,0.21397308354534011
-0.0482395,0.2595,0.9887353,0.9518355,a2.1.tube1.6457,a2.1.tube1.6457,862.4041333333333,0.05493418333333333,6.369881301726946e-05
-1.012028,0.2595,0.4647874,0.4278876,a2.1.a1.real_tracker_v2.6457,a2.1.a1.real_tracker_v2.2310,869.3873,171.9746,0.19781103564425703
