x,y,z,rearZ,mattype,rearMat,Wm2Front,Wm2Back,Back/FrontRatio
1.073233,-0.2595,0.6514422,0.6115664,a2.1.a0.real_tracker_v2.6457,a2.1.a0.real_tracker_v2.2310,631.1750000000001,73.60702333333334,0.11661885644152081
0.03171324,-0.2595,0.995892,0.9560161,a2.1.tube1.6457,a2.1.tube1.6457,634.2995999999999,0.004115412333333334,6.488110421672838e-06
-1.009807,-0.2595,1.340342,1.300466,a2.1.a1.real_tracker_v2.6457,a2.1.a1.real_tracker_v2.2310,647.389,96.53348000000001,0.14911178733066624
1.073233,1.110223e-16,0.6514422,0.6115664,a2.1.a0.real_tracker_v2.6457,a2.1.a0.real_tracker_v2.2310,632.5431666666667,85.99248333333333,0.13594700238323276
0.03171324,5.551115e-17,0.995892,0.9560161,a2.1.tube1.6457,a2.1.tube1.6457,633.852,0.14996086666666666,0.00023658619059413883
-1.009807,0.0,1.340342,1.300466,a2.1.a1.real_tracker_v2.6457,a2.1.a1.real_tracker_v2.2310,647.5532666666667,96.59255,0.14916518193481648
1.073233,0.2595,0.6514422,0.6115664,a2.1.a0.real_tracker_v2.6457,a2.1.a0.real_tracker_v2.2310,631.6517,101.62246666666665,0.16088345172381383
0.03171324,0.2595,0.995892,0.9560161,a2.1.tube1.6457,a2.1.tube1.6457,634.1532333333333,0.17376413333333332,0.0002740092617847383
-1.009807,0.2595,1.340342,1.300466,a2.1.a1.real_tracker_v2.6457,a2.1.a1.real_tracker_v2.2310,647.7185666666668,97.64675,0.15075467073276103
