x,y,z,rearZ,mattype,rearMat,Wm2Front,Wm2Back,Back/FrontRatio
1.056979,-0.2595,1.210492,1.169279,a2.1.a0.real_tracker_v2.6457,a2.1.a0.real_tracker_v2.2310,858.3583666666667,213.08133333333333,0.24824256786619403
-0.01946202,-0.2595,0.9991072,0.9578943,a2.1.tube1.6457,a2.1.tube1.6457,845.4305,0.05586730666666667,6.608141128721448e-05
-1.095903,-0.2595,0.7877227,0.7465098,a2.1.a1.real_tracker_v2.6457,a2.1.a1.real_tracker_v2.2310,854.9206666666668,172.53153333333333,0.20180975644942126
1.056979,1.110223e-16,1.210492,1.169279,a2.1.a0.real_tracker_v2.6457,a2.1.a0.real_tracker_v2.2310,858.3800333333334,215.94436666666664,0.25157168935582647
-0.01946202,5.551115e-17,0.9991072,0.9578943,a2.1.tube1.6457,a2.1.tube1.6457,845.8860333333332,0.16146893333333334,0.00019088711254627345
-1.095903,0.0,0.7877227,0.7465098,a2.1.a1.real_tracker_v2.6457,a2.1.a1.real_tracker_v2.2310,854.8340333333334,193.0751,0.22586240908625993
1.056979,0.2595,1.210492,1.169279,a2.1.a0.real_tracker_v2.6457,a2.1.a0.real_tracker_v2.2310,858.4045666666667,207.71946666666668,0.2419828979829154
-0.01946202,0.2595,0.9991072,0.9578943,a2.1.tube1.6457,a2.1.tube1.6457,846.2107666666666,2.426785666666667,0.002867823117404852
-1.095903,0.2595,0.7877227,0.7465098,a2.1.a1.real_tracker_v2.6457,a2.1.a1.real_tracker_v2.2310,854.7465666666667,198.55876666666666,0.23230106105011042
