x,y,z,rearZ,mattype,rearMat,Wm2Front,Wm2Back,Back/FrontRatio
1.074091,-0.2595,1.144823,1.10319,a2.1.a0.real_tracker_v2.6457,a2.1.a0.real_tracker_v2.2310,266.55583333333334,47.16466333333333,0.17694036481275724
-0.01332295,-0.2595,1.000117,0.9584844,a2.1.tube1.6457,a2.1.tube1.6457,251.8256,0.0029683839999999997,1.1787412449677674e-05
-1.100737,-0.2595,0.8554117,0.8137787,a2.1.a1.real_tracker_v2.6457,a2.1.a1.real_tracker_v2.2310,263.4202,48.79105666666666,0.18522069091882756
1.074091,1.110223e-16,1.144823,1.10319,a2.1.a0.real_tracker_v2.6457,a2.1.a0.real_tracker_v2.2310,266.42446666666666,47.645483333333324,0.1788323163301206
-0.01332295,5.551115e-17,1.000117,0.9584844,a2.1.tube1.6457,a2.1.tube1.6457,252.06046666666668,0.0006825384333333334,2.707825366405337e-06
-1.100737,0.0,0.8554117,0.8137787,a2.1.a1.real_tracker_v2.6457,a2.1.a1.real_tracker_v2.2310,263.9686,49.63122666666666,0.18801872134771078
1.074091,0.2595,1.144823,1.10319,a2.1.a0.real_tracker_v2.6457,a2.1.a0.real_tracker_v2.2310,266.29643333333337,47.363476666666664,0.17785930594148922
-0.01332295,0.2595,1.000117,0.9584844,a2.1.tube1.6457,a2.1.tube1.6457,251.7595,4.1185219999999995e-05,1.6358888705734218e-07
-1.100737,0.2595,0.8554117,0.8137787,a2.1.a1.real_tracker_v2.6457,a2.1.a1.real_tracker_v2.2310,263.3514,47.77014333333333,0.18139247386138624
