x,y,z,rearZ,mattype,rearMat,Wm2Front,Wm2Back,Back/FrontRatio
1.039667,-0.2595,0.5357171,0.4975201,a2.1.a0.real_tracker_v2.6457,a2.1.a0.real_tracker_v2.2310,862.2850333333332,109.5412,0.12703580455379446
0.04199627,-0.2595,0.9918548,0.9536578,a2.1.tube1.6457,a2.1.tube1.6457,857.4606,0.008100702666666668,9.447306639348827e-06
-0.9556747,-0.2595,1.447993,1.409795,a2.1.a1.real_tracker_v2.6457,a2.1.a1.real_tracker_v2.2310,874.0515666666666,193.4194666666667,0.22129042810811878
1.039667,1.110223e-16,0.5357171,0.4975201,a2.1.a0.real_tracker_v2.6457,a2.1.a0.real_tracker_v2.2310,862.8589333333333,132.0445,0.15303121039575446
0.04199627,5.551115e-17,0.9918548,0.9536578,a2.1.tube1.6457,a2.1.tube1.6457,857.0678000000001,0.00012625133333333334,1.4730594945625523e-07
-0.9556747,0.0,1.447993,1.409795,a2.1.a1.real_tracker_v2.6457,a2.1.a1.real_tracker_v2.2310,874.0394,193.59133333333332,0.22149014317110893
1.039667,0.2595,0.5357171,0.4975201,a2.1.a0.real_tracker_v2.6457,a2.1.a0.real_tracker_v2.2310,863.9900333333334,179.3432,0.20757530238257488
0.04199627,0.2595,0.9918548,0.9536578,a2.1.tube1.6457,a2.1.tube1.6457,857.976,0.0007720053999999999,8.997973139140093e-07
-0.9556747,0.2595,1.447993,1.409795,a2.1.a1.real_tracker_v2.6457,a2.1.a1.real_tracker_v2.2310,874.0313,192.1346,0.21982551445753207
