x,y,z,rearZ,mattype,rearMat,Wm2Front,Wm2Back,Back/FrontRatio
1.099102,-0.2595,0.8252702,0.7838047,a2.1.a0.real_tracker_v2.6457,a2.1.a0.real_tracker_v2.2310,322.7766,59.20962333333333,0.18343783253030366
0.01606099,-0.2595,0.9997148,0.9582492,a2.1.tube1.6457,a2.1.tube1.6457,311.8272,0.032194733333333336,0.00010324509885037125
-1.06698,-0.2595,1.174159,1.132694,a2.1.a1.real_tracker_v2.6457,a2.1.a1.real_tracker_v2.2310,327.8513,58.36527666666666,0.1780230813285942
1.099102,1.110223e-16,0.8252702,0.7838047,a2.1.a0.real_tracker_v2.6457,a2.1.a0.real_tracker_v2.2310,323.3847666666666,59.10658,0.18277421609877084
0.01606099,5.551115e-17,0.9997148,0.9582492,a2.1.tube1.6457,a2.1.tube1.6457,311.99590000000006,0.017360133333333333,5.5642005844716184e-05
-1.06698,0.0,1.174159,1.132694,a2.1.a1.real_tracker_v2.6457,a2.1.a1.real_tracker_v2.2310,328.1059,57.91761,0.17652054863826394
1.099102,0.2595,0.8252702,0.7838047,a2.1.a0.real_tracker_v2.6457,a2.1.a0.real_tracker_v2.2310,322.69783333333334,56.69422,0.17568771295010366
0.01606099,0.2595,0.9997148,0.9582492,a2.1.tube1.6457,a2.1.tube1.6457,312.53766666666667,0.12890643333333332,0.00041244955290865344
-1.06698,0.2595,1.174159,1.132694,a2.1.a1.real_tracker_v2.6457,a2.1.a1.real_tracker_v2.2310,328.3636333333334,58.22960333333333,0.17733214062131536
