x,y,z,rearZ,mattype,rearMat,Wm2Front,Wm2Back,Back/FrontRatio
-2.993,-6.778765,0.9660596,0.9264696,a1.0.a0.real_tracker_v1.6457,a1.0.a0.real_tracker_v1.2310,940.7425666666667,273.9713666666667,0.29122853067965004
-2.993,-6.285303,1.140839,1.101249,a1.0.a0.real_tracker_v1.6457,a1.0.a0.real_tracker_v1.2310,940.8497000000001,203.95376666666667,0.21677591000003152
-2.993,-5.791842,1.315619,1.276029,a1.0.a0.real_tracker_v1.6457,a1.0.a0.real_tracker_v1.2310,940.8499,234.98270000000002,0.24975551386516187
-2.474,-6.778765,0.9660596,0.9264696,a1.0.a0.real_tracker_v1.6457,a1.0.a0.real_tracker_v1.2310,940.7660666666667,250.56786666666665,0.2663442158476919
-2.474,-6.285303,1.140839,1.101249,a1.0.a0.real_tracker_v1.6457,a1.0.a0.real_tracker_v1.2310,940.7082999999999,190.90616666666665,0.20293853442999518
-2.474,-5.791842,1.315619,1.276029,a1.0.a0.real_tracker_v1.6457,a1.0.a0.real_tracker_v1.2310,940.8373,219.01936666666666,0.2327917206034944
-1.955,-6.778765,0.9660596,0.9264696,a1.0.a0.real_tracker_v1.6457,a1.0.a0.real_tracker_v1.2310,940.4988,245.6199,0.2611589072108256
-1.955,-6.285303,1.140839,1.101249,a1.0.a0.real_tracker_v1.6457,a1.0.a0.real_tracker_v1.2310,940.7497,188.3894333333333,0.20025436423627782
-1.955,-5.791842,1.315619,1.276029,a1.0.a0.real_tracker_v1.6457,a1.0.a0.real_tracker_v1.2310,940.8185,211.86350000000002,0.22519037923852558
