x,y,z,rearZ,mattype,rearMat,Wm2Front,Wm2Back,Back/FrontRatio
-2.993,-6.778765,0.9660596,0.9264696,a1.0.a0.real_tracker_v1.6457,a1.0.a0.real_tracker_v1.2310,1066.091,293.5527666666667,0.2753540657529244
-2.993,-6.285303,1.140839,1.101249,a1.0.a0.real_tracker_v1.6457,a1.0.a0.real_tracker_v1.2310,1066.298,219.32796666666664,0.20569086782100204
-2.993,-5.791842,1.315619,1.276029,a1.0.a0.real_tracker_v1.6457,a1.0.a0.real_tracker_v1.2310,1066.325,250.55313333333334,0.23496860559841298
-2.474,-6.778765,0.9660596,0.9264696,a1.0.a0.real_tracker_v1.6457,a1.0.a0.real_tracker_v1.2310,1066.072,275.7156333333333,0.25862734853366826
-2.474,-6.285303,1.140839,1.101249,a1.0.a0.real_tracker_v1.6457,a1.0.a0.real_tracker_v1.2310,1066.197,212.28866666666667,0.19910810812500745
-2.474,-5.791842,1.315619,1.276029,a1.0.a0.real_tracker_v1.6457,a1.0.a0.real_tracker_v1.2310,1066.296,237.9523,0.22315761931244296
-1.955,-6.778765,0.9660596,0.9264696,a1.0.a0.real_tracker_v1.6457,a1.0.a0.real_tracker_v1.2310,1066.049,284.4117,0.26679020683832844
-1.955,-6.285303,1.140839,1.101249,a1.0.a0.real_tracker_v1.6457,a1.0.a0.real_tracker_v1.2310,1066.251,212.94373333333337,0.19971238819090925
-1.955,-5.791842,1.315619,1.276029,a1.0.a0.real_tracker_v1.6457,a1.0.a0.real_tracker_v1.2310,1066.261,240.72533333333334,0.22576564984340936
