x,y,z,rearZ,mattype,rearMat,Wm2Front,Wm2Back,Back/FrontRatio
-2.993,-6.778765,0.9660596,0.9264696,a1.0.a0.real_tracker_v1.6457,a1.0.a0.real_tracker_v1.2310,430.3107,133.18036666666669,0.3094974332946715
-2.993,-6.285303,1.140839,1.101249,a1.0.a0.real_tracker_v1.6457,a1.0.a0.real_tracker_v1.2310,430.51140000000004,104.0512,0.2416915285134644
-2.993,-5.791842,1.315619,1.276029,a1.0.a0.real_tracker_v1.6457,a1.0.a0.real_tracker_v1.2310,430.2457,124.47706666666666,0.289315563993092
-2.474,-6.778765,0.9660596,0.9264696,a1.0.a0.real_tracker_v1.6457,a1.0.a0.real_tracker_v1.2310,430.173,134.7225,0.31318141031303615
-2.474,-6.285303,1.140839,1.101249,a1.0.a0.real_tracker_v1.6457,a1.0.a0.real_tracker_v1.2310,430.1115,98.43324666666666,0.228854652368082
-2.474,-5.791842,1.315619,1.276029,a1.0.a0.real_tracker_v1.6457,a1.0.a0.real_tracker_v1.2310,430.12630000000007,124.65043333333334,0.2897989347184736
-1.955,-6.778765,0.9660596,0.9264696,a1.0.a0.real_tracker_v1.6457,a1.0.a0.real_tracker_v1.2310,430.0278,127.98046666666666,0.29760905936222565
-1.955,-6.285303,1.140839,1.101249,a1.0.a0.real_tracker_v1.6457,a1.0.a0.real_tracker_v1.2310,429.9557,96.71693666666665,0.22494576004203834
-1.955,-5.791842,1.315619,1.276029,a1.0.a0.real_tracker_v1.6457,a1.0.a0.real_tracker_v1.2310,429.998,121.21289999999999,0.2818911206770248
