x,y,z,rearZ,mattype,rearMat,Wm2Front,Wm2Back,Back/FrontRatio
-2.993,-6.778765,0.9660596,0.9264696,a1.0.a0.real_tracker_v1.6457,a1.0.a0.real_tracker_v1.2310,225.4453,65.54166,0.2907196081727666
-2.993,-6.285303,1.140839,1.101249,a1.0.a0.real_tracker_v1.6457,a1.0.a0.real_tracker_v1.2310,225.5377,50.57917,0.22425938430965506
-2.993,-5.791842,1.315619,1.276029,a1.0.a0.real_tracker_v1.6457,a1.0.a0.real_tracker_v1.2310,225.51429999999996,62.156876666666655,0.2756215505851118
-2.474,-6.778765,0.9660596,0.9264696,a1.0.a0.real_tracker_v1.6457,a1.0.a0.real_tracker_v1.2310,225.4292,65.73817333333334,0.29161209692992923
-2.474,-6.285303,1.140839,1.101249,a1.0.a0.real_tracker_v1.6457,a1.0.a0.real_tracker_v1.2310,225.499,50.528400000000005,0.22407272727272728
-2.474,-5.791842,1.315619,1.276029,a1.0.a0.real_tracker_v1.6457,a1.0.a0.real_tracker_v1.2310,225.5286,62.180123333333334,0.2757071503400588
-1.955,-6.778765,0.9660596,0.9264696,a1.0.a0.real_tracker_v1.6457,a1.0.a0.real_tracker_v1.2310,225.4158,66.87191666666666,0.29665897424977494
-1.955,-6.285303,1.140839,1.101249,a1.0.a0.real_tracker_v1.6457,a1.0.a0.real_tracker_v1.2310,225.50159999999997,66.35863666666667,0.2942699404204948
-1.955,-5.791842,1.315619,1.276029,a1.0.a0.real_tracker_v1.6457,a1.0.a0.real_tracker_v1.2310,225.5457,61.85135333333333,0.2742285891717029
