x,y,z,rearZ,mattype,rearMat,Wm2Front,Wm2Back,Back/FrontRatio
-2.993,-6.778765,0.9660596,0.9264696,a1.0.a0.real_tracker_v1.6457,a1.0.a0.real_tracker_v1.2310,32.30818,12.287016666666666,0.3802949089598271
-2.993,-6.285303,1.140839,1.101249,a1.0.a0.real_tracker_v1.6457,a1.0.a0.real_tracker_v1.2310,32.34955,9.593442666666666,0.29654650899804386
-2.993,-5.791842,1.315619,1.276029,a1.0.a0.real_tracker_v1.6457,a1.0.a0.real_tracker_v1.2310,32.28693,13.55556666666667,0.41983387187307053
-2.474,-6.778765,0.9660596,0.9264696,a1.0.a0.real_tracker_v1.6457,a1.0.a0.real_tracker_v1.2310,32.32713,12.141686666666667,0.3755765231910002
-2.474,-6.285303,1.140839,1.101249,a1.0.a0.real_tracker_v1.6457,a1.0.a0.real_tracker_v1.2310,32.28906,9.483096000000002,0.29368468191139946
-2.474,-5.791842,1.315619,1.276029,a1.0.a0.real_tracker_v1.6457,a1.0.a0.real_tracker_v1.2310,32.29708,13.579216666666667,0.4204341764794275
-1.955,-6.778765,0.9660596,0.9264696,a1.0.a0.real_tracker_v1.6457,a1.0.a0.real_tracker_v1.2310,32.34672,12.415643333333334,0.38381818976216364
-1.955,-6.285303,1.140839,1.101249,a1.0.a0.real_tracker_v1.6457,a1.0.a0.real_tracker_v1.2310,32.26949,9.891752666666667,0.3065262618158779
-1.955,-5.791842,1.315619,1.276029,a1.0.a0.real_tracker_v1.6457,a1.0.a0.real_tracker_v1.2310,32.3081,13.648456666666666,0.42243382411353664
