x,y,z,rearZ,mattype,rearMat,Wm2Front,Wm2Back,Back/FrontRatio
-6.00675,-0.2595,1.449534,1.419634,a2.2.a0.real_tracker_v1.6457,a2.2.a0.real_tracker_v1.2310,915.9063666666666,174.42489999999998,0.19043945528552542
-6.379432,-0.2595,1.081891,1.051991,a2.2.a0.real_tracker_v1.6457,a2.2.a0.real_tracker_v1.2310,915.8306333333334,124.95106666666668,0.13643453896857097
-6.752113,-0.2595,0.7142492,0.6843492,a2.2.a0.real_tracker_v1.6457,a2.2.a0.real_tracker_v1.2310,916.1057999999999,163.53533333333334,0.17851120997391717
-6.00675,4.440892e-16,1.449534,1.419634,a2.2.a0.real_tracker_v1.6457,a2.2.a0.real_tracker_v1.2310,915.8610333333332,176.5605333333333,0.19278071031149852
-6.379432,4.440892e-16,1.081891,1.051991,a2.2.a0.real_tracker_v1.6457,a2.2.a0.real_tracker_v1.2310,915.7992333333333,126.65343333333333,0.1382981011834204
-6.752113,3.885781e-16,0.7142492,0.6843492,a2.2.a0.real_tracker_v1.6457,a2.2.a0.real_tracker_v1.2310,916.0695999999999,172.71363333333332,0.18853747007417695
-6.00675,0.2595,1.449534,1.419634,a2.2.a0.real_tracker_v1.6457,a2.2.a0.real_tracker_v1.2310,915.8258666666667,173.78716666666665,0.189759847621854
-6.379432,0.2595,1.081891,1.051991,a2.2.a0.real_tracker_v1.6457,a2.2.a0.real_tracker_v1.2310,916.2327333333333,147.45536666666666,0.16093640880281931
-6.752113,0.2595,0.7142492,0.6843492,a2.2.a0.real_tracker_v1.6457,a2.2.a0.real_tracker_v1.2310,916.034,181.80886666666666,0.198473711885099
