x,y,z,rearZ,mattype,rearMat,Wm2Front,Wm2Back,Back/FrontRatio
-5.862102,-0.2595,1.374507,1.337608,a2.2.a0.real_tracker_v1.6457,a2.2.a0.real_tracker_v1.2310,897.6383,240.81316666666666,0.2682738675397419
-6.322032,-0.2595,1.124474,1.087574,a2.2.a0.real_tracker_v1.6457,a2.2.a0.real_tracker_v1.2310,897.2571000000002,186.4116,0.2077569430691124
-6.781962,-0.2595,0.8744404,0.8375406,a2.2.a0.real_tracker_v1.6457,a2.2.a0.real_tracker_v1.2310,897.2407,243.58946666666668,0.27148701031914446
-5.862102,4.440892e-16,1.374507,1.337608,a2.2.a0.real_tracker_v1.6457,a2.2.a0.real_tracker_v1.2310,897.6945,241.91406666666668,0.2694834347132928
-6.322032,3.885781e-16,1.124474,1.087574,a2.2.a0.real_tracker_v1.6457,a2.2.a0.real_tracker_v1.2310,897.3185,190.50486666666666,0.21230438730760523
-6.781962,3.885781e-16,0.8744404,0.8375406,a2.2.a0.real_tracker_v1.6457,a2.2.a0.real_tracker_v1.2310,897.3275,252.05926666666667,0.28089965566307845
-5.862102,0.2595,1.374507,1.337608,a2.2.a0.real_tracker_v1.6457,a2.2.a0.real_tracker_v1.2310,897.756,237.73256666666666,0.2648072548213678
-6.322032,0.2595,1.124474,1.087574,a2.2.a0.real_tracker_v1.6457,a2.2.a0.real_tracker_v1.2310,897.3623000000001,213.56806666666668,0.2379950981577547
-6.781962,0.2595,0.8744404,0.8375406,a2.2.a0.real_tracker_v1.6457,a2.2.a0.real_tracker_v1.2310,897.4173,252.66793333333337,0.281549789360584
