x,y,z,rearZ,mattype,rearMat,Wm2Front,Wm2Back,Back/FrontRatio
-5.694835,-0.2595,0.60993,0.586371,a2.2.a0.real_tracker_v1.6457,a2.2.a0.real_tracker_v1.2310,823.9529333333334,120.97469999999998,0.1468221645724692
-5.988481,-0.2595,1.043317,1.019758,a2.2.a0.real_tracker_v1.6457,a2.2.a0.real_tracker_v1.2310,827.2338333333332,96.71503,0.11691363335159365
-6.282126,-0.2595,1.476704,1.453145,a2.2.a0.real_tracker_v1.6457,a2.2.a0.real_tracker_v1.2310,830.9102666666666,149.85483333333335,0.18034998362039303
-5.694835,4.440892e-16,0.60993,0.586371,a2.2.a0.real_tracker_v1.6457,a2.2.a0.real_tracker_v1.2310,824.417,123.80806666666668,0.15017632641046977
-5.988481,4.440892e-16,1.043317,1.019758,a2.2.a0.real_tracker_v1.6457,a2.2.a0.real_tracker_v1.2310,827.0306999999999,96.25852333333334,0.11639036730192247
-6.282126,3.885781e-16,1.476704,1.453145,a2.2.a0.real_tracker_v1.6457,a2.2.a0.real_tracker_v1.2310,830.9561333333332,150.32106666666664,0.1809011086572697
-5.694835,0.2595,0.60993,0.586371,a2.2.a0.real_tracker_v1.6457,a2.2.a0.real_tracker_v1.2310,824.0340666666667,135.31043333333332,0.1642047029390173
-5.988481,0.2595,1.043317,1.019758,a2.2.a0.real_tracker_v1.6457,a2.2.a0.real_tracker_v1.2310,826.8285666666667,109.53536666666666,0.1324763543571071
-6.282126,0.2595,1.476704,1.453145,a2.2.a0.real_tracker_v1.6457,a2.2.a0.real_tracker_v1.2310,831.0032666666666,151.29873333333333,0.18206733635703756
