x,y,z,rearZ,mattype,rearMat,Wm2Front,Wm2Back,Back/FrontRatio
-5.735544,-0.2595,1.251587,1.210374,a2.2.a0.real_tracker_v1.6457,a2.2.a0.real_tracker_v1.2310,859.3676,281.59396666666663,0.32767541968215574
-6.249233,-0.2595,1.150712,1.109499,a2.2.a0.real_tracker_v1.6457,a2.2.a0.real_tracker_v1.2310,859.36,231.09106666666665,0.26891034927890217
-6.762922,-0.2595,1.049837,1.008624,a2.2.a0.real_tracker_v1.6457,a2.2.a0.real_tracker_v1.2310,859.355,280.7265333333333,0.3266708248192057
-5.735544,4.440892e-16,1.251587,1.210374,a2.2.a0.real_tracker_v1.6457,a2.2.a0.real_tracker_v1.2310,859.3516,281.63193333333334,0.3277257011072444
-6.249233,3.885781e-16,1.150712,1.109499,a2.2.a0.real_tracker_v1.6457,a2.2.a0.real_tracker_v1.2310,859.3466,227.2899666666667,0.2644913032475644
-6.762922,3.885781e-16,1.049837,1.008624,a2.2.a0.real_tracker_v1.6457,a2.2.a0.real_tracker_v1.2310,859.3417,284.30899999999997,0.3308447258584963
-5.735544,0.2595,1.251587,1.210374,a2.2.a0.real_tracker_v1.6457,a2.2.a0.real_tracker_v1.2310,859.3382,279.17379999999997,0.32487031896136004
-6.249233,0.2595,1.150712,1.109499,a2.2.a0.real_tracker_v1.6457,a2.2.a0.real_tracker_v1.2310,859.3332999999999,252.29093333333333,0.2935888086084
-6.762922,0.2595,1.049837,1.008624,a2.2.a0.real_tracker_v1.6457,a2.2.a0.real_tracker_v1.2310,859.3284,283.5569,0.32997462905377145
