x,y,z,rearZ,mattype,rearMat,Wm2Front,Wm2Back,Back/FrontRatio
-5.637208,-0.2595,0.7496761,0.7179638,a2.2.a0.real_tracker_v1.6457,a2.2.a0.real_tracker_v1.2310,887.0977666666668,193.10016666666664,0.21767606260152236
-6.032478,-0.2595,1.092916,1.061204,a2.2.a0.real_tracker_v1.6457,a2.2.a0.real_tracker_v1.2310,889.8573,155.96863333333332,0.17527356134491673
-6.427748,-0.2595,1.436156,1.404444,a2.2.a0.real_tracker_v1.6457,a2.2.a0.real_tracker_v1.2310,890.5553333333334,216.06706666666665,0.2426203245985936
-5.637208,4.440892e-16,0.7496761,0.7179638,a2.2.a0.real_tracker_v1.6457,a2.2.a0.real_tracker_v1.2310,887.2225666666667,202.15279999999998,0.22784877182590618
-6.032478,4.440892e-16,1.092916,1.061204,a2.2.a0.real_tracker_v1.6457,a2.2.a0.real_tracker_v1.2310,890.3404999999999,158.78586666666664,0.17834265466303284
-6.427748,3.885781e-16,1.436156,1.404444,a2.2.a0.real_tracker_v1.6457,a2.2.a0.real_tracker_v1.2310,890.7401666666666,217.6582,0.24435628232443882
-5.637208,0.2595,0.7496761,0.7179638,a2.2.a0.real_tracker_v1.6457,a2.2.a0.real_tracker_v1.2310,886.4841666666666,213.0058333333333,0.2402813282643759
-6.032478,0.2595,1.092916,1.061204,a2.2.a0.real_tracker_v1.6457,a2.2.a0.real_tracker_v1.2310,890.8191,180.56319999999997,0.2026932261631725
-6.427748,0.2595,1.436156,1.404444,a2.2.a0.real_tracker_v1.6457,a2.2.a0.real_tracker_v1.2310,890.9206666666668,216.98199999999997,0.2435477866553924
