x,y,z,rearZ,mattype,rearMat,Wm2Front,Wm2Back,Back/FrontRatio
-5.649497,-0.2595,1.09047,1.048776,a2.2.a0.real_tracker_v1.6457,a2.2.a0.real_tracker_v1.2310,856.1812,285.85366666666664,0.3338701349627061
-6.169172,-0.2595,1.153633,1.11194,a2.2.a0.real_tracker_v1.6457,a2.2.a0.real_tracker_v1.2310,856.1736999999999,234.56056666666666,0.2739634407167914
-6.688848,-0.2595,1.216797,1.175104,a2.2.a0.real_tracker_v1.6457,a2.2.a0.real_tracker_v1.2310,856.1680666666666,292.0244,0.34108263352347234
-5.649497,4.440892e-16,1.09047,1.048776,a2.2.a0.real_tracker_v1.6457,a2.2.a0.real_tracker_v1.2310,856.2136,290.80786666666665,0.3396436672145822
-6.169172,3.885781e-16,1.153633,1.11194,a2.2.a0.real_tracker_v1.6457,a2.2.a0.real_tracker_v1.2310,856.2079666666667,234.14596666666668,0.27346824873631903
-6.688848,3.885781e-16,1.216797,1.175104,a2.2.a0.real_tracker_v1.6457,a2.2.a0.real_tracker_v1.2310,856.2023333333333,287.7847,0.33611723850642955
-5.649497,0.2595,1.09047,1.048776,a2.2.a0.real_tracker_v1.6457,a2.2.a0.real_tracker_v1.2310,856.2479,290.3209,0.3390613406919413
-6.169172,0.2595,1.153633,1.11194,a2.2.a0.real_tracker_v1.6457,a2.2.a0.real_tracker_v1.2310,856.2422333333334,261.12983333333335,0.30497155851002933
-6.688848,0.2595,1.216797,1.175104,a2.2.a0.real_tracker_v1.6457,a2.2.a0.real_tracker_v1.2310,856.2366000000001,286.1848666666667,0.33423534152981216
