x,y,z,rearZ,mattype,rearMat,Wm2Front,Wm2Back,Back/FrontRatio
-5.777417,-0.2595,0.4990563,0.4843545,a2.2.a0.real_tracker_v1.6457,a2.2.a0.real_tracker_v1.2310,539.1083,75.69508666666667,0.14040768108928314
-5.960665,-0.2595,0.9894362,0.9747344,a2.2.a0.real_tracker_v1.6457,a2.2.a0.real_tracker_v1.2310,552.7257000000001,57.00374,0.10313187331098714
-6.143913,-0.2595,1.479816,1.465114,a2.2.a0.real_tracker_v1.6457,a2.2.a0.real_tracker_v1.2310,563.2990333333333,97.67082666666666,0.17339041520856763
-5.777417,4.440892e-16,0.4990563,0.4843545,a2.2.a0.real_tracker_v1.6457,a2.2.a0.real_tracker_v1.2310,538.9205666666667,74.80285666666667,0.1388010079636202
-5.960665,4.440892e-16,0.9894362,0.9747344,a2.2.a0.real_tracker_v1.6457,a2.2.a0.real_tracker_v1.2310,552.8336333333333,55.50965,0.10040913982776889
-6.143913,4.440892e-16,1.479816,1.465114,a2.2.a0.real_tracker_v1.6457,a2.2.a0.real_tracker_v1.2310,563.0137,97.25888000000002,0.17274660856990062
-5.777417,0.2595,0.4990563,0.4843545,a2.2.a0.real_tracker_v1.6457,a2.2.a0.real_tracker_v1.2310,538.0861666666666,79.22020666666667,0.14722560130437357
-5.960665,0.2595,0.9894362,0.9747344,a2.2.a0.real_tracker_v1.6457,a2.2.a0.real_tracker_v1.2310,552.9425333333334,62.45339333333334,0.11294714481394304
-6.143913,0.2595,1.479816,1.465114,a2.2.a0.real_tracker_v1.6457,a2.2.a0.real_tracker_v1.2310,562.7295333333333,98.04309666666666,0.17422743366333537
