x,y,z,rearZ,mattype,rearMat,Wm2Front,Wm2Back,Back/FrontRatio
-5.617663,-0.2595,0.9146917,0.8764947,a2.2.a0.real_tracker_v1.6457,a2.2.a0.real_tracker_v1.2310,877.4913333333334,253.28633333333335,0.2886479160121817
-6.093762,-0.2595,1.132365,1.094168,a2.2.a0.real_tracker_v1.6457,a2.2.a0.real_tracker_v1.2310,877.6800333333334,203.73146666666665,0.23212472291091624
-6.569861,-0.2595,1.350039,1.311842,a2.2.a0.real_tracker_v1.6457,a2.2.a0.real_tracker_v1.2310,877.6046,268.4470666666666,0.30588577222691676
-5.617663,4.440892e-16,0.9146917,0.8764947,a2.2.a0.real_tracker_v1.6457,a2.2.a0.real_tracker_v1.2310,877.6159333333334,265.59833333333336,0.30263583489045415
-6.093762,3.885781e-16,1.132365,1.094168,a2.2.a0.real_tracker_v1.6457,a2.2.a0.real_tracker_v1.2310,878.8795333333334,208.04903333333334,0.23672049322137678
-6.569861,3.885781e-16,1.350039,1.311842,a2.2.a0.real_tracker_v1.6457,a2.2.a0.real_tracker_v1.2310,878.1262,266.2862666666667,0.3032433873665076
-5.617663,0.2595,0.9146917,0.8764947,a2.2.a0.real_tracker_v1.6457,a2.2.a0.real_tracker_v1.2310,878.5790000000001,266.1589,0.30294213389788066
-6.093762,0.2595,1.132365,1.094168,a2.2.a0.real_tracker_v1.6457,a2.2.a0.real_tracker_v1.2310,878.9081,235.9256,0.2684300344597638
-6.569861,0.2595,1.350039,1.311842,a2.2.a0.real_tracker_v1.6457,a2.2.a0.real_tracker_v1.2310,878.4933333333333,268.4694666666667,0.3056018194767335
