x,y,z,rearZ,mattype,rearMat,Wm2Front,Wm2Back,Back/FrontRatio
-5.626911,-0.2595,1.004408,0.9639734,a2.2.a0.real_tracker_v1.6457,a2.2.a0.real_tracker_v1.2310,93.38628666666666,22.53122666666667,0.24126653071192491
-6.130905,-0.2595,1.14598,1.105545,a2.2.a0.real_tracker_v1.6457,a2.2.a0.real_tracker_v1.2310,93.79732666666666,17.774253333333334,0.18949435416367413
-6.634898,-0.2595,1.287551,1.247116,a2.2.a0.real_tracker_v1.6457,a2.2.a0.real_tracker_v1.2310,93.92688333333332,22.705616666666668,0.2417345718958499
-5.626911,4.440892e-16,1.004408,0.9639734,a2.2.a0.real_tracker_v1.6457,a2.2.a0.real_tracker_v1.2310,93.45225666666666,22.47361666666667,0.24047975927502013
-6.130905,3.885781e-16,1.14598,1.105545,a2.2.a0.real_tracker_v1.6457,a2.2.a0.real_tracker_v1.2310,93.93062333333332,16.921153333333333,0.1801433077898118
-6.634898,3.885781e-16,1.287551,1.247116,a2.2.a0.real_tracker_v1.6457,a2.2.a0.real_tracker_v1.2310,94.12967333333332,22.609963333333337,0.24019761606577983
-5.626911,0.2595,1.004408,0.9639734,a2.2.a0.real_tracker_v1.6457,a2.2.a0.real_tracker_v1.2310,93.51965666666666,22.841586666666668,0.24424108513352685
-6.130905,0.2595,1.14598,1.105545,a2.2.a0.real_tracker_v1.6457,a2.2.a0.real_tracker_v1.2310,94.06814666666666,17.72126666666667,0.1883855365400714
-6.634898,0.2595,1.287551,1.247116,a2.2.a0.real_tracker_v1.6457,a2.2.a0.real_tracker_v1.2310,94.17995,22.642039999999998,0.24040997675219877
