x,y,z,rearZ,mattype,rearMat,Wm2Front,Wm2Back,Back/FrontRatio
-6.008478,-0.2595,1.450138,1.420331,a2.2.a0.real_tracker_v1.6457,a2.2.a0.real_tracker_v1.2310,488.61103333333335,68.25838,0.13969852427566767
-6.380002,-0.2595,1.081327,1.05152,a2.2.a0.real_tracker_v1.6457,a2.2.a0.real_tracker_v1.2310,487.8460333333333,59.59769333333333,0.12216471406235194
-6.751527,-0.2595,0.7125156,0.6827084,a2.2.a0.real_tracker_v1.6457,a2.2.a0.real_tracker_v1.2310,488.4230333333333,87.10841333333333,0.17834587855730005
-6.008478,4.440892e-16,1.450138,1.420331,a2.2.a0.real_tracker_v1.6457,a2.2.a0.real_tracker_v1.2310,488.61353333333335,67.88681666666666,0.13893736685141578
-6.380002,4.440892e-16,1.081327,1.05152,a2.2.a0.real_tracker_v1.6457,a2.2.a0.real_tracker_v1.2310,487.87609999999995,57.855380000000004,0.118585971753952
-6.751527,3.885781e-16,0.7125156,0.6827084,a2.2.a0.real_tracker_v1.6457,a2.2.a0.real_tracker_v1.2310,488.45356666666663,87.17545666666666,0.17847198616971338
-6.008478,0.2595,1.450138,1.420331,a2.2.a0.real_tracker_v1.6457,a2.2.a0.real_tracker_v1.2310,488.61293333333333,69.14159666666667,0.14150557720485255
-6.380002,0.2595,1.081327,1.05152,a2.2.a0.real_tracker_v1.6457,a2.2.a0.real_tracker_v1.2310,487.9034,63.90648000000001,0.13098156114189585
-6.751527,0.2595,0.7125156,0.6827084,a2.2.a0.real_tracker_v1.6457,a2.2.a0.real_tracker_v1.2310,488.48143333333337,87.12082666666667,0.178349968640974
