x,y,z,rearZ,mattype,rearMat,Wm2Front,Wm2Back,Back/FrontRatio
-5.674509,-0.2595,1.151381,1.109382,a2.2.a0.real_tracker_v1.6457,a2.2.a0.real_tracker_v1.2310,0.9880695,0.3949873,0.39935242164478835
-6.197993,-0.2595,1.155492,1.113493,a2.2.a0.real_tracker_v1.6457,a2.2.a0.real_tracker_v1.2310,0.9880695999999999,0.3178571333333333,0.32136983416873127
-6.721477,-0.2595,1.159604,1.117605,a2.2.a0.real_tracker_v1.6457,a2.2.a0.real_tracker_v1.2310,0.9880698,0.39714133333333335,0.40153013804822807
-5.674509,4.440892e-16,1.151381,1.109382,a2.2.a0.real_tracker_v1.6457,a2.2.a0.real_tracker_v1.2310,0.9880692,0.3921248,0.39645840756137185
-6.197993,3.885781e-16,1.155492,1.113493,a2.2.a0.real_tracker_v1.6457,a2.2.a0.real_tracker_v1.2310,0.9880694,0.3010175333333333,0.3043441980242573
-6.721477,3.885781e-16,1.159604,1.117605,a2.2.a0.real_tracker_v1.6457,a2.2.a0.real_tracker_v1.2310,0.9880695999999999,0.39716576666666664,0.4015549225925725
-5.674509,0.2595,1.151381,1.109382,a2.2.a0.real_tracker_v1.6457,a2.2.a0.real_tracker_v1.2310,0.9880691,0.39363543333333334,0.39798577605278873
-6.197993,0.2595,1.155492,1.113493,a2.2.a0.real_tracker_v1.6457,a2.2.a0.real_tracker_v1.2310,0.9880692999999999,0.3148033333333333,0.3182823825725188
-6.721477,0.2595,1.159604,1.117605,a2.2.a0.real_tracker_v1.6457,a2.2.a0.real_tracker_v1.2310,0.9880695,0.39628379999999996,0.4006632496503026
