x,y,z,rearZ,mattype,rearMat,Wm2Front,Wm2Back,Back/FrontRatio
-6.151511,-0.2595,1.480501,1.459001,a2.2.a0.real_tracker_v1.6457,a2.2.a0.real_tracker_v1.2310,857.8345333333333,109.70119999999999,0.12788138954063688
-6.419487,-0.2595,1.030789,1.009289,a2.2.a0.real_tracker_v1.6457,a2.2.a0.real_tracker_v1.2310,857.5523,63.71779333333333,0.07430184611654266
-6.687463,-0.2595,0.5810764,0.5595769,a2.2.a0.real_tracker_v1.6457,a2.2.a0.real_tracker_v1.2310,857.3775,93.82763999999999,0.10943549435867587
-6.151511,3.330669e-16,1.480501,1.459001,a2.2.a0.real_tracker_v1.6457,a2.2.a0.real_tracker_v1.2310,857.8341,108.92816666666666,0.12698030969666158
-6.419487,3.330669e-16,1.030789,1.009289,a2.2.a0.real_tracker_v1.6457,a2.2.a0.real_tracker_v1.2310,857.5392,61.745929999999994,0.07200353989235722
-6.687463,2.775558e-16,0.5810764,0.5595769,a2.2.a0.real_tracker_v1.6457,a2.2.a0.real_tracker_v1.2310,857.4853666666667,95.27932,0.11111467622556176
-6.151511,0.2595,1.480501,1.459001,a2.2.a0.real_tracker_v1.6457,a2.2.a0.real_tracker_v1.2310,857.8341666666665,108.96493333333335,0.12702315965518632
-6.419487,0.2595,1.030789,1.009289,a2.2.a0.real_tracker_v1.6457,a2.2.a0.real_tracker_v1.2310,857.5631999999999,77.96237333333333,0.09091141320187263
-6.687463,0.2595,0.5810764,0.5595769,a2.2.a0.real_tracker_v1.6457,a2.2.a0.real_tracker_v1.2310,857.4534,104.19959999999999,0.12152203079254126
