x,y,z,rearZ,mattype,rearMat,Wm2Front,Wm2Back,Back/FrontRatio
2.993,2.6235,1.1555,1.1135,a1.0.a0.real_tracker_v1.6457,a1.0.a0.real_tracker_v1.2310,785.5171,354.2639,0.4509939363586911
2.993,2.1,1.1555,1.1135,a1.0.a0.real_tracker_v1.6457,a1.0.a0.real_tracker_v1.2310,785.4989,195.2223,0.24853255869287824
2.993,1.5765,1.1555,1.1135,a1.0.a0.real_tracker_v1.6457,a1.0.a0.real_tracker_v1.2310,785.4847,165.86736666666667,0.21116535497293798
2.474,2.6235,1.1555,1.1135,a1.0.a0.real_tracker_v1.6457,a1.0.a0.real_tracker_v1.2310,785.5038,340.1895333333334,0.4330839650290277
2.474,2.1,1.1555,1.1135,a1.0.a0.real_tracker_v1.6457,a1.0.a0.real_tracker_v1.2310,785.4896,188.04189999999997,0.23939420790013272
2.474,1.5765,1.1555,1.1135,a1.0.a0.real_tracker_v1.6457,a1.0.a0.real_tracker_v1.2310,785.4753,147.2243333333333,0.1874331960535707
1.955,2.6235,1.1555,1.1135,a1.0.a0.real_tracker_v1.6457,a1.0.a0.real_tracker_v1.2310,785.4944,339.28863333333334,0.43194222822098427
1.955,2.1,1.1555,1.1135,a1.0.a0.real_tracker_v1.6457,a1.0.a0.real_tracker_v1.2310,785.4803,184.4322666666667,0.23480160083590365
1.955,1.5765,1.1555,1.1135,a1.0.a0.real_tracker_v1.6457,a1.0.a0.real_tracker_v1.2310,785.4661,135.28353333333334,0.17223322699745583
