x,y,z,rearZ,mattype,rearMat,Wm2Front,Wm2Back,Back/FrontRatio
2.993,2.6235,1.1555,1.1135,a1.0.a0.real_tracker_v1.6457,a1.0.a0.real_tracker_v1.2310,30.66528,9.637152333333333,0.314258929786506
2.993,2.1,1.1555,1.1135,a1.0.a0.real_tracker_v1.6457,a1.0.a0.real_tracker_v1.2310,30.66539,5.711089666666666,0.18623286492693356
2.993,1.5765,1.1555,1.1135,a1.0.a0.real_tracker_v1.6457,a1.0.a0.real_tracker_v1.2310,30.66538,5.452053,0.17778599886911986
2.474,2.6235,1.1555,1.1135,a1.0.a0.real_tracker_v1.6457,a1.0.a0.real_tracker_v1.2310,30.66589,9.371325666666666,0.30558448106954
2.474,2.1,1.1555,1.1135,a1.0.a0.real_tracker_v1.6457,a1.0.a0.real_tracker_v1.2310,30.66589,5.507863666666666,0.17960294202205265
2.474,1.5765,1.1555,1.1135,a1.0.a0.real_tracker_v1.6457,a1.0.a0.real_tracker_v1.2310,30.66589,5.2115746666666665,0.1699414145570896
1.955,2.6235,1.1555,1.1135,a1.0.a0.real_tracker_v1.6457,a1.0.a0.real_tracker_v1.2310,30.6664,9.385340666666666,0.306036399129586
1.955,2.1,1.1555,1.1135,a1.0.a0.real_tracker_v1.6457,a1.0.a0.real_tracker_v1.2310,30.666389999999996,5.593816666666666,0.18240276289135354
1.955,1.5765,1.1555,1.1135,a1.0.a0.real_tracker_v1.6457,a1.0.a0.real_tracker_v1.2310,30.666389999999996,5.222963666666666,0.1703100155137645
