x,y,z,rearZ,mattype,rearMat,Wm2Front,Wm2Back,Back/FrontRatio
2.993,2.6235,1.1555,1.1135,a1.0.a0.real_tracker_v1.6457,a1.0.a0.real_tracker_v1.2310,0.9876537,0.3136938,0.3172939119127355
2.993,2.1,1.1555,1.1135,a1.0.a0.real_tracker_v1.6457,a1.0.a0.real_tracker_v1.2310,0.987658,0.1860602,0.18819470433658556
2.993,1.5765,1.1555,1.1135,a1.0.a0.real_tracker_v1.6457,a1.0.a0.real_tracker_v1.2310,0.9876584,0.1804435,0.1825134950555217
2.474,2.6235,1.1555,1.1135,a1.0.a0.real_tracker_v1.6457,a1.0.a0.real_tracker_v1.2310,0.987658,0.3021972333333333,0.30566407527510353
2.474,2.1,1.1555,1.1135,a1.0.a0.real_tracker_v1.6457,a1.0.a0.real_tracker_v1.2310,0.9876583,0.1813212333333333,0.18340131603945803
2.474,1.5765,1.1555,1.1135,a1.0.a0.real_tracker_v1.6457,a1.0.a0.real_tracker_v1.2310,0.9876587,0.17127346666666665,0.17323821321419278
1.955,2.6235,1.1555,1.1135,a1.0.a0.real_tracker_v1.6457,a1.0.a0.real_tracker_v1.2310,0.9876583,0.30267356666666667,0.3061457802626718
1.955,2.1,1.1555,1.1135,a1.0.a0.real_tracker_v1.6457,a1.0.a0.real_tracker_v1.2310,0.9876586,0.18040706666666664,0.18247660685565942
1.955,1.5765,1.1555,1.1135,a1.0.a0.real_tracker_v1.6457,a1.0.a0.real_tracker_v1.2310,0.987659,0.1709766,0.1729378885945508
