x,y,z,rearZ,mattype,rearMat,Wm2Front,Wm2Back,Back/FrontRatio
2.993,2.6235,1.1555,1.1135,a1.0.a0.real_tracker_v1.6457,a1.0.a0.real_tracker_v1.2310,473.6223,205.60726666666667,0.43411560762881957
2.993,2.1,1.1555,1.1135,a1.0.a0.real_tracker_v1.6457,a1.0.a0.real_tracker_v1.2310,473.6081,123.06276666666668,0.2598403760963771
2.993,1.5765,1.1555,1.1135,a1.0.a0.real_tracker_v1.6457,a1.0.a0.real_tracker_v1.2310,473.60009999999994,97.05328999999999,0.2049262343351821
2.474,2.6235,1.1555,1.1135,a1.0.a0.real_tracker_v1.6457,a1.0.a0.real_tracker_v1.2310,473.5991000000001,204.09616666666668,0.4309462068666511
2.474,2.1,1.1555,1.1135,a1.0.a0.real_tracker_v1.6457,a1.0.a0.real_tracker_v1.2310,473.5910999999999,115.47536666666667,0.24382874348340416
2.474,1.5765,1.1555,1.1135,a1.0.a0.real_tracker_v1.6457,a1.0.a0.real_tracker_v1.2310,473.5831,96.93241,0.20467834540897806
1.955,2.6235,1.1555,1.1135,a1.0.a0.real_tracker_v1.6457,a1.0.a0.real_tracker_v1.2310,473.5821,205.95950000000002,0.4348962199031174
1.955,2.1,1.1555,1.1135,a1.0.a0.real_tracker_v1.6457,a1.0.a0.real_tracker_v1.2310,473.5741,113.92946666666667,0.24057317765791883
1.955,1.5765,1.1555,1.1135,a1.0.a0.real_tracker_v1.6457,a1.0.a0.real_tracker_v1.2310,473.5662,97.40237333333334,0.20567803963900658
