x,y,z,rearZ,mattype,rearMat,Wm2Front,Wm2Back,Back/FrontRatio
2.993,2.6235,1.1555,1.1135,a1.0.a0.real_tracker_v1.6457,a1.0.a0.real_tracker_v1.2310,210.4621,83.09369333333332,0.3948135959858679
2.993,2.1,1.1555,1.1135,a1.0.a0.real_tracker_v1.6457,a1.0.a0.real_tracker_v1.2310,210.463,46.09827333333334,0.21903163169631548
2.993,1.5765,1.1555,1.1135,a1.0.a0.real_tracker_v1.6457,a1.0.a0.real_tracker_v1.2310,210.46040000000002,38.2895,0.18193122349276394
2.474,2.6235,1.1555,1.1135,a1.0.a0.real_tracker_v1.6457,a1.0.a0.real_tracker_v1.2310,210.47850000000003,83.28926666666666,0.3957120131255854
2.474,2.1,1.1555,1.1135,a1.0.a0.real_tracker_v1.6457,a1.0.a0.real_tracker_v1.2310,210.4759,46.42729,0.22058140346992947
2.474,1.5765,1.1555,1.1135,a1.0.a0.real_tracker_v1.6457,a1.0.a0.real_tracker_v1.2310,210.4733,39.35605666666667,0.18698746909559347
1.955,2.6235,1.1555,1.1135,a1.0.a0.real_tracker_v1.6457,a1.0.a0.real_tracker_v1.2310,210.4914,83.28699999999999,0.39567699356366304
1.955,2.1,1.1555,1.1135,a1.0.a0.real_tracker_v1.6457,a1.0.a0.real_tracker_v1.2310,210.4887,64.34069,0.30567144140544644
1.955,1.5765,1.1555,1.1135,a1.0.a0.real_tracker_v1.6457,a1.0.a0.real_tracker_v1.2310,210.4861,37.88568,0.17999050773182776
