x,y,z,rearZ,mattype,rearMat,Wm2Front,Wm2Back,Back/FrontRatio
0.5254905,-0.2595,1.151381,1.109382,a2.1.a0.real_tracker_v1.6457,a2.1.a0.real_tracker_v1.2310,0.9869667999999999,0.15274046666666666,0.1546008091230056
0.002006672,-0.2595,1.155492,1.113493,a2.1.a0.real_tracker_v1.6457,a2.1.a0.real_tracker_v1.2310,0.9869655,0.13803093333333336,0.13971230101995805
-0.5214772,-0.2595,1.159604,1.117605,a2.1.a0.real_tracker_v1.6457,a2.1.a0.real_tracker_v1.2310,0.9869660000000001,0.15309483333333335,0.15495961736874886
0.5254905,0.0,1.151381,1.109382,a2.1.a0.real_tracker_v1.6457,a2.1.a0.real_tracker_v1.2310,0.986965,0.15129023333333333,0.15313319129051467
0.002006672,-5.551115e-17,1.155492,1.113493,a2.1.a0.real_tracker_v1.6457,a2.1.a0.real_tracker_v1.2310,0.9869655,0.12043870000000001,0.12190577504983727
-0.5214772,-5.551115e-17,1.159604,1.117605,a2.1.a0.real_tracker_v1.6457,a2.1.a0.real_tracker_v1.2310,0.9869660000000001,0.15197093333333334,0.1538220276136358
0.5254905,0.2595,1.151381,1.109382,a2.1.a0.real_tracker_v1.6457,a2.1.a0.real_tracker_v1.2310,0.986965,0.14989713333333335,0.15172312109572034
0.002006672,0.2595,1.155492,1.113493,a2.1.a0.real_tracker_v1.6457,a2.1.a0.real_tracker_v1.2310,0.9869655,0.13736976666666664,0.13904308062039275
-0.5214772,0.2595,1.159604,1.117605,a2.1.a0.real_tracker_v1.6457,a2.1.a0.real_tracker_v1.2310,0.9869660000000001,0.1528403,0.15470198367150287
