x,y,z,rearZ,mattype,rearMat,Wm2Front,Wm2Back,Back/FrontRatio
0.5823372,-0.2595,0.9146917,0.8764947,a2.1.a0.real_tracker_v1.6457,a2.1.a0.real_tracker_v1.2310,864.7841666666667,98.77833666666668,0.11422297753719567
0.1062381,-0.2595,1.132365,1.094168,a2.1.a0.real_tracker_v1.6457,a2.1.a0.real_tracker_v1.2310,865.3505666666666,80.532,0.0930627540321088
-0.3698611,-0.2595,1.350039,1.311842,a2.1.a0.real_tracker_v1.6457,a2.1.a0.real_tracker_v1.2310,867.0483333333333,99.85654,0.11516823341078632
0.5823372,0.0,0.9146917,0.8764947,a2.1.a0.real_tracker_v1.6457,a2.1.a0.real_tracker_v1.2310,865.0,100.66253333333334,0.11637273637063233
0.1062381,-5.551115e-17,1.132365,1.094168,a2.1.a0.real_tracker_v1.6457,a2.1.a0.real_tracker_v1.2310,866.6378666666666,80.52913333333333,0.09292121139578094
-0.3698611,-5.551115e-17,1.350039,1.311842,a2.1.a0.real_tracker_v1.6457,a2.1.a0.real_tracker_v1.2310,867.0953,100.52796666666666,0.11593633448403212
0.5823372,0.2595,0.9146917,0.8764947,a2.1.a0.real_tracker_v1.6457,a2.1.a0.real_tracker_v1.2310,865.2189333333334,100.00225,0.11558015037255652
0.1062381,0.2595,1.132365,1.094168,a2.1.a0.real_tracker_v1.6457,a2.1.a0.real_tracker_v1.2310,866.6883333333334,106.46453333333334,0.12284047955668852
-0.3698611,0.2595,1.350039,1.311842,a2.1.a0.real_tracker_v1.6457,a2.1.a0.real_tracker_v1.2310,867.1457999999999,99.83045333333332,0.11512520525167519
