x,y,z,rearZ,mattype,rearMat,Wm2Front,Wm2Back,Back/FrontRatio
0.04848887,-0.2595,1.480501,1.459001,a2.1.a0.real_tracker_v1.6457,a2.1.a0.real_tracker_v1.2310,821.0622666666667,98.26840333333332,0.11968432558465449
-0.2194871,-0.2595,1.030789,1.009289,a2.1.a0.real_tracker_v1.6457,a2.1.a0.real_tracker_v1.2310,816.0488666666666,58.03338,0.07111499231909685
-0.487463,-0.2595,0.5810764,0.5595769,a2.1.a0.real_tracker_v1.6457,a2.1.a0.real_tracker_v1.2310,810.9175,79.88021666666667,0.09850585067015571
0.04848887,0.0,1.480501,1.459001,a2.1.a0.real_tracker_v1.6457,a2.1.a0.real_tracker_v1.2310,821.0840333333334,97.07362333333333,0.11822602945184198
-0.2194871,0.0,1.030789,1.009289,a2.1.a0.real_tracker_v1.6457,a2.1.a0.real_tracker_v1.2310,815.5652333333334,58.533350000000006,0.07177019794059646
-0.487463,-5.551115e-17,0.5810764,0.5595769,a2.1.a0.real_tracker_v1.6457,a2.1.a0.real_tracker_v1.2310,810.4343333333333,81.50817,0.10057331738580008
0.04848887,0.2595,1.480501,1.459001,a2.1.a0.real_tracker_v1.6457,a2.1.a0.real_tracker_v1.2310,821.1065,96.83526,0.11793249970314484
-0.2194871,0.2595,1.030789,1.009289,a2.1.a0.real_tracker_v1.6457,a2.1.a0.real_tracker_v1.2310,816.5380999999999,70.76898333333332,0.086669436078852
-0.487463,0.2595,0.5810764,0.5595769,a2.1.a0.real_tracker_v1.6457,a2.1.a0.real_tracker_v1.2310,812.8386333333334,89.73026,0.11039109846554808
