x,y,z,rearZ,mattype,rearMat,Wm2Front,Wm2Back,Back/FrontRatio
0.5730893,-0.2595,1.004408,0.9639734,a2.1.a0.real_tracker_v1.6457,a2.1.a0.real_tracker_v1.2310,92.82643666666667,20.249603333333333,0.21814243784461568
0.06909548,-0.2595,1.14598,1.105545,a2.1.a0.real_tracker_v1.6457,a2.1.a0.real_tracker_v1.2310,93.57868333333333,15.530253333333334,0.16595753244872774
-0.4348984,-0.2595,1.287551,1.247116,a2.1.a0.real_tracker_v1.6457,a2.1.a0.real_tracker_v1.2310,93.68505,18.959076666666665,0.20236819320130012
0.5730893,0.0,1.004408,0.9639734,a2.1.a0.real_tracker_v1.6457,a2.1.a0.real_tracker_v1.2310,92.79784666666666,20.18699666666667,0.217534995226593
0.06909548,-5.551115e-17,1.14598,1.105545,a2.1.a0.real_tracker_v1.6457,a2.1.a0.real_tracker_v1.2310,93.57068666666667,14.521180000000001,0.1551877551564209
-0.4348984,-5.551115e-17,1.287551,1.247116,a2.1.a0.real_tracker_v1.6457,a2.1.a0.real_tracker_v1.2310,93.67858333333334,18.916793333333334,0.20193080135746405
0.5730893,0.2595,1.004408,0.9639734,a2.1.a0.real_tracker_v1.6457,a2.1.a0.real_tracker_v1.2310,92.68449,20.302046666666666,0.21904234057204278
0.06909548,0.2595,1.14598,1.105545,a2.1.a0.real_tracker_v1.6457,a2.1.a0.real_tracker_v1.2310,93.56423,15.283986666666665,0.16335113659921174
-0.4348984,0.2595,1.287551,1.247116,a2.1.a0.real_tracker_v1.6457,a2.1.a0.real_tracker_v1.2310,93.67212666666667,18.79035,0.20059488423894464
