x,y,z,rearZ,mattype,rearMat,Wm2Front,Wm2Back,Back/FrontRatio
0.1915223,-0.2595,1.450138,1.420331,a2.1.a0.real_tracker_v1.6457,a2.1.a0.real_tracker_v1.2310,474.3385666666666,56.02568666666667,0.11811303674364929
-0.1800024,-0.2595,1.081327,1.05152,a2.1.a0.real_tracker_v1.6457,a2.1.a0.real_tracker_v1.2310,467.37253333333337,40.74817666666667,0.08718546036624811
-0.5515271,-0.2595,0.7125156,0.6827084,a2.1.a0.real_tracker_v1.6457,a2.1.a0.real_tracker_v1.2310,458.1041333333333,51.416959999999996,0.11223834063126994
0.1915223,0.0,1.450138,1.420331,a2.1.a0.real_tracker_v1.6457,a2.1.a0.real_tracker_v1.2310,474.1643000000001,55.671623333333336,0.11740973734968234
-0.1800024,0.0,1.081327,1.05152,a2.1.a0.real_tracker_v1.6457,a2.1.a0.real_tracker_v1.2310,468.0174,38.62773333333333,0.08253464678596682
-0.5515271,-5.551115e-17,0.7125156,0.6827084,a2.1.a0.real_tracker_v1.6457,a2.1.a0.real_tracker_v1.2310,458.6592,48.992933333333326,0.1068174943745573
0.1915223,0.2595,1.450138,1.420331,a2.1.a0.real_tracker_v1.6457,a2.1.a0.real_tracker_v1.2310,473.98876666666666,55.7441,0.11760612553308994
-0.1800024,0.2595,1.081327,1.05152,a2.1.a0.real_tracker_v1.6457,a2.1.a0.real_tracker_v1.2310,468.6612666666667,43.34781,0.09249263933345606
-0.5515271,0.2595,0.7125156,0.6827084,a2.1.a0.real_tracker_v1.6457,a2.1.a0.real_tracker_v1.2310,459.21333333333337,48.27629333333334,0.10512801937802466
