x,y,z,rearZ,mattype,rearMat,Wm2Front,Wm2Back,Back/FrontRatio
0.5254905,-0.2595,1.151381,1.109382,a2.1.a0.real_tracker_v1.6457,a2.1.a0.real_tracker_v1.2310,0.9878345999999999,0.3306113666666667,0.33434445625857623
0.002006672,-0.2595,1.155492,1.113493,a2.1.a0.real_tracker_v1.6457,a2.1.a0.real_tracker_v1.2310,0.9878342999999999,0.26987053333333333,0.27291785219559367
-0.5214772,-0.2595,1.159604,1.117605,a2.1.a0.real_tracker_v1.6457,a2.1.a0.real_tracker_v1.2310,0.9878342,0.33327613333333334,0.337039448406349
0.5254905,0.0,1.151381,1.109382,a2.1.a0.real_tracker_v1.6457,a2.1.a0.real_tracker_v1.2310,0.987834,0.3290943,0.33281046161438627
0.002006672,-5.551115e-17,1.155492,1.113493,a2.1.a0.real_tracker_v1.6457,a2.1.a0.real_tracker_v1.2310,0.9878339,0.2537795666666667,0.25664529368043176
-0.5214772,-5.551115e-17,1.159604,1.117605,a2.1.a0.real_tracker_v1.6457,a2.1.a0.real_tracker_v1.2310,0.9878337,0.3319686333333333,0.33571735402356667
0.5254905,0.2595,1.151381,1.109382,a2.1.a0.real_tracker_v1.6457,a2.1.a0.real_tracker_v1.2310,0.9878336,0.32946043333333336,0.333180864134606
0.002006672,0.2595,1.155492,1.113493,a2.1.a0.real_tracker_v1.6457,a2.1.a0.real_tracker_v1.2310,0.9878334,0.2682782666666667,0.2713078529372761
-0.5214772,0.2595,1.159604,1.117605,a2.1.a0.real_tracker_v1.6457,a2.1.a0.real_tracker_v1.2310,0.9878332,0.32968963333333334,0.33341278724595147
