x,y,z,rearZ,mattype,rearMat,Wm2Front,Wm2Back,Back/FrontRatio
0.1932496,-0.2595,1.449534,1.419634,a2.1.a0.real_tracker_v1.6457,a2.1.a0.real_tracker_v1.2310,889.2634666666668,150.14593333333335,0.16884283468127628
-0.1794319,-0.2595,1.081891,1.051991,a2.1.a0.real_tracker_v1.6457,a2.1.a0.real_tracker_v1.2310,885.6966333333334,109.2871,0.12339098117344711
-0.5521133,-0.2595,0.7142492,0.6843492,a2.1.a0.real_tracker_v1.6457,a2.1.a0.real_tracker_v1.2310,885.3195,141.78893333333332,0.16015548418152897
0.1932496,0.0,1.449534,1.419634,a2.1.a0.real_tracker_v1.6457,a2.1.a0.real_tracker_v1.2310,889.2769,149.68173333333334,0.16831828760540812
-0.1794319,0.0,1.081891,1.051991,a2.1.a0.real_tracker_v1.6457,a2.1.a0.real_tracker_v1.2310,885.235,108.61869999999999,0.1227002742771419
-0.5521133,-5.551115e-17,0.7142492,0.6843492,a2.1.a0.real_tracker_v1.6457,a2.1.a0.real_tracker_v1.2310,885.5058,144.8398,0.16356712336935186
0.1932496,0.2595,1.449534,1.419634,a2.1.a0.real_tracker_v1.6457,a2.1.a0.real_tracker_v1.2310,889.2973666666667,150.6616,0.16941625628383963
-0.1794319,0.2595,1.081891,1.051991,a2.1.a0.real_tracker_v1.6457,a2.1.a0.real_tracker_v1.2310,884.7799,130.03396666666666,0.1469674205971972
-0.5521133,0.2595,0.7142492,0.6843492,a2.1.a0.real_tracker_v1.6457,a2.1.a0.real_tracker_v1.2310,885.3370333333332,155.01096666666666,0.17508675876381832
