x,y,z,rearZ,mattype,rearMat,Wm2Front,Wm2Back,Back/FrontRatio
0.5823372,-0.2595,0.9146917,0.8764947,a2.1.a0.real_tracker_v1.6457,a2.1.a0.real_tracker_v1.2310,860.3784333333333,48.20254666666667,0.05602475465960116
0.1062381,-0.2595,1.132365,1.094168,a2.1.a0.real_tracker_v1.6457,a2.1.a0.real_tracker_v1.2310,861.8077,43.523086666666664,0.05050202749945164
-0.3698611,-0.2595,1.350039,1.311842,a2.1.a0.real_tracker_v1.6457,a2.1.a0.real_tracker_v1.2310,862.4043666666666,51.59070333333333,0.05982187185678073
0.5823372,0.0,0.9146917,0.8764947,a2.1.a0.real_tracker_v1.6457,a2.1.a0.real_tracker_v1.2310,860.5933333333332,49.15329666666667,0.057115524426336384
0.1062381,-5.551115e-17,1.132365,1.094168,a2.1.a0.real_tracker_v1.6457,a2.1.a0.real_tracker_v1.2310,861.9341000000001,42.937106666666665,0.0498147791715022
-0.3698611,-5.551115e-17,1.350039,1.311842,a2.1.a0.real_tracker_v1.6457,a2.1.a0.real_tracker_v1.2310,862.9689666666667,51.29773666666667,0.05944324675030213
0.5823372,0.2595,0.9146917,0.8764947,a2.1.a0.real_tracker_v1.6457,a2.1.a0.real_tracker_v1.2310,860.5879333333332,49.46927333333334,0.057483046106255625
0.1062381,0.2595,1.132365,1.094168,a2.1.a0.real_tracker_v1.6457,a2.1.a0.real_tracker_v1.2310,862.1848666666666,69.41587,0.08051149141236986
-0.3698611,0.2595,1.350039,1.311842,a2.1.a0.real_tracker_v1.6457,a2.1.a0.real_tracker_v1.2310,862.9133,51.52755,0.0597134037528408
