x,y,z,rearZ,mattype,rearMat,Wm2Front,Wm2Back,Back/FrontRatio
0.3378983,-0.2595,1.374507,1.337608,a2.1.a0.real_tracker_v1.6457,a2.1.a0.real_tracker_v1.2310,867.2891,51.86701,0.059803530560305025
-0.1220316,-0.2595,1.124474,1.087574,a2.1.a0.real_tracker_v1.6457,a2.1.a0.real_tracker_v1.2310,866.4585333333333,42.36241666666667,0.0488913965822447
-0.5819615,-0.2595,0.8744404,0.8375406,a2.1.a0.real_tracker_v1.6457,a2.1.a0.real_tracker_v1.2310,863.7707999999999,46.20536666666667,0.0534925621172938
0.3378983,0.0,1.374507,1.337608,a2.1.a0.real_tracker_v1.6457,a2.1.a0.real_tracker_v1.2310,867.3448666666667,51.841820000000006,0.0597706428223789
-0.1220316,-5.551115e-17,1.124474,1.087574,a2.1.a0.real_tracker_v1.6457,a2.1.a0.real_tracker_v1.2310,865.7515999999999,44.040796666666665,0.050869955997436996
-0.5819615,-5.551115e-17,0.8744404,0.8375406,a2.1.a0.real_tracker_v1.6457,a2.1.a0.real_tracker_v1.2310,863.9776333333333,47.164806666666664,0.05459024661836737
0.3378983,0.2595,1.374507,1.337608,a2.1.a0.real_tracker_v1.6457,a2.1.a0.real_tracker_v1.2310,867.4038333333334,52.49734333333333,0.06052230897952494
-0.1220316,0.2595,1.124474,1.087574,a2.1.a0.real_tracker_v1.6457,a2.1.a0.real_tracker_v1.2310,865.7147,66.57989333333333,0.0769073419060476
-0.5819615,0.2595,0.8744404,0.8375406,a2.1.a0.real_tracker_v1.6457,a2.1.a0.real_tracker_v1.2310,864.1868333333333,48.53522,0.05616281336985575
