x,y,z,rearZ,mattype,rearMat,Wm2Front,Wm2Back,Back/FrontRatio
0.1915223,-0.2595,1.450138,1.420331,a2.1.a0.real_tracker_v1.6457,a2.1.a0.real_tracker_v1.2310,465.71436666666665,22.88112,0.04913112522734738
-0.1800024,-0.2595,1.081327,1.05152,a2.1.a0.real_tracker_v1.6457,a2.1.a0.real_tracker_v1.2310,459.1019666666666,20.18532,0.04396686901536759
-0.5515271,-0.2595,0.7125156,0.6827084,a2.1.a0.real_tracker_v1.6457,a2.1.a0.real_tracker_v1.2310,449.51096666666666,16.113920000000004,0.03584758848466697
0.1915223,0.0,1.450138,1.420331,a2.1.a0.real_tracker_v1.6457,a2.1.a0.real_tracker_v1.2310,465.487,22.75941,0.048893655690372254
-0.1800024,0.0,1.081327,1.05152,a2.1.a0.real_tracker_v1.6457,a2.1.a0.real_tracker_v1.2310,459.3634666666667,18.46654,0.04020019252686356
-0.5515271,-5.551115e-17,0.7125156,0.6827084,a2.1.a0.real_tracker_v1.6457,a2.1.a0.real_tracker_v1.2310,449.79266666666666,15.653136666666667,0.03480070491580955
0.1915223,0.2595,1.450138,1.420331,a2.1.a0.real_tracker_v1.6457,a2.1.a0.real_tracker_v1.2310,465.2593,22.821013333333337,0.04904999058233281
-0.1800024,0.2595,1.081327,1.05152,a2.1.a0.real_tracker_v1.6457,a2.1.a0.real_tracker_v1.2310,459.6248333333333,22.97246,0.04998078509512267
-0.5515271,0.2595,0.7125156,0.6827084,a2.1.a0.real_tracker_v1.6457,a2.1.a0.real_tracker_v1.2310,450.0743333333333,15.64186,0.03475387083347529
