x,y,z,rearZ,mattype,rearMat,Wm2Front,Wm2Back,Back/FrontRatio
0.4225833,-0.2595,0.4990563,0.4843545,a2.1.a0.real_tracker_v1.6457,a2.1.a0.real_tracker_v1.2310,515.3349666666667,30.983743333333337,0.060123386174158626
0.2393354,-0.2595,0.9894362,0.9747344,a2.1.a0.real_tracker_v1.6457,a2.1.a0.real_tracker_v1.2310,527.9281666666667,34.82059,0.06595693551060354
0.05608738,-0.2595,1.479816,1.465114,a2.1.a0.real_tracker_v1.6457,a2.1.a0.real_tracker_v1.2310,539.0925333333333,41.95265,0.07782072572935086
0.4225833,0.0,0.4990563,0.4843545,a2.1.a0.real_tracker_v1.6457,a2.1.a0.real_tracker_v1.2310,515.1955333333333,30.78357,0.05975112021975304
0.2393354,0.0,0.9894362,0.9747344,a2.1.a0.real_tracker_v1.6457,a2.1.a0.real_tracker_v1.2310,528.4081333333334,33.038850000000004,0.06252513046393218
0.05608738,0.0,1.479816,1.465114,a2.1.a0.real_tracker_v1.6457,a2.1.a0.real_tracker_v1.2310,539.3059333333333,41.65219666666667,0.07723282252134964
0.4225833,0.2595,0.4990563,0.4843545,a2.1.a0.real_tracker_v1.6457,a2.1.a0.real_tracker_v1.2310,514.6864333333333,31.449316666666665,0.06110371971390015
0.2393354,0.2595,0.9894362,0.9747344,a2.1.a0.real_tracker_v1.6457,a2.1.a0.real_tracker_v1.2310,526.7763666666666,39.636300000000006,0.07524298215545963
0.05608738,0.2595,1.479816,1.465114,a2.1.a0.real_tracker_v1.6457,a2.1.a0.real_tracker_v1.2310,538.5841333333334,42.05977333333333,0.07809308265347588
