x,y,z,rearZ,mattype,rearMat,Wm2Front,Wm2Back,Back/FrontRatio
0.464456,-3.1315,1.251587,1.210374,a0.1.a0.real_tracker_v1.6457,a0.1.a0.real_tracker_v1.2310,858.5069,310.3195,0.36146376754366505
-0.04923312,-3.1315,1.150712,1.109499,a0.1.a0.real_tracker_v1.6457,a0.1.a0.real_tracker_v1.2310,858.5382,238.8836666666667,0.2782443325437752
-0.5629222,-3.1315,1.049837,1.008624,a0.1.a0.real_tracker_v1.6457,a0.1.a0.real_tracker_v1.2310,858.2753333333334,304.7426666666666,0.35506357897941954
0.464456,-2.872,1.251587,1.210374,a0.1.a0.real_tracker_v1.6457,a0.1.a0.real_tracker_v1.2310,858.3628,298.49153333333334,0.34774478296187855
-0.04923312,-2.872,1.150712,1.109499,a0.1.a0.real_tracker_v1.6457,a0.1.a0.real_tracker_v1.2310,858.3184,235.50103333333334,0.27437458984771096
-0.5629222,-2.872,1.049837,1.008624,a0.1.a0.real_tracker_v1.6457,a0.1.a0.real_tracker_v1.2310,858.2420666666667,303.0917666666667,0.35315376079162036
0.464456,-2.6125,1.251587,1.210374,a0.1.a0.real_tracker_v1.6457,a0.1.a0.real_tracker_v1.2310,858.2486,289.8093,0.3376748442411159
-0.04923312,-2.6125,1.150712,1.109499,a0.1.a0.real_tracker_v1.6457,a0.1.a0.real_tracker_v1.2310,858.2449666666666,261.3602,0.3045283172318239
-0.5629222,-2.6125,1.049837,1.008624,a0.1.a0.real_tracker_v1.6457,a0.1.a0.real_tracker_v1.2310,858.2117333333332,290.40483333333333,0.3383832726477841
