x,y,z,rearZ,mattype,rearMat,Wm2Front,Wm2Back,Back/FrontRatio
0.5823372,-3.1315,0.9146917,0.8764947,a0.1.a0.real_tracker_v1.6457,a0.1.a0.real_tracker_v1.2310,879.2946333333334,275.39860000000004,0.31320364796534683
0.1062381,-3.1315,1.132365,1.094168,a0.1.a0.real_tracker_v1.6457,a0.1.a0.real_tracker_v1.2310,879.159,212.38556666666668,0.24157783186981516
-0.3698611,-3.1315,1.350039,1.311842,a0.1.a0.real_tracker_v1.6457,a0.1.a0.real_tracker_v1.2310,880.5848,278.2690666666667,0.31600449004136416
0.5823372,-2.872,0.9146917,0.8764947,a0.1.a0.real_tracker_v1.6457,a0.1.a0.real_tracker_v1.2310,879.3738333333334,276.66176666666667,0.3146118767328835
0.1062381,-2.872,1.132365,1.094168,a0.1.a0.real_tracker_v1.6457,a0.1.a0.real_tracker_v1.2310,879.3750999999999,209.3656,0.23808425086831453
-0.3698611,-2.872,1.350039,1.311842,a0.1.a0.real_tracker_v1.6457,a0.1.a0.real_tracker_v1.2310,880.4857333333333,268.4866666666667,0.30492982631349136
0.5823372,-2.6125,0.9146917,0.8764947,a0.1.a0.real_tracker_v1.6457,a0.1.a0.real_tracker_v1.2310,879.4577333333333,273.82693333333333,0.311358478749164
0.1062381,-2.6125,1.132365,1.094168,a0.1.a0.real_tracker_v1.6457,a0.1.a0.real_tracker_v1.2310,879.3267999999999,230.23569999999998,0.26183148081978075
-0.3698611,-2.6125,1.350039,1.311842,a0.1.a0.real_tracker_v1.6457,a0.1.a0.real_tracker_v1.2310,880.3913333333334,266.7619,0.3030034336964164
