x,y,z,rearZ,mattype,rearMat,Wm2Front,Wm2Back,Back/FrontRatio
0.4225833,-3.1315,0.4990563,0.4843545,a0.1.a0.real_tracker_v1.6457,a0.1.a0.real_tracker_v1.2310,550.7724333333332,78.73833333333333,0.14295957024797193
0.2393354,-3.1315,0.9894362,0.9747344,a0.1.a0.real_tracker_v1.6457,a0.1.a0.real_tracker_v1.2310,561.9028333333334,63.12331666666666,0.11233829157599029
0.05608738,-3.1315,1.479816,1.465114,a0.1.a0.real_tracker_v1.6457,a0.1.a0.real_tracker_v1.2310,572.1972,97.74446999999999,0.17082274987932505
0.4225833,-2.872,0.4990563,0.4843545,a0.1.a0.real_tracker_v1.6457,a0.1.a0.real_tracker_v1.2310,549.5577666666667,74.52893,0.13561594231687568
0.2393354,-2.872,0.9894362,0.9747344,a0.1.a0.real_tracker_v1.6457,a0.1.a0.real_tracker_v1.2310,560.0069666666667,57.95084666666667,0.10348218260466414
0.05608738,-2.872,1.479816,1.465114,a0.1.a0.real_tracker_v1.6457,a0.1.a0.real_tracker_v1.2310,571.0783333333334,94.78075333333334,0.16596775229127536
0.4225833,-2.6125,0.4990563,0.4843545,a0.1.a0.real_tracker_v1.6457,a0.1.a0.real_tracker_v1.2310,546.2019666666666,76.44795333333333,0.13996253773551456
0.2393354,-2.6125,0.9894362,0.9747344,a0.1.a0.real_tracker_v1.6457,a0.1.a0.real_tracker_v1.2310,559.5812333333333,63.078636666666675,0.11272451645027808
0.05608738,-2.6125,1.479816,1.465114,a0.1.a0.real_tracker_v1.6457,a0.1.a0.real_tracker_v1.2310,569.9602333333333,92.93092,0.16304779091115965
