x,y,z,rearZ,mattype,rearMat,Wm2Front,Wm2Back,Back/FrontRatio
0.04848887,-3.1315,1.480501,1.459001,a0.1.a0.real_tracker_v1.6457,a0.1.a0.real_tracker_v1.2310,835.2797666666667,135.95809999999997,0.16276934107146326
-0.2194871,-3.1315,1.030789,1.009289,a0.1.a0.real_tracker_v1.6457,a0.1.a0.real_tracker_v1.2310,830.6057333333333,80.84004,0.09732649249733187
-0.487463,-3.1315,0.5810764,0.5595769,a0.1.a0.real_tracker_v1.6457,a0.1.a0.real_tracker_v1.2310,827.4887,110.1906,0.1331625034124292
0.04848887,-2.872,1.480501,1.459001,a0.1.a0.real_tracker_v1.6457,a0.1.a0.real_tracker_v1.2310,834.6639,129.27146666666667,0.15487828308901772
-0.2194871,-2.872,1.030789,1.009289,a0.1.a0.real_tracker_v1.6457,a0.1.a0.real_tracker_v1.2310,829.7606333333333,75.63208999999999,0.09114917701866909
-0.487463,-2.872,0.5810764,0.5595769,a0.1.a0.real_tracker_v1.6457,a0.1.a0.real_tracker_v1.2310,827.0609333333333,106.84933333333333,0.12919145353806233
0.04848887,-2.6125,1.480501,1.459001,a0.1.a0.real_tracker_v1.6457,a0.1.a0.real_tracker_v1.2310,834.0479666666666,124.4535,0.14921605921698683
-0.2194871,-2.6125,1.030789,1.009289,a0.1.a0.real_tracker_v1.6457,a0.1.a0.real_tracker_v1.2310,827.2476666666666,85.12612666666666,0.10290270640105796
-0.487463,-2.6125,0.5810764,0.5595769,a0.1.a0.real_tracker_v1.6457,a0.1.a0.real_tracker_v1.2310,825.7812,114.0561,0.1381188647563486
