x,y,z,rearZ,mattype,rearMat,Wm2Front,Wm2Back,Back/FrontRatio
0.5051652,-3.1315,0.60993,0.586371,a0.1.a0.real_tracker_v1.6457,a0.1.a0.real_tracker_v1.2310,832.2963333333333,128.21290000000002,0.1540469912194841
0.2115194,-3.1315,1.043317,1.019758,a0.1.a0.real_tracker_v1.6457,a0.1.a0.real_tracker_v1.2310,836.4636666666667,96.32485000000001,0.11515710565977286
-0.08212641,-3.1315,1.476704,1.453145,a0.1.a0.real_tracker_v1.6457,a0.1.a0.real_tracker_v1.2310,840.0643999999999,152.92996666666667,0.18204531059923038
0.5051652,-2.872,0.60993,0.586371,a0.1.a0.real_tracker_v1.6457,a0.1.a0.real_tracker_v1.2310,831.8749333333332,126.6915,0.15229614768676647
0.2115194,-2.872,1.043317,1.019758,a0.1.a0.real_tracker_v1.6457,a0.1.a0.real_tracker_v1.2310,835.9976,91.09917333333333,0.10897048551676201
-0.08212641,-2.872,1.476704,1.453145,a0.1.a0.real_tracker_v1.6457,a0.1.a0.real_tracker_v1.2310,839.7476666666666,147.9318,0.17616199450152945
0.5051652,-2.6125,0.60993,0.586371,a0.1.a0.real_tracker_v1.6457,a0.1.a0.real_tracker_v1.2310,829.8192666666667,132.15776666666667,0.15926071219920393
0.2115194,-2.6125,1.043317,1.019758,a0.1.a0.real_tracker_v1.6457,a0.1.a0.real_tracker_v1.2310,835.5324333333333,101.51106666666668,0.12149252515448915
-0.08212641,-2.6125,1.476704,1.453145,a0.1.a0.real_tracker_v1.6457,a0.1.a0.real_tracker_v1.2310,839.4315666666666,144.457,0.17208886780939361
