x,y,z,rearZ,mattype,rearMat,Wm2Front,Wm2Back,Back/FrontRatio
0.3378983,-3.1315,1.374507,1.337608,a0.1.a0.real_tracker_v1.6457,a0.1.a0.real_tracker_v1.2310,891.2060666666666,269.76883333333336,0.30270050970571305
-0.1220316,-3.1315,1.124474,1.087574,a0.1.a0.real_tracker_v1.6457,a0.1.a0.real_tracker_v1.2310,890.8746,205.13023333333334,0.23025687686735763
-0.5819615,-3.1315,0.8744404,0.8375406,a0.1.a0.real_tracker_v1.6457,a0.1.a0.real_tracker_v1.2310,888.2198,268.2126,0.30196613274537143
0.3378983,-2.872,1.374507,1.337608,a0.1.a0.real_tracker_v1.6457,a0.1.a0.real_tracker_v1.2310,891.2428333333334,260.95803333333333,0.29280206333358455
-0.1220316,-2.872,1.124474,1.087574,a0.1.a0.real_tracker_v1.6457,a0.1.a0.real_tracker_v1.2310,890.9151666666667,198.6812,0.22300773903717466
-0.5819615,-2.872,0.8744404,0.8375406,a0.1.a0.real_tracker_v1.6457,a0.1.a0.real_tracker_v1.2310,887.8213999999999,268.77906666666667,0.3027396770645421
0.3378983,-2.6125,1.374507,1.337608,a0.1.a0.real_tracker_v1.6457,a0.1.a0.real_tracker_v1.2310,891.2833333333333,254.61473333333333,0.2856717254089885
-0.1220316,-2.6125,1.124474,1.087574,a0.1.a0.real_tracker_v1.6457,a0.1.a0.real_tracker_v1.2310,890.9557333333332,221.5995,0.2487208320104733
-0.5819615,-2.6125,0.8744404,0.8375406,a0.1.a0.real_tracker_v1.6457,a0.1.a0.real_tracker_v1.2310,887.4270666666666,266.92366666666663,0.30078344002492297
