x,y,z,rearZ,mattype,rearMat,Wm2Front,Wm2Back,Back/FrontRatio
0.5627923,-3.1315,0.7496761,0.7179638,a0.1.a0.real_tracker_v1.6457,a0.1.a0.real_tracker_v1.2310,892.8953333333334,205.15866666666668,0.22976762139987136
0.1675221,-3.1315,1.092916,1.061204,a0.1.a0.real_tracker_v1.6457,a0.1.a0.real_tracker_v1.2310,893.8712999999999,157.35299999999998,0.17603521218858667
-0.2277481,-3.1315,1.436156,1.404444,a0.1.a0.real_tracker_v1.6457,a0.1.a0.real_tracker_v1.2310,895.1144,222.11156666666668,0.2481373537609415
0.5627923,-2.872,0.7496761,0.7179638,a0.1.a0.real_tracker_v1.6457,a0.1.a0.real_tracker_v1.2310,892.4922333333334,211.3632,0.23682330812816246
0.1675221,-2.872,1.092916,1.061204,a0.1.a0.real_tracker_v1.6457,a0.1.a0.real_tracker_v1.2310,894.265,154.2275,0.17246266770737118
-0.2277481,-2.872,1.436156,1.404444,a0.1.a0.real_tracker_v1.6457,a0.1.a0.real_tracker_v1.2310,894.6087333333334,212.81550000000001,0.23788641244383213
0.5627923,-2.6125,0.7496761,0.7179638,a0.1.a0.real_tracker_v1.6457,a0.1.a0.real_tracker_v1.2310,891.5488666666666,209.20253333333332,0.23465040056088093
0.1675221,-2.6125,1.092916,1.061204,a0.1.a0.real_tracker_v1.6457,a0.1.a0.real_tracker_v1.2310,894.6527,169.34183333333334,0.18928199071141533
-0.2277481,-2.6125,1.436156,1.404444,a0.1.a0.real_tracker_v1.6457,a0.1.a0.real_tracker_v1.2310,895.4791,207.20273333333333,0.23138731205007607
