x,y,z,rearZ,mattype,rearMat,Wm2Front,Wm2Back,Back/FrontRatio
0.5505032,-3.1315,1.09047,1.048776,a0.1.a0.real_tracker_v1.6457,a0.1.a0.real_tracker_v1.2310,855.6907,312.08920000000006,0.3647215463232845
0.03082777,-3.1315,1.153633,1.11194,a0.1.a0.real_tracker_v1.6457,a0.1.a0.real_tracker_v1.2310,855.6962666666667,244.72663333333333,0.2859967454221933
-0.4888477,-3.1315,1.216797,1.175104,a0.1.a0.real_tracker_v1.6457,a0.1.a0.real_tracker_v1.2310,856.6604666666667,313.3652,0.36579817371654083
0.5505032,-2.872,1.09047,1.048776,a0.1.a0.real_tracker_v1.6457,a0.1.a0.real_tracker_v1.2310,855.9068666666667,304.32826666666665,0.35556194599761437
0.03082777,-2.872,1.153633,1.11194,a0.1.a0.real_tracker_v1.6457,a0.1.a0.real_tracker_v1.2310,856.2618333333334,242.67006666666666,0.2834060491940072
-0.4888477,-2.872,1.216797,1.175104,a0.1.a0.real_tracker_v1.6457,a0.1.a0.real_tracker_v1.2310,856.6831999999999,307.1068333333333,0.3584831298783535
0.5505032,-2.6125,1.09047,1.048776,a0.1.a0.real_tracker_v1.6457,a0.1.a0.real_tracker_v1.2310,855.9009666666667,297.5339666666667,0.34762622152326716
0.03082777,-2.6125,1.153633,1.11194,a0.1.a0.real_tracker_v1.6457,a0.1.a0.real_tracker_v1.2310,856.3316666666666,265.9561333333333,0.3105757186264839
-0.4888477,-2.6125,1.216797,1.175104,a0.1.a0.real_tracker_v1.6457,a0.1.a0.real_tracker_v1.2310,856.7078333333334,296.6279666666667,0.3462412842325076
