x,y,z,rearZ,mattype,rearMat,Wm2Front,Wm2Back,Back/FrontRatio
0.5730893,-3.1315,1.004408,0.9639734,a0.1.a0.real_tracker_v1.6457,a0.1.a0.real_tracker_v1.2310,93.84560333333333,27.33519,0.291275219657213
0.06909548,-3.1315,1.14598,1.105545,a0.1.a0.real_tracker_v1.6457,a0.1.a0.real_tracker_v1.2310,93.90770666666667,20.76498666666667,0.22111886537180153
-0.4348984,-3.1315,1.287551,1.247116,a0.1.a0.real_tracker_v1.6457,a0.1.a0.real_tracker_v1.2310,93.99678999999999,26.381376666666664,0.2806595417473822
0.5730893,-2.872,1.004408,0.9639734,a0.1.a0.real_tracker_v1.6457,a0.1.a0.real_tracker_v1.2310,93.76707333333333,26.524923333333334,0.28287798170962386
0.06909548,-2.872,1.14598,1.105545,a0.1.a0.real_tracker_v1.6457,a0.1.a0.real_tracker_v1.2310,93.91529333333334,19.167426666666668,0.2040905362250242
-0.4348984,-2.872,1.287551,1.247116,a0.1.a0.real_tracker_v1.6457,a0.1.a0.real_tracker_v1.2310,94.00603666666666,25.270323333333334,0.26881310409706566
0.5730893,-2.6125,1.004408,0.9639734,a0.1.a0.real_tracker_v1.6457,a0.1.a0.real_tracker_v1.2310,93.68215666666667,25.81125333333333,0.27551647757955205
0.06909548,-2.6125,1.14598,1.105545,a0.1.a0.real_tracker_v1.6457,a0.1.a0.real_tracker_v1.2310,93.92454333333335,19.885616666666667,0.2117168127108341
-0.4348984,-2.6125,1.287551,1.247116,a0.1.a0.real_tracker_v1.6457,a0.1.a0.real_tracker_v1.2310,94.68458,24.774603333333335,0.2616512813601959
