x,y,z,rearZ,mattype,rearMat,Wm2Front,Wm2Back,Back/FrontRatio
0.1915223,-3.1315,1.450138,1.420331,a0.1.a0.real_tracker_v1.6457,a0.1.a0.real_tracker_v1.2310,479.1562333333333,77.6684,0.1620937650459484
-0.1800024,-3.1315,1.081327,1.05152,a0.1.a0.real_tracker_v1.6457,a0.1.a0.real_tracker_v1.2310,473.8542333333333,53.269133333333336,0.11241647150040271
-0.5515271,-3.1315,0.7125156,0.6827084,a0.1.a0.real_tracker_v1.6457,a0.1.a0.real_tracker_v1.2310,465.9078666666667,70.32273666666667,0.1509366781744012
0.1915223,-2.872,1.450138,1.420331,a0.1.a0.real_tracker_v1.6457,a0.1.a0.real_tracker_v1.2310,478.55226666666664,74.57525666666666,0.15583480849711054
-0.1800024,-2.872,1.081327,1.05152,a0.1.a0.real_tracker_v1.6457,a0.1.a0.real_tracker_v1.2310,473.33459999999997,48.77422333333333,0.10304364035439831
-0.5515271,-2.872,0.7125156,0.6827084,a0.1.a0.real_tracker_v1.6457,a0.1.a0.real_tracker_v1.2310,465.5421666666666,65.33685333333334,0.1403454244665461
0.1915223,-2.6125,1.450138,1.420331,a0.1.a0.real_tracker_v1.6457,a0.1.a0.real_tracker_v1.2310,477.94676666666663,73.66924333333334,0.15413659916672906
-0.1800024,-2.6125,1.081327,1.05152,a0.1.a0.real_tracker_v1.6457,a0.1.a0.real_tracker_v1.2310,472.81273333333337,52.70351,0.11146780705467382
-0.5515271,-2.6125,0.7125156,0.6827084,a0.1.a0.real_tracker_v1.6457,a0.1.a0.real_tracker_v1.2310,465.175,62.12551666666667,0.13355271266502716
