x,y,z,rearZ,mattype,rearMat,Wm2Front,Wm2Back,Back/FrontRatio
0.1932496,-3.1315,1.449534,1.419634,a0.1.a0.real_tracker_v1.6457,a0.1.a0.real_tracker_v1.2310,899.9524,202.51843333333332,0.22503213314526432
-0.1794319,-3.1315,1.081891,1.051991,a0.1.a0.real_tracker_v1.6457,a0.1.a0.real_tracker_v1.2310,899.2633333333333,142.6849,0.1586684745642086
-0.5521133,-3.1315,0.7142492,0.6843492,a0.1.a0.real_tracker_v1.6457,a0.1.a0.real_tracker_v1.2310,897.2826333333333,185.87223333333336,0.20714992052494444
0.1932496,-2.872,1.449534,1.419634,a0.1.a0.real_tracker_v1.6457,a0.1.a0.real_tracker_v1.2310,899.5301666666668,199.57583333333335,0.22186650193888038
-0.1794319,-2.872,1.081891,1.051991,a0.1.a0.real_tracker_v1.6457,a0.1.a0.real_tracker_v1.2310,898.5614333333333,139.1804,0.15489229778246164
-0.5521133,-2.872,0.7142492,0.6843492,a0.1.a0.real_tracker_v1.6457,a0.1.a0.real_tracker_v1.2310,896.9812333333333,190.06453333333332,0.2118933087749378
0.1932496,-2.6125,1.449534,1.419634,a0.1.a0.real_tracker_v1.6457,a0.1.a0.real_tracker_v1.2310,899.1159666666666,193.47626666666667,0.21518475775621188
-0.1794319,-2.6125,1.081891,1.051991,a0.1.a0.real_tracker_v1.6457,a0.1.a0.real_tracker_v1.2310,897.8672666666666,154.01266666666666,0.17153147336238783
-0.5521133,-2.6125,0.7142492,0.6843492,a0.1.a0.real_tracker_v1.6457,a0.1.a0.real_tracker_v1.2310,896.3043666666667,192.95273333333333,0.2152756644210654
