x,y,z,rearZ,mattype,rearMat,Wm2Front,Wm2Back,Back/FrontRatio
0.5235,-0.2595,1.1555,1.1135,a2.1.a0.real_tracker_v1.6457,a2.1.a0.real_tracker_v1.2310,8028.7053013666655,1788.1764664,0.22272286459097554
0.0,-0.25950000000000006,1.1555,1.1135,a2.1.a0.real_tracker_v1.6457,a2.1.a0.real_tracker_v1.2310,8033.471538933333,1369.2310775333333,0.17044074911534293
-0.5235,-0.25950000000000006,1.1555,1.1135,a2.1.a0.real_tracker_v1.6457,a2.1.a0.real_tracker_v1.2310,8034.484149533334,1800.0984385,0.22404652009401682
0.5235,0.0,1.1555,1.1135,a2.1.a0.real_tracker_v1.6457,a2.1.a0.real_tracker_v1.2310,8028.619118333333,1805.1138927,0.22483488645552266
-1.588979221893691e-17,-5.551115123125783e-17,1.1555,1.1135,a2.1.a0.real_tracker_v1.6457,a2.1.a0.real_tracker_v1.2310,8033.691552266666,1370.9775011333336,0.17065346877713403
-0.5235,-5.551115123125783e-17,1.1555,1.1135,a2.1.a0.real_tracker_v1.6457,a2.1.a0.real_tracker_v1.2310,8037.7913960999995,1819.1051830666668,0.2263190056948113
0.5235,0.2595,1.1555,1.1135,a2.1.a0.real_tracker_v1.6457,a2.1.a0.real_tracker_v1.2310,8031.086918233334,1832.2254558,0.22814162594836218
-3.177958443787382e-17,0.25949999999999995,1.1555,1.1135,a2.1.a0.real_tracker_v1.6457,a2.1.a0.real_tracker_v1.2310,8030.697068833333,1551.5538191333333,0.19320285806221782
-0.5235,0.25949999999999995,1.1555,1.1135,a2.1.a0.real_tracker_v1.6457,a2.1.a0.real_tracker_v1.2310,8038.359682666667,1839.3680976666667,0.22882378264425798
