x,y,z,rearZ,mattype,rearMat,Wm2Front,Wm2Back,Back/FrontRatio
0.5799323,-0.2595,0.9548729,0.915561,a2.1.a0.real_tracker_v1.6457,a2.1.a0.real_tracker_v1.2310,792.7335666666668,128.08816666666667,0.1615776226401464
0.08993728,-0.2595,1.139148,1.099836,a2.1.a0.real_tracker_v1.6457,a2.1.a0.real_tracker_v1.2310,801.8918,87.44447333333335,0.10904758508036655
-0.4000577,-0.2595,1.323422,1.28411,a2.1.a0.real_tracker_v1.6457,a2.1.a0.real_tracker_v1.2310,807.3561333333333,112.09826666666667,0.13884594814174347
0.5799323,0.0,0.9548729,0.915561,a2.1.a0.real_tracker_v1.6457,a2.1.a0.real_tracker_v1.2310,789.8648333333334,129.65513333333334,0.16414829944748
0.08993728,-5.551115e-17,1.139148,1.099836,a2.1.a0.real_tracker_v1.6457,a2.1.a0.real_tracker_v1.2310,801.7916666666666,88.84899666666666,0.11081293252037726
-0.4000577,-5.551115e-17,1.323422,1.28411,a2.1.a0.real_tracker_v1.6457,a2.1.a0.real_tracker_v1.2310,808.2067333333334,115.13260000000001,0.14245421721610188
0.5799323,0.2595,0.9548729,0.915561,a2.1.a0.real_tracker_v1.6457,a2.1.a0.real_tracker_v1.2310,790.1921000000001,124.15846666666665,0.15712421010341224
0.08993728,0.2595,1.139148,1.099836,a2.1.a0.real_tracker_v1.6457,a2.1.a0.real_tracker_v1.2310,801.2268333333333,104.38603333333333,0.1302825850408342
-0.4000577,0.2595,1.323422,1.28411,a2.1.a0.real_tracker_v1.6457,a2.1.a0.real_tracker_v1.2310,807.0102333333334,115.80633333333333,0.1435002742836665
