x,y,z,rearZ,mattype,rearMat,Wm2Front,Wm2Back,Back/FrontRatio
0.4277925,-0.2595,1.295381,1.255159,a2.1.a0.real_tracker_v1.6457,a2.1.a0.real_tracker_v1.2310,762.6945999999999,108.64946666666667,0.14245456072732907
-0.07354874,-0.2595,1.144685,1.104463,a2.1.a0.real_tracker_v1.6457,a2.1.a0.real_tracker_v1.2310,758.5763333333333,84.24460666666667,0.11105605580973507
-0.57489,-0.2595,0.9939894,0.9537672,a2.1.a0.real_tracker_v1.6457,a2.1.a0.real_tracker_v1.2310,749.4619333333334,121.02676666666667,0.16148465959268254
0.4277925,0.0,1.295381,1.255159,a2.1.a0.real_tracker_v1.6457,a2.1.a0.real_tracker_v1.2310,762.5508999999998,111.2711,0.14591937938912752
-0.07354874,-5.551115e-17,1.144685,1.104463,a2.1.a0.real_tracker_v1.6457,a2.1.a0.real_tracker_v1.2310,758.9916,81.15938333333334,0.10693040134163805
-0.57489,-5.551115e-17,0.9939894,0.9537672,a2.1.a0.real_tracker_v1.6457,a2.1.a0.real_tracker_v1.2310,750.8806666666666,118.93983333333331,0.15840023616681723
0.4277925,0.2595,1.295381,1.255159,a2.1.a0.real_tracker_v1.6457,a2.1.a0.real_tracker_v1.2310,763.1601666666667,106.62666666666667,0.1397171021324242
-0.07354874,0.2595,1.144685,1.104463,a2.1.a0.real_tracker_v1.6457,a2.1.a0.real_tracker_v1.2310,758.9442666666667,96.72043666666667,0.1274405954087686
-0.57489,0.2595,0.9939894,0.9537672,a2.1.a0.real_tracker_v1.6457,a2.1.a0.real_tracker_v1.2310,749.9614666666666,115.81106666666669,0.15442248354295424
