x,y,z,rearZ,mattype,rearMat,Wm2Front,Wm2Back,Back/FrontRatio
0.5316002,-0.2595,1.138188,1.096211,a2.1.a0.real_tracker_v1.6457,a2.1.a0.real_tracker_v1.2310,64.52129,23.617626666666666,0.36603825850983696
0.00838201,-0.2595,1.155362,1.113385,a2.1.a0.real_tracker_v1.6457,a2.1.a0.real_tracker_v1.2310,64.57952,16.875473333333332,0.2613090345716221
-0.5148362,-0.2595,1.172537,1.130559,a2.1.a0.real_tracker_v1.6457,a2.1.a0.real_tracker_v1.2310,64.57774,22.583353333333335,0.3497026007836841
0.5316002,0.0,1.138188,1.096211,a2.1.a0.real_tracker_v1.6457,a2.1.a0.real_tracker_v1.2310,64.58699,23.846973333333334,0.36921683633959396
0.00838201,-5.551115e-17,1.155362,1.113385,a2.1.a0.real_tracker_v1.6457,a2.1.a0.real_tracker_v1.2310,64.57907,16.206523333333333,0.2509523965107708
-0.5148362,-5.551115e-17,1.172537,1.130559,a2.1.a0.real_tracker_v1.6457,a2.1.a0.real_tracker_v1.2310,64.57954,22.418113333333334,0.34713418830708653
0.5316002,0.2595,1.138188,1.096211,a2.1.a0.real_tracker_v1.6457,a2.1.a0.real_tracker_v1.2310,64.5804,24.162523333333336,0.37414059362809315
0.00838201,0.2595,1.155362,1.113385,a2.1.a0.real_tracker_v1.6457,a2.1.a0.real_tracker_v1.2310,64.58087,17.007880000000004,0.2633537864419225
-0.5148362,0.2595,1.172537,1.130559,a2.1.a0.real_tracker_v1.6457,a2.1.a0.real_tracker_v1.2310,64.58135,22.619963333333335,0.3502499263859759
