x,y,z,rearZ,mattype,rearMat,Wm2Front,Wm2Back,Back/FrontRatio
0.479003,-0.2595,1.231494,1.189974,a2.1.a0.real_tracker_v1.6457,a2.1.a0.real_tracker_v1.2310,522.0568,86.74776333333334,0.16616505554238123
-0.03851489,-0.2595,1.15258,1.11106,a2.1.a0.real_tracker_v1.6457,a2.1.a0.real_tracker_v1.2310,520.8526666666667,64.38246333333335,0.12360950388496837
-0.5560328,-0.2595,1.073666,1.032146,a2.1.a0.real_tracker_v1.6457,a2.1.a0.real_tracker_v1.2310,514.8229666666667,90.71745666666668,0.17621063225559494
0.479003,0.0,1.231494,1.189974,a2.1.a0.real_tracker_v1.6457,a2.1.a0.real_tracker_v1.2310,522.1577333333333,86.96099,0.16654129184982192
-0.03851489,-5.551115e-17,1.15258,1.11106,a2.1.a0.real_tracker_v1.6457,a2.1.a0.real_tracker_v1.2310,521.5064000000001,64.77618000000001,0.12420951265504575
-0.5560328,-5.551115e-17,1.073666,1.032146,a2.1.a0.real_tracker_v1.6457,a2.1.a0.real_tracker_v1.2310,514.8015999999999,92.63497999999998,0.1799427197920135
0.479003,0.2595,1.231494,1.189974,a2.1.a0.real_tracker_v1.6457,a2.1.a0.real_tracker_v1.2310,522.2613333333333,87.69241333333332,0.16790874573250864
-0.03851489,0.2595,1.15258,1.11106,a2.1.a0.real_tracker_v1.6457,a2.1.a0.real_tracker_v1.2310,520.4515666666667,70.21124999999999,0.13490422470136085
-0.5560328,0.2595,1.073666,1.032146,a2.1.a0.real_tracker_v1.6457,a2.1.a0.real_tracker_v1.2310,515.9555,92.78468666666667,0.1798304443623962
