x,y,z,rearZ,mattype,rearMat,Wm2Front,Wm2Back,Back/FrontRatio
0.5447546,-0.2595,1.106337,1.064514,a2.1.a0.real_tracker_v1.6457,a2.1.a0.real_tracker_v1.2310,295.9771333333333,78.21459333333333,0.2642580127540954
0.02346747,-0.2595,1.15442,1.112598,a2.1.a0.real_tracker_v1.6457,a2.1.a0.real_tracker_v1.2310,299.4786,53.99362666666667,0.18029150121299306
-0.4978197,-0.2595,1.202503,1.160681,a2.1.a0.real_tracker_v1.6457,a2.1.a0.real_tracker_v1.2310,299.4177,59.24729,0.19787438125942033
0.5447546,0.0,1.106337,1.064514,a2.1.a0.real_tracker_v1.6457,a2.1.a0.real_tracker_v1.2310,297.2973,78.02963666666666,0.26246243811911024
0.02346747,-5.551115e-17,1.15442,1.112598,a2.1.a0.real_tracker_v1.6457,a2.1.a0.real_tracker_v1.2310,299.5992,52.90909333333334,0.17659899203449578
-0.4978197,-5.551115e-17,1.202503,1.160681,a2.1.a0.real_tracker_v1.6457,a2.1.a0.real_tracker_v1.2310,299.5325,59.71656333333333,0.19936522403448473
0.5447546,0.2595,1.106337,1.064514,a2.1.a0.real_tracker_v1.6457,a2.1.a0.real_tracker_v1.2310,299.5663,79.45945999999999,0.2652474418936913
0.02346747,0.2595,1.15442,1.112598,a2.1.a0.real_tracker_v1.6457,a2.1.a0.real_tracker_v1.2310,299.598,57.28934333333333,0.1912200752783999
-0.4978197,0.2595,1.202503,1.160681,a2.1.a0.real_tracker_v1.6457,a2.1.a0.real_tracker_v1.2310,299.5323,59.534063333333336,0.1987560759799773
