x,y,z,rearZ,mattype,rearMat,Wm2Front,Wm2Back,Back/FrontRatio
0.5823372,-0.2595,0.9146917,0.8764947,a2.1.a0.real_tracker_v1.6457,a2.1.a0.real_tracker_v1.2310,859.6024333333334,193.4628,0.2250605250025564
0.1062381,-0.2595,1.132365,1.094168,a2.1.a0.real_tracker_v1.6457,a2.1.a0.real_tracker_v1.2310,867.0044333333332,118.88096666666667,0.13711674932602308
-0.3698611,-0.2595,1.350039,1.311842,a2.1.a0.real_tracker_v1.6457,a2.1.a0.real_tracker_v1.2310,871.9359000000001,152.19363333333334,0.17454661378975167
0.5823372,0.0,0.9146917,0.8764947,a2.1.a0.real_tracker_v1.6457,a2.1.a0.real_tracker_v1.2310,859.7879333333334,198.2275,0.2305536769721933
0.1062381,-5.551115e-17,1.132365,1.094168,a2.1.a0.real_tracker_v1.6457,a2.1.a0.real_tracker_v1.2310,867.2762333333334,125.02803333333333,0.14416155357012522
-0.3698611,-5.551115e-17,1.350039,1.311842,a2.1.a0.real_tracker_v1.6457,a2.1.a0.real_tracker_v1.2310,871.5498333333334,155.6525,0.17859256631617396
0.5823372,0.2595,0.9146917,0.8764947,a2.1.a0.real_tracker_v1.6457,a2.1.a0.real_tracker_v1.2310,860.2534333333333,199.04246666666666,0.2313762753833333
0.1062381,0.2595,1.132365,1.094168,a2.1.a0.real_tracker_v1.6457,a2.1.a0.real_tracker_v1.2310,866.7533999999999,153.12273333333334,0.1766621932733579
-0.3698611,0.2595,1.350039,1.311842,a2.1.a0.real_tracker_v1.6457,a2.1.a0.real_tracker_v1.2310,871.5416666666666,154.38666666666668,0.17714183432595385
