x,y,z,rearZ,mattype,rearMat,Wm2Front,Wm2Back,Back/FrontRatio
0.55997,-0.2595,1.060518,1.019159,a2.1.a0.real_tracker_v1.6457,a2.1.a0.real_tracker_v1.2310,563.4090333333334,100.70216666666666,0.17873690688622806
0.04445494,-0.2595,1.151603,1.110244,a2.1.a0.real_tracker_v1.6457,a2.1.a0.real_tracker_v1.2310,571.4512,70.41808666666667,0.12322655624856581
-0.4710602,-0.2595,1.242688,1.201328,a2.1.a0.real_tracker_v1.6457,a2.1.a0.real_tracker_v1.2310,574.0169333333333,92.32821333333334,0.16084552062194574
0.55997,0.0,1.060518,1.019159,a2.1.a0.real_tracker_v1.6457,a2.1.a0.real_tracker_v1.2310,563.3808,100.53043333333335,0.17844103826806856
0.04445494,-5.551115e-17,1.151603,1.110244,a2.1.a0.real_tracker_v1.6457,a2.1.a0.real_tracker_v1.2310,572.0026,68.43772666666666,0.11964562227696934
-0.4710602,-5.551115e-17,1.242688,1.201328,a2.1.a0.real_tracker_v1.6457,a2.1.a0.real_tracker_v1.2310,573.8774,94.20315333333333,0.16415176687837238
0.55997,0.2595,1.060518,1.019159,a2.1.a0.real_tracker_v1.6457,a2.1.a0.real_tracker_v1.2310,565.0880000000001,100.06468,0.17707773465772644
0.04445494,0.2595,1.151603,1.110244,a2.1.a0.real_tracker_v1.6457,a2.1.a0.real_tracker_v1.2310,571.8833,76.61621666666666,0.1339715335193966
-0.4710602,0.2595,1.242688,1.201328,a2.1.a0.real_tracker_v1.6457,a2.1.a0.real_tracker_v1.2310,574.2757666666668,94.95769333333332,0.16535179349933649
