x,y,z,rearZ,mattype,rearMat,Wm2Front,Wm2Back,Back/FrontRatio
0.5024069,-0.2595,1.194822,1.152945,a2.1.a0.real_tracker_v1.6457,a2.1.a0.real_tracker_v1.2310,243.6133,52.558,0.2157426719203265
-0.01955725,-0.2595,1.15475,1.112874,a2.1.a0.real_tracker_v1.6457,a2.1.a0.real_tracker_v1.2310,243.6546,53.48062000000001,0.21949267736920478
-0.5415214,-0.2595,1.114679,1.072802,a2.1.a0.real_tracker_v1.6457,a2.1.a0.real_tracker_v1.2310,243.6943,80.01423333333334,0.3283372036035711
0.5024069,0.0,1.194822,1.152945,a2.1.a0.real_tracker_v1.6457,a2.1.a0.real_tracker_v1.2310,243.57000000000002,51.96372,0.2133411613040961
-0.01955725,-5.551115e-17,1.15475,1.112874,a2.1.a0.real_tracker_v1.6457,a2.1.a0.real_tracker_v1.2310,243.6097,52.115199999999994,0.21392820594497694
-0.5415214,-5.551115e-17,1.114679,1.072802,a2.1.a0.real_tracker_v1.6457,a2.1.a0.real_tracker_v1.2310,243.6494,79.96248999999999,0.32818534260563487
0.5024069,0.2595,1.194822,1.152945,a2.1.a0.real_tracker_v1.6457,a2.1.a0.real_tracker_v1.2310,243.52509999999998,51.70437999999999,0.21231555878404818
-0.01955725,0.2595,1.15475,1.112874,a2.1.a0.real_tracker_v1.6457,a2.1.a0.real_tracker_v1.2310,243.5648,55.128756666666675,0.22634030174460731
-0.5415214,0.2595,1.114679,1.072802,a2.1.a0.real_tracker_v1.6457,a2.1.a0.real_tracker_v1.2310,243.6045,81.43880999999999,0.3343061219882145
