x,y,z,rearZ,mattype,rearMat,Wm2Front,Wm2Back,Back/FrontRatio
0.5237673,-0.2595,1.154952,1.112952,a2.1.a0.real_tracker_v1.6457,a2.1.a0.real_tracker_v1.2310,0.9876032,0.28402606666666663,0.2873003715410456
0.0002675589,-0.2595,1.1555,1.1135,a2.1.a0.real_tracker_v1.6457,a2.1.a0.real_tracker_v1.2310,0.9876043,0.2243437,0.2269297230449028
-0.5232322,-0.2595,1.156048,1.114048,a2.1.a0.real_tracker_v1.6457,a2.1.a0.real_tracker_v1.2310,0.987604,0.2842436333333333,0.28752021368852776
0.5237673,0.0,1.154952,1.112952,a2.1.a0.real_tracker_v1.6457,a2.1.a0.real_tracker_v1.2310,0.9876043,0.28019879999999997,0.2834286680727567
0.0002675589,-5.551115e-17,1.1555,1.1135,a2.1.a0.real_tracker_v1.6457,a2.1.a0.real_tracker_v1.2310,0.987604,0.20921363333333334,0.21162531542795027
-0.5232322,-5.551115e-17,1.156048,1.114048,a2.1.a0.real_tracker_v1.6457,a2.1.a0.real_tracker_v1.2310,0.9876036,0.28079493333333333,0.28403187418428716
0.5237673,0.2595,1.154952,1.112952,a2.1.a0.real_tracker_v1.6457,a2.1.a0.real_tracker_v1.2310,0.987604,0.2792966333333333,0.28251618780961163
0.0002675589,0.2595,1.1555,1.1135,a2.1.a0.real_tracker_v1.6457,a2.1.a0.real_tracker_v1.2310,0.9876036999999999,0.22247553333333334,0.22504015849155062
-0.5232322,0.2595,1.156048,1.114048,a2.1.a0.real_tracker_v1.6457,a2.1.a0.real_tracker_v1.2310,0.9876033,0.281171,0.28441236237022477
