x,y,z,rearZ,mattype,rearMat,Wm2Front,Wm2Back,Back/FrontRatio
2.8555,-2.993,0.3765,0.3765,a1.0.a0.real_tracker_v1.6457,a1.0.a0.real_tracker_v1.2310,428.97766666666666,193.23559999999998,0.45045503428297906
2.8555,-2.993,0.9,0.9,a1.0.a0.real_tracker_v1.6457,a1.0.a0.real_tracker_v1.2310,432.33779999999996,193.64286666666666,0.44789610987185674
2.8555,-2.993,1.4235,1.4235,a1.0.a0.real_tracker_v1.6457,a1.0.a0.real_tracker_v1.2310,433.20869999999996,183.34486666666666,0.42322428760636405
2.8555,-2.474,0.3765,0.3765,a1.0.a0.real_tracker_v1.6457,a1.0.a0.real_tracker_v1.2310,428.8045,198.34140000000002,0.46254397389958857
2.8555,-2.474,0.9,0.9,a1.0.a0.real_tracker_v1.6457,a1.0.a0.real_tracker_v1.2310,431.7865,190.5897666666667,0.44139713786681345
2.8555,-2.474,1.4235,1.4235,a1.0.a0.real_tracker_v1.6457,a1.0.a0.real_tracker_v1.2310,432.95329999999996,179.28906666666668,0.4141062155212841
2.8555,-1.955,0.3765,0.3765,a1.0.a0.real_tracker_v1.6457,a1.0.a0.real_tracker_v1.2310,429.46166666666664,193.8593,0.4513996560042472
2.8555,-1.955,0.9,0.9,a1.0.a0.real_tracker_v1.6457,a1.0.a0.real_tracker_v1.2310,432.20526666666666,192.2404,0.444788553119853
2.8555,-1.955,1.4235,1.4235,a1.0.a0.real_tracker_v1.6457,a1.0.a0.real_tracker_v1.2310,433.4275,179.36433333333335,0.4138268095737437
