x,y,z,rearZ,mattype,rearMat,Wm2Front,Wm2Back,Back/FrontRatio
2.8555,-2.993,0.3765,0.3765,a1.0.a0.real_tracker_v1.6457,a1.0.a0.real_tracker_v1.2310,641.8982666666666,98.83172,0.1539676474678426
2.8555,-2.993,0.9,0.9,a1.0.a0.real_tracker_v1.6457,a1.0.a0.real_tracker_v1.2310,643.3629,120.4831,0.18727053227574628
2.8555,-2.993,1.4235,1.4235,a1.0.a0.real_tracker_v1.6457,a1.0.a0.real_tracker_v1.2310,643.9340666666667,143.53933333333333,0.22290963912924552
2.8555,-2.474,0.3765,0.3765,a1.0.a0.real_tracker_v1.6457,a1.0.a0.real_tracker_v1.2310,641.5599000000001,105.16773333333333,0.16392478614786737
2.8555,-2.474,0.9,0.9,a1.0.a0.real_tracker_v1.6457,a1.0.a0.real_tracker_v1.2310,643.8875666666667,121.75496666666668,0.1890932266385431
2.8555,-2.474,1.4235,1.4235,a1.0.a0.real_tracker_v1.6457,a1.0.a0.real_tracker_v1.2310,643.8691333333334,137.17216666666664,0.21304322030985126
2.8555,-1.955,0.3765,0.3765,a1.0.a0.real_tracker_v1.6457,a1.0.a0.real_tracker_v1.2310,642.1224333333333,121.6804,0.18949689994701435
2.8555,-1.955,0.9,0.9,a1.0.a0.real_tracker_v1.6457,a1.0.a0.real_tracker_v1.2310,643.3750333333332,123.79796666666668,0.19241930108162256
2.8555,-1.955,1.4235,1.4235,a1.0.a0.real_tracker_v1.6457,a1.0.a0.real_tracker_v1.2310,643.9538333333334,138.434,0.21497470448885
