x,y,z,rearZ,mattype,rearMat,Wm2Front,Wm2Back,Back/FrontRatio
-5.777417,-3.1315,0.4990563,0.4843545,a0.2.a0.real_tracker_v1.6457,a0.2.a0.real_tracker_v1.2310,548.7884333333333,86.27708333333334,0.15721345582273422
-5.960665,-3.1315,0.9894362,0.9747344,a0.2.a0.real_tracker_v1.6457,a0.2.a0.real_tracker_v1.2310,559.4809999999999,66.05087333333334,0.11805719099691028
-6.143913,-3.1315,1.479816,1.465114,a0.2.a0.real_tracker_v1.6457,a0.2.a0.real_tracker_v1.2310,569.8028,108.68676666666666,0.19074419417116323
-5.777417,-2.872,0.4990563,0.4843545,a0.2.a0.real_tracker_v1.6457,a0.2.a0.real_tracker_v1.2310,546.3817,81.76820333333333,0.14965371951442338
-5.960665,-2.872,0.9894362,0.9747344,a0.2.a0.real_tracker_v1.6457,a0.2.a0.real_tracker_v1.2310,557.6363666666666,60.47161666666667,0.10844254757915854
-6.143913,-2.872,1.479816,1.465114,a0.2.a0.real_tracker_v1.6457,a0.2.a0.real_tracker_v1.2310,568.5254666666666,106.28716666666666,0.18695201173278714
-5.777417,-2.6125,0.4990563,0.4843545,a0.2.a0.real_tracker_v1.6457,a0.2.a0.real_tracker_v1.2310,545.1205333333334,83.95528333333334,0.1540120472217633
-5.960665,-2.6125,0.9894362,0.9747344,a0.2.a0.real_tracker_v1.6457,a0.2.a0.real_tracker_v1.2310,555.7922,65.96751333333334,0.11869075284356366
-6.143913,-2.6125,1.479816,1.465114,a0.2.a0.real_tracker_v1.6457,a0.2.a0.real_tracker_v1.2310,567.5331,104.62056666666666,0.18434234465676452
