x,y,z,rearZ,mattype,rearMat,Wm2Front,Wm2Back,Back/FrontRatio
-5.862102,-3.1315,1.374507,1.337608,a0.2.a0.real_tracker_v1.6457,a0.2.a0.real_tracker_v1.2310,897.3696999999999,269.3528333333333,0.3001578203225639
-6.322032,-3.1315,1.124474,1.087574,a0.2.a0.real_tracker_v1.6457,a0.2.a0.real_tracker_v1.2310,897.2381,202.44076666666663,0.22562633156163905
-6.781962,-3.1315,0.8744404,0.8375406,a0.2.a0.real_tracker_v1.6457,a0.2.a0.real_tracker_v1.2310,898.1414,267.86009999999993,0.2982378963514026
-5.862102,-2.872,1.374507,1.337608,a0.2.a0.real_tracker_v1.6457,a0.2.a0.real_tracker_v1.2310,897.4227999999999,264.1091,0.2942969642659355
-6.322032,-2.872,1.124474,1.087574,a0.2.a0.real_tracker_v1.6457,a0.2.a0.real_tracker_v1.2310,897.2961,200.48593333333335,0.2234331676022728
-6.781962,-2.872,0.8744404,0.8375406,a0.2.a0.real_tracker_v1.6457,a0.2.a0.real_tracker_v1.2310,898.1306,268.8009,0.2992889906111755
-5.862102,-2.6125,1.374507,1.337608,a0.2.a0.real_tracker_v1.6457,a0.2.a0.real_tracker_v1.2310,897.4807999999999,252.2583666666667,0.28107351777681366
-6.322032,-2.6125,1.124474,1.087574,a0.2.a0.real_tracker_v1.6457,a0.2.a0.real_tracker_v1.2310,897.5072999999999,222.46516666666665,0.24786975971884237
-6.781962,-2.6125,0.8744404,0.8375406,a0.2.a0.real_tracker_v1.6457,a0.2.a0.real_tracker_v1.2310,898.1241999999999,264.4804,0.2944805468101775
