x,y,z,rearZ,mattype,rearMat,Wm2Front,Wm2Back,Back/FrontRatio
-6.151511,-3.1315,1.480501,1.459001,a0.2.a0.real_tracker_v1.6457,a0.2.a0.real_tracker_v1.2310,858.1391666666667,133.86426666666668,0.15599347503642083
-6.419487,-3.1315,1.030789,1.009289,a0.2.a0.real_tracker_v1.6457,a0.2.a0.real_tracker_v1.2310,857.945,79.86447333333334,0.09308799543716427
-6.687463,-3.1315,0.5810764,0.5595769,a0.2.a0.real_tracker_v1.6457,a0.2.a0.real_tracker_v1.2310,857.3562000000001,110.85199999999999,0.12929500096342572
-6.151511,-2.872,1.480501,1.459001,a0.2.a0.real_tracker_v1.6457,a0.2.a0.real_tracker_v1.2310,858.1065666666667,128.0082,0.14917500436134132
-6.419487,-2.872,1.030789,1.009289,a0.2.a0.real_tracker_v1.6457,a0.2.a0.real_tracker_v1.2310,857.9502666666667,74.59865333333335,0.0869497560428646
-6.687463,-2.872,0.5810764,0.5595769,a0.2.a0.real_tracker_v1.6457,a0.2.a0.real_tracker_v1.2310,857.5509999999999,106.74650000000001,0.12447816575554604
-6.151511,-2.6125,1.480501,1.459001,a0.2.a0.real_tracker_v1.6457,a0.2.a0.real_tracker_v1.2310,857.8360666666667,123.39103333333334,0.14383970817768346
-6.419487,-2.6125,1.030789,1.009289,a0.2.a0.real_tracker_v1.6457,a0.2.a0.real_tracker_v1.2310,857.7473,87.56326333333334,0.10208503279264249
-6.687463,-2.6125,0.5810764,0.5595769,a0.2.a0.real_tracker_v1.6457,a0.2.a0.real_tracker_v1.2310,857.9200999999999,113.8395,0.13269227205159076
