x,y,z,rearZ,mattype,rearMat,Wm2Front,Wm2Back,Back/FrontRatio
-5.637208,-3.1315,0.7496761,0.7179638,a0.2.a0.real_tracker_v1.6457,a0.2.a0.real_tracker_v1.2310,892.1121333333334,218.81066666666666,0.2452723298098888
-6.032478,-3.1315,1.092916,1.061204,a0.2.a0.real_tracker_v1.6457,a0.2.a0.real_tracker_v1.2310,893.4968333333333,171.35036666666667,0.1917747981854834
-6.427748,-3.1315,1.436156,1.404444,a0.2.a0.real_tracker_v1.6457,a0.2.a0.real_tracker_v1.2310,894.7752333333333,241.6439,0.270060704562746
-5.637208,-2.872,0.7496761,0.7179638,a0.2.a0.real_tracker_v1.6457,a0.2.a0.real_tracker_v1.2310,891.4297666666666,217.0947666666667,0.2435351962087316
-6.032478,-2.872,1.092916,1.061204,a0.2.a0.real_tracker_v1.6457,a0.2.a0.real_tracker_v1.2310,893.3825,168.07583333333332,0.18813402456317282
-6.427748,-2.872,1.436156,1.404444,a0.2.a0.real_tracker_v1.6457,a0.2.a0.real_tracker_v1.2310,894.5577333333334,232.8125,0.2602540127605558
-5.637208,-2.6125,0.7496761,0.7179638,a0.2.a0.real_tracker_v1.6457,a0.2.a0.real_tracker_v1.2310,888.2637666666666,222.67726666666667,0.2506879424051605
-6.032478,-2.6125,1.092916,1.061204,a0.2.a0.real_tracker_v1.6457,a0.2.a0.real_tracker_v1.2310,893.2611,185.44806666666668,0.20760767379100342
-6.427748,-2.6125,1.436156,1.404444,a0.2.a0.real_tracker_v1.6457,a0.2.a0.real_tracker_v1.2310,894.3353666666667,227.859,0.2547799781968686
