x,y,z,rearZ,mattype,rearMat,Wm2Front,Wm2Back,Back/FrontRatio
-5.649497,-3.1315,1.09047,1.048776,a0.2.a0.real_tracker_v1.6457,a0.2.a0.real_tracker_v1.2310,855.8927666666665,309.40736666666663,0.36150206803313173
-6.169172,-3.1315,1.153633,1.11194,a0.2.a0.real_tracker_v1.6457,a0.2.a0.real_tracker_v1.2310,855.9124,247.6471,0.2893366314863162
-6.688848,-3.1315,1.216797,1.175104,a0.2.a0.real_tracker_v1.6457,a0.2.a0.real_tracker_v1.2310,855.9345666666667,315.53413333333333,0.368642390410462
-5.649497,-2.872,1.09047,1.048776,a0.2.a0.real_tracker_v1.6457,a0.2.a0.real_tracker_v1.2310,855.9056666666667,303.43943333333334,0.35452397457666723
-6.169172,-2.872,1.153633,1.11194,a0.2.a0.real_tracker_v1.6457,a0.2.a0.real_tracker_v1.2310,855.9278333333333,244.58993333333333,0.28575966109331913
-6.688848,-2.872,1.216797,1.175104,a0.2.a0.real_tracker_v1.6457,a0.2.a0.real_tracker_v1.2310,855.9499666666667,308.95313333333337,0.36094723338708384
-5.649497,-2.6125,1.09047,1.048776,a0.2.a0.real_tracker_v1.6457,a0.2.a0.real_tracker_v1.2310,855.9210666666667,297.8804666666667,0.3480228846380173
-6.169172,-2.6125,1.153633,1.11194,a0.2.a0.real_tracker_v1.6457,a0.2.a0.real_tracker_v1.2310,855.9431666666666,268.5245333333333,0.31371734721793576
-6.688848,-2.6125,1.216797,1.175104,a0.2.a0.real_tracker_v1.6457,a0.2.a0.real_tracker_v1.2310,855.9653,302.8789,0.35384442121144255
