x,y,z,rearZ,mattype,rearMat,Wm2Front,Wm2Back,Back/FrontRatio
-5.674509,-3.1315,1.151381,1.109382,a0.2.a0.real_tracker_v1.6457,a0.2.a0.real_tracker_v1.2310,0.9880971,0.4718312333333334,0.47703226845305013
-6.197993,-3.1315,1.155492,1.113493,a0.2.a0.real_tracker_v1.6457,a0.2.a0.real_tracker_v1.2310,0.9880980999999999,0.3693373,0.3734081584020837
-6.721477,-3.1315,1.159604,1.117605,a0.2.a0.real_tracker_v1.6457,a0.2.a0.real_tracker_v1.2310,0.9880977,0.4759705666666667,0.48121693809081423
-5.674509,-2.872,1.151381,1.109382,a0.2.a0.real_tracker_v1.6457,a0.2.a0.real_tracker_v1.2310,0.9880984,0.4532688,0.4582646175547347
-6.197993,-2.872,1.155492,1.113493,a0.2.a0.real_tracker_v1.6457,a0.2.a0.real_tracker_v1.2310,0.9880980999999999,0.33776009999999995,0.34148291256448676
-6.721477,-2.872,1.159604,1.117605,a0.2.a0.real_tracker_v1.6457,a0.2.a0.real_tracker_v1.2310,0.9880977999999999,0.4569708666666667,0.4620077677522554
-5.674509,-2.6125,1.151381,1.109382,a0.2.a0.real_tracker_v1.6457,a0.2.a0.real_tracker_v1.2310,0.9880985,0.4389940333333333,0.4438324730381588
-6.197993,-2.6125,1.155492,1.113493,a0.2.a0.real_tracker_v1.6457,a0.2.a0.real_tracker_v1.2310,0.9880980999999999,0.3447991666666666,0.3485995642562317
-6.721477,-2.6125,1.159604,1.117605,a0.2.a0.real_tracker_v1.6457,a0.2.a0.real_tracker_v1.2310,0.9880977999999999,0.4426698,0.4475490694651227
