x,y,z,rearZ,mattype,rearMat,Wm2Front,Wm2Back,Back/FrontRatio
-5.626911,-3.1315,1.004408,0.9639734,a0.2.a0.real_tracker_v1.6457,a0.2.a0.real_tracker_v1.2310,93.64028333333333,26.322689999999998,0.2811013376044789
-6.130905,-3.1315,1.14598,1.105545,a0.2.a0.real_tracker_v1.6457,a0.2.a0.real_tracker_v1.2310,93.99239666666666,20.680226666666666,0.22001786721258682
-6.634898,-3.1315,1.287551,1.247116,a0.2.a0.real_tracker_v1.6457,a0.2.a0.real_tracker_v1.2310,94.15918666666668,26.745483333333336,0.28404237799585214
-5.626911,-2.872,1.004408,0.9639734,a0.2.a0.real_tracker_v1.6457,a0.2.a0.real_tracker_v1.2310,93.85477666666668,25.569103333333334,0.27242972400242593
-6.130905,-2.872,1.14598,1.105545,a0.2.a0.real_tracker_v1.6457,a0.2.a0.real_tracker_v1.2310,94.02717333333334,18.962176666666664,0.2016648414453937
-6.634898,-2.872,1.287551,1.247116,a0.2.a0.real_tracker_v1.6457,a0.2.a0.real_tracker_v1.2310,94.19547,25.799263333333332,0.27388779360132426
-5.626911,-2.6125,1.004408,0.9639734,a0.2.a0.real_tracker_v1.6457,a0.2.a0.real_tracker_v1.2310,92.98743666666667,25.08327,0.2697461200462523
-6.130905,-2.6125,1.14598,1.105545,a0.2.a0.real_tracker_v1.6457,a0.2.a0.real_tracker_v1.2310,94.06345666666668,19.499,0.20729402678737627
-6.634898,-2.6125,1.287551,1.247116,a0.2.a0.real_tracker_v1.6457,a0.2.a0.real_tracker_v1.2310,94.59422666666666,25.165180000000003,0.26603012526918207
