x,y,z,rearZ,mattype,rearMat,Wm2Front,Wm2Back,Back/FrontRatio
-6.00675,-3.1315,1.449534,1.419634,a0.2.a0.real_tracker_v1.6457,a0.2.a0.real_tracker_v1.2310,916.0371,201.88150000000005,0.22038548396622373
-6.379432,-3.1315,1.081891,1.051991,a0.2.a0.real_tracker_v1.6457,a0.2.a0.real_tracker_v1.2310,915.9452666666666,143.68433333333334,0.156869828026302
-6.752113,-3.1315,0.7142492,0.6843492,a0.2.a0.real_tracker_v1.6457,a0.2.a0.real_tracker_v1.2310,916.1724,186.45420000000001,0.20351409460261563
-6.00675,-2.872,1.449534,1.419634,a0.2.a0.real_tracker_v1.6457,a0.2.a0.real_tracker_v1.2310,915.9912666666668,196.5327666666667,0.2145572335254068
-6.379432,-2.872,1.081891,1.051991,a0.2.a0.real_tracker_v1.6457,a0.2.a0.real_tracker_v1.2310,915.9069666666668,137.57453333333333,0.1502056301945039
-6.752113,-2.872,0.7142492,0.6843492,a0.2.a0.real_tracker_v1.6457,a0.2.a0.real_tracker_v1.2310,916.2995999999999,188.76413333333335,0.206006776960894
-6.00675,-2.6125,1.449534,1.419634,a0.2.a0.real_tracker_v1.6457,a0.2.a0.real_tracker_v1.2310,915.9562999999999,195.64053333333334,0.21359132498134287
-6.379432,-2.6125,1.081891,1.051991,a0.2.a0.real_tracker_v1.6457,a0.2.a0.real_tracker_v1.2310,915.7404,154.18036666666669,0.16836670993215627
-6.752113,-2.6125,0.7142492,0.6843492,a0.2.a0.real_tracker_v1.6457,a0.2.a0.real_tracker_v1.2310,916.0453666666666,194.00973333333332,0.21179029838773444
