x,y,z,rearZ,mattype,rearMat,Wm2Front,Wm2Back,Back/FrontRatio
-5.617663,-3.1315,0.9146917,0.8764947,a0.2.a0.real_tracker_v1.6457,a0.2.a0.real_tracker_v1.2310,877.9918666666666,277.8415,0.31645074868869477
-6.093762,-3.1315,1.132365,1.094168,a0.2.a0.real_tracker_v1.6457,a0.2.a0.real_tracker_v1.2310,879.7127,220.50803333333332,0.25065886018750566
-6.569861,-3.1315,1.350039,1.311842,a0.2.a0.real_tracker_v1.6457,a0.2.a0.real_tracker_v1.2310,880.3719666666666,292.9079,0.33270887577231
-5.617663,-2.872,0.9146917,0.8764947,a0.2.a0.real_tracker_v1.6457,a0.2.a0.real_tracker_v1.2310,878.1724,278.2668333333333,0.3168700319701477
-6.093762,-2.872,1.132365,1.094168,a0.2.a0.real_tracker_v1.6457,a0.2.a0.real_tracker_v1.2310,879.341,218.76186666666663,0.24877904918298754
-6.569861,-2.872,1.350039,1.311842,a0.2.a0.real_tracker_v1.6457,a0.2.a0.real_tracker_v1.2310,879.5635000000001,284.51056666666665,0.32346754179672627
-5.617663,-2.6125,0.9146917,0.8764947,a0.2.a0.real_tracker_v1.6457,a0.2.a0.real_tracker_v1.2310,878.3573666666666,273.4182,0.3112831964447617
-6.093762,-2.6125,1.132365,1.094168,a0.2.a0.real_tracker_v1.6457,a0.2.a0.real_tracker_v1.2310,878.5880000000001,239.70556666666667,0.27283014773308867
-6.569861,-2.6125,1.350039,1.311842,a0.2.a0.real_tracker_v1.6457,a0.2.a0.real_tracker_v1.2310,879.4787666666666,279.1692,0.31742538098185547
