x,y,z,rearZ,mattype,rearMat,Wm2Front,Wm2Back,Back/FrontRatio
-5.694835,-3.1315,0.60993,0.586371,a0.2.a0.real_tracker_v1.6457,a0.2.a0.real_tracker_v1.2310,830.3085,137.59453333333332,0.16571475255110693
-5.988481,-3.1315,1.043317,1.019758,a0.2.a0.real_tracker_v1.6457,a0.2.a0.real_tracker_v1.2310,835.4639666666667,109.24266666666666,0.13075672951616682
-6.282126,-3.1315,1.476704,1.453145,a0.2.a0.real_tracker_v1.6457,a0.2.a0.real_tracker_v1.2310,838.5957666666667,169.7116,0.20237569085149903
-5.694835,-2.872,0.60993,0.586371,a0.2.a0.real_tracker_v1.6457,a0.2.a0.real_tracker_v1.2310,830.2614,137.15643333333333,0.16519648888512034
-5.988481,-2.872,1.043317,1.019758,a0.2.a0.real_tracker_v1.6457,a0.2.a0.real_tracker_v1.2310,834.5806666666667,102.67053333333332,0.12302035550744983
-6.282126,-2.872,1.476704,1.453145,a0.2.a0.real_tracker_v1.6457,a0.2.a0.real_tracker_v1.2310,837.8892999999999,166.77193333333335,0.1990379090596148
-5.694835,-2.6125,0.60993,0.586371,a0.2.a0.real_tracker_v1.6457,a0.2.a0.real_tracker_v1.2310,827.7496,141.3109333333333,0.1707167996415023
-5.988481,-2.6125,1.043317,1.019758,a0.2.a0.real_tracker_v1.6457,a0.2.a0.real_tracker_v1.2310,831.5457333333334,116.14446666666667,0.1396728073250804
-6.282126,-2.6125,1.476704,1.453145,a0.2.a0.real_tracker_v1.6457,a0.2.a0.real_tracker_v1.2310,837.1833333333333,161.75453333333334,0.19321256608958684
