x,y,z,rearZ,mattype,rearMat,Wm2Front,Wm2Back,Back/FrontRatio
-5.735544,-3.1315,1.251587,1.210374,a0.2.a0.real_tracker_v1.6457,a0.2.a0.real_tracker_v1.2310,859.3029,304.5294333333334,0.3543908427895339
-6.249233,-3.1315,1.150712,1.109499,a0.2.a0.real_tracker_v1.6457,a0.2.a0.real_tracker_v1.2310,859.3035,243.28116666666668,0.283114037767365
-6.762922,-3.1315,1.049837,1.008624,a0.2.a0.real_tracker_v1.6457,a0.2.a0.real_tracker_v1.2310,859.3046,306.23686666666663,0.3563771336607915
-5.735544,-2.872,1.251587,1.210374,a0.2.a0.real_tracker_v1.6457,a0.2.a0.real_tracker_v1.2310,859.303,298.3642333333333,0.3472161578828136
-6.249233,-2.872,1.150712,1.109499,a0.2.a0.real_tracker_v1.6457,a0.2.a0.real_tracker_v1.2310,859.3041,239.76446666666666,0.2790213472102827
-6.762922,-2.872,1.049837,1.008624,a0.2.a0.real_tracker_v1.6457,a0.2.a0.real_tracker_v1.2310,859.3052000000001,300.4395333333334,0.3496303568312824
-5.735544,-2.6125,1.251587,1.210374,a0.2.a0.real_tracker_v1.6457,a0.2.a0.real_tracker_v1.2310,859.3037,285.1429333333333,0.33182983094743146
-6.249233,-2.6125,1.150712,1.109499,a0.2.a0.real_tracker_v1.6457,a0.2.a0.real_tracker_v1.2310,859.3047,260.84816666666666,0.3035568909488982
-6.762922,-2.6125,1.049837,1.008624,a0.2.a0.real_tracker_v1.6457,a0.2.a0.real_tracker_v1.2310,859.3058,296.7811,0.3453726887765813
