x,y,z,rearZ,mattype,rearMat,Wm2Front,Wm2Back,Back/FrontRatio
-6.008478,-3.1315,1.450138,1.420331,a0.2.a0.real_tracker_v1.6457,a0.2.a0.real_tracker_v1.2310,488.14990000000006,82.88171666666666,0.16978708154930505
-6.380002,-3.1315,1.081327,1.05152,a0.2.a0.real_tracker_v1.6457,a0.2.a0.real_tracker_v1.2310,488.2797333333333,67.81961,0.13889470824912065
-6.751527,-3.1315,0.7125156,0.6827084,a0.2.a0.real_tracker_v1.6457,a0.2.a0.real_tracker_v1.2310,487.905,96.88444,0.1985719380372449
-6.008478,-2.872,1.450138,1.420331,a0.2.a0.real_tracker_v1.6457,a0.2.a0.real_tracker_v1.2310,488.1598666666667,79.9229,0.1637224641658426
-6.380002,-2.872,1.081327,1.05152,a0.2.a0.real_tracker_v1.6457,a0.2.a0.real_tracker_v1.2310,488.3477666666667,64.26464,0.13159578642668152
-6.751527,-2.872,0.7125156,0.6827084,a0.2.a0.real_tracker_v1.6457,a0.2.a0.real_tracker_v1.2310,487.8877333333333,94.73591666666668,0.1941752497939763
-6.008478,-2.6125,1.450138,1.420331,a0.2.a0.real_tracker_v1.6457,a0.2.a0.real_tracker_v1.2310,488.1674666666667,77.99994,0.15978078332794127
-6.380002,-2.6125,1.081327,1.05152,a0.2.a0.real_tracker_v1.6457,a0.2.a0.real_tracker_v1.2310,488.41360000000003,66.95444666666667,0.1370852686767895
-6.751527,-2.6125,0.7125156,0.6827084,a0.2.a0.real_tracker_v1.6457,a0.2.a0.real_tracker_v1.2310,487.79583333333335,93.91745000000002,0.19253394770568763
