x,y,z,rearZ,mattype,rearMat,Wm2Front,Wm2Back,Back/FrontRatio
6.7235,-0.25950000000000034,1.1555,1.1135,a2.0.a0.real_tracker_v1.6457,a2.0.a0.real_tracker_v1.2310,8143.861187933334,1879.0485011666667,0.2307318638017759
6.199999999999999,-0.2595000000000004,1.1555,1.1135,a2.0.a0.real_tracker_v1.6457,a2.0.a0.real_tracker_v1.2310,8130.3828883333335,1424.6966584333334,0.17523116718728335
5.6765,-0.2595000000000004,1.1555,1.1135,a2.0.a0.real_tracker_v1.6457,a2.0.a0.real_tracker_v1.2310,8115.519145699999,1840.0740100333333,0.22673519096718583
6.7235,-3.3306690738754696e-16,1.1555,1.1135,a2.0.a0.real_tracker_v1.6457,a2.0.a0.real_tracker_v1.2310,8143.685491266666,1891.5130295,0.23226741740714954
6.199999999999999,-3.885780586188048e-16,1.1555,1.1135,a2.0.a0.real_tracker_v1.6457,a2.0.a0.real_tracker_v1.2310,8129.395185400001,1425.2606541,0.175321834684315
5.6765,-3.885780586188048e-16,1.1555,1.1135,a2.0.a0.real_tracker_v1.6457,a2.0.a0.real_tracker_v1.2310,8115.1824793333335,1850.4383288666666,0.2280217488093912
6.7235,0.2594999999999997,1.1555,1.1135,a2.0.a0.real_tracker_v1.6457,a2.0.a0.real_tracker_v1.2310,8144.265128333333,1926.4994709666666,0.23654672386803635
6.199999999999999,0.2594999999999996,1.1555,1.1135,a2.0.a0.real_tracker_v1.6457,a2.0.a0.real_tracker_v1.2310,8130.5836657,1613.8692689666668,0.19849363057185768
5.6765,0.2594999999999996,1.1555,1.1135,a2.0.a0.real_tracker_v1.6457,a2.0.a0.real_tracker_v1.2310,8114.596843066667,1875.3160139333331,0.23110399926173225
