x,y,z,rearZ,mattype,rearMat,Wm2Front,Wm2Back,Back/FrontRatio
6.4555,-2.993,0.3765,0.3765,a1.0.a0.real_tracker_v1.6457,a1.0.a0.real_tracker_v1.2310,642.1219333333333,140.35080000000002,0.21857309981349368
6.4555,-2.993,0.9,0.9,a1.0.a0.real_tracker_v1.6457,a1.0.a0.real_tracker_v1.2310,643.6224333333333,121.08656666666667,0.1881326259977172
6.4555,-2.993,1.4235,1.4235,a1.0.a0.real_tracker_v1.6457,a1.0.a0.real_tracker_v1.2310,643.9731333333333,222.48236666666665,0.3454833900160793
6.4555,-2.474,0.3765,0.3765,a1.0.a0.real_tracker_v1.6457,a1.0.a0.real_tracker_v1.2310,641.2063999999999,145.81416666666667,0.22740562050074078
6.4555,-2.474,0.9,0.9,a1.0.a0.real_tracker_v1.6457,a1.0.a0.real_tracker_v1.2310,643.8115333333334,124.65426666666667,0.1936188878170333
6.4555,-2.474,1.4235,1.4235,a1.0.a0.real_tracker_v1.6457,a1.0.a0.real_tracker_v1.2310,644.3716,223.78163333333336,0.347286078479025
6.4555,-1.955,0.3765,0.3765,a1.0.a0.real_tracker_v1.6457,a1.0.a0.real_tracker_v1.2310,641.6680666666666,163.51316666666665,0.25482476117491926
6.4555,-1.955,0.9,0.9,a1.0.a0.real_tracker_v1.6457,a1.0.a0.real_tracker_v1.2310,643.6606333333334,127.36166666666668,0.19787052710769515
6.4555,-1.955,1.4235,1.4235,a1.0.a0.real_tracker_v1.6457,a1.0.a0.real_tracker_v1.2310,644.2420333333333,225.56323333333333,0.35012133878462326
