x,y,z,rearZ,mattype,rearMat,Wm2Front,Wm2Back,Back/FrontRatio
2.993,3.1235,1.1555,1.1135,a1.0.a0.real_tracker_v1.6457,a1.0.a0.real_tracker_v1.2310,473.6401,208.6066,0.44043179529816984
2.993,2.6,1.1555,1.1135,a1.0.a0.real_tracker_v1.6457,a1.0.a0.real_tracker_v1.2310,473.62630000000007,130.68256666666665,0.275918568601655
2.993,2.0765,1.1555,1.1135,a1.0.a0.real_tracker_v1.6457,a1.0.a0.real_tracker_v1.2310,473.6182999999999,111.62483333333334,0.23568472258907813
2.474,3.1235,1.1555,1.1135,a1.0.a0.real_tracker_v1.6457,a1.0.a0.real_tracker_v1.2310,473.61719999999997,206.26063333333332,0.435499804131964
2.474,2.6,1.1555,1.1135,a1.0.a0.real_tracker_v1.6457,a1.0.a0.real_tracker_v1.2310,473.60920000000004,121.78996666666667,0.25715233047486447
2.474,2.0765,1.1555,1.1135,a1.0.a0.real_tracker_v1.6457,a1.0.a0.real_tracker_v1.2310,473.6012,112.83793333333334,0.238254664639086
1.955,3.1235,1.1555,1.1135,a1.0.a0.real_tracker_v1.6457,a1.0.a0.real_tracker_v1.2310,473.6000000000001,207.19793333333337,0.43749471249708793
1.955,2.6,1.1555,1.1135,a1.0.a0.real_tracker_v1.6457,a1.0.a0.real_tracker_v1.2310,473.5919999999999,121.00743333333332,0.25550933677933024
1.955,2.0765,1.1555,1.1135,a1.0.a0.real_tracker_v1.6457,a1.0.a0.real_tracker_v1.2310,473.584,112.38203333333333,0.23730066056427743
