x,y,z,rearZ,mattype,rearMat,Wm2Front,Wm2Back,Back/FrontRatio
2.993,3.1235,1.1555,1.1135,a1.0.a0.real_tracker_v1.6457,a1.0.a0.real_tracker_v1.2310,210.2174,85.38542666666666,0.4061748479993505
2.993,2.6,1.1555,1.1135,a1.0.a0.real_tracker_v1.6457,a1.0.a0.real_tracker_v1.2310,210.2187,50.773720000000004,0.24152693586757093
2.993,2.0765,1.1555,1.1135,a1.0.a0.real_tracker_v1.6457,a1.0.a0.real_tracker_v1.2310,210.2159,46.43847333333334,0.22090742149338774
2.474,3.1235,1.1555,1.1135,a1.0.a0.real_tracker_v1.6457,a1.0.a0.real_tracker_v1.2310,210.2342,85.04976666666666,0.4045457975955818
2.474,2.6,1.1555,1.1135,a1.0.a0.real_tracker_v1.6457,a1.0.a0.real_tracker_v1.2310,210.2314,51.439973333333334,0.24468147313798125
2.474,2.0765,1.1555,1.1135,a1.0.a0.real_tracker_v1.6457,a1.0.a0.real_tracker_v1.2310,210.2287,47.491953333333335,0.2259050616222795
1.955,3.1235,1.1555,1.1135,a1.0.a0.real_tracker_v1.6457,a1.0.a0.real_tracker_v1.2310,210.24699999999999,85.18943333333333,0.40518546351610163
1.955,2.6,1.1555,1.1135,a1.0.a0.real_tracker_v1.6457,a1.0.a0.real_tracker_v1.2310,210.24429999999998,69.73878333333333,0.3317019849353747
1.955,2.0765,1.1555,1.1135,a1.0.a0.real_tracker_v1.6457,a1.0.a0.real_tracker_v1.2310,210.2415,46.276990000000005,0.2201124415853122
