x,y,z,rearZ,mattype,rearMat,Wm2Front,Wm2Back,Back/FrontRatio
2.993,3.1235,1.1555,1.1135,a1.0.a0.real_tracker_v1.6457,a1.0.a0.real_tracker_v1.2310,0.9878877,0.3345381333333333,0.33829739548113835
2.993,2.6,1.1555,1.1135,a1.0.a0.real_tracker_v1.6457,a1.0.a0.real_tracker_v1.2310,0.9878934999999999,0.21775239999999998,0.22019802941368308
2.993,2.0765,1.1555,1.1135,a1.0.a0.real_tracker_v1.6457,a1.0.a0.real_tracker_v1.2310,0.9878945,0.24001003333333334,0.2427053981322915
2.474,3.1235,1.1555,1.1135,a1.0.a0.real_tracker_v1.6457,a1.0.a0.real_tracker_v1.2310,0.9878915,0.32657416666666667,0.33024266733677726
2.474,2.6,1.1555,1.1135,a1.0.a0.real_tracker_v1.6457,a1.0.a0.real_tracker_v1.2310,0.9878926,0.21090193333333332,0.2132708176128867
2.474,2.0765,1.1555,1.1135,a1.0.a0.real_tracker_v1.6457,a1.0.a0.real_tracker_v1.2310,0.9878938,0.23480306666666664,0.2374401241737653
1.955,3.1235,1.1555,1.1135,a1.0.a0.real_tracker_v1.6457,a1.0.a0.real_tracker_v1.2310,0.9878908000000001,0.3269231666666667,0.33059582176987257
1.955,2.6,1.1555,1.1135,a1.0.a0.real_tracker_v1.6457,a1.0.a0.real_tracker_v1.2310,0.9878919,0.21215713333333333,0.2145402680852511
1.955,2.0765,1.1555,1.1135,a1.0.a0.real_tracker_v1.6457,a1.0.a0.real_tracker_v1.2310,0.987893,0.23621353333333336,0.2388666249365031
