x,y,z,rearZ,mattype,rearMat,Wm2Front,Wm2Back,Back/FrontRatio
2.993,3.1235,1.1555,1.1135,a1.0.a0.real_tracker_v1.6457,a1.0.a0.real_tracker_v1.2310,30.662719999999997,10.287606666666667,0.33549767173280565
2.993,2.6,1.1555,1.1135,a1.0.a0.real_tracker_v1.6457,a1.0.a0.real_tracker_v1.2310,30.662940000000003,6.698040333333334,0.21843378030785782
2.993,2.0765,1.1555,1.1135,a1.0.a0.real_tracker_v1.6457,a1.0.a0.real_tracker_v1.2310,30.66296,7.401168333333334,0.2413637486265092
2.474,3.1235,1.1555,1.1135,a1.0.a0.real_tracker_v1.6457,a1.0.a0.real_tracker_v1.2310,30.66343,10.061309999999999,0.32811012629290676
2.474,2.6,1.1555,1.1135,a1.0.a0.real_tracker_v1.6457,a1.0.a0.real_tracker_v1.2310,30.66345,6.453344666666666,0.21045036407522932
2.474,2.0765,1.1555,1.1135,a1.0.a0.real_tracker_v1.6457,a1.0.a0.real_tracker_v1.2310,30.663480000000003,7.204206666666667,0.23493653460507616
1.955,3.1235,1.1555,1.1135,a1.0.a0.real_tracker_v1.6457,a1.0.a0.real_tracker_v1.2310,30.66394,10.108883333333333,0.3296560610695254
1.955,2.6,1.1555,1.1135,a1.0.a0.real_tracker_v1.6457,a1.0.a0.real_tracker_v1.2310,30.663969999999996,6.577004333333334,0.21447939891457043
1.955,2.0765,1.1555,1.1135,a1.0.a0.real_tracker_v1.6457,a1.0.a0.real_tracker_v1.2310,30.664,7.200164666666667,0.2348007391706071
