x,y,z,rearZ,mattype,rearMat,Wm2Front,Wm2Back,Back/FrontRatio
2.993,3.1235,1.1555,1.1135,a1.0.a0.real_tracker_v1.6457,a1.0.a0.real_tracker_v1.2310,848.2549,379.49426666666665,0.4473818179946248
2.993,2.6,1.1555,1.1135,a1.0.a0.real_tracker_v1.6457,a1.0.a0.real_tracker_v1.2310,848.2346000000001,218.2764,0.25732992107381486
2.993,2.0765,1.1555,1.1135,a1.0.a0.real_tracker_v1.6457,a1.0.a0.real_tracker_v1.2310,848.2177,186.60856666666666,0.2200005336673981
2.474,3.1235,1.1555,1.1135,a1.0.a0.real_tracker_v1.6457,a1.0.a0.real_tracker_v1.2310,848.2484,368.9938666666667,0.43500633972351377
2.474,2.6,1.1555,1.1135,a1.0.a0.real_tracker_v1.6457,a1.0.a0.real_tracker_v1.2310,848.2316,213.11793333333333,0.2512494017953723
2.474,2.0765,1.1555,1.1135,a1.0.a0.real_tracker_v1.6457,a1.0.a0.real_tracker_v1.2310,848.2147,172.68056666666666,0.20358096020465863
1.955,3.1235,1.1555,1.1135,a1.0.a0.real_tracker_v1.6457,a1.0.a0.real_tracker_v1.2310,848.2454000000001,369.66900000000004,0.43580379474643216
1.955,2.6,1.1555,1.1135,a1.0.a0.real_tracker_v1.6457,a1.0.a0.real_tracker_v1.2310,848.2285,213.66983333333334,0.25190096941138373
1.955,2.0765,1.1555,1.1135,a1.0.a0.real_tracker_v1.6457,a1.0.a0.real_tracker_v1.2310,848.2117,172.7070666666667,0.20361292240338622
