x,y,z,rearZ,mattype,rearMat,Wm2Front,Wm2Back,Back/FrontRatio
-5.676500000000001,-3.1314999999999995,1.1555,1.1135,a0.2.a0.real_tracker_v1.6457,a0.2.a0.real_tracker_v1.2310,8118.7208471,2049.2354212333335,0.25240862537559633
-6.200000000000001,-3.1314999999999995,1.1555,1.1135,a0.2.a0.real_tracker_v1.6457,a0.2.a0.real_tracker_v1.2310,8137.758994766666,1572.9389539666668,0.1932889339300019
-6.7235000000000005,-3.1314999999999995,1.1555,1.1135,a0.2.a0.real_tracker_v1.6457,a0.2.a0.real_tracker_v1.2310,8153.5072177,2123.9933605666665,0.26050054821258495
-5.676500000000001,-2.8719999999999994,1.1555,1.1135,a0.2.a0.real_tracker_v1.6457,a0.2.a0.real_tracker_v1.2310,8115.977308400001,2010.6852421333335,0.24774403845464735
-6.200000000000001,-2.8719999999999994,1.1555,1.1135,a0.2.a0.real_tracker_v1.6457,a0.2.a0.real_tracker_v1.2310,8134.688838100001,1530.5579467666669,0.18815197348988974
-6.7235000000000005,-2.8719999999999994,1.1555,1.1135,a0.2.a0.real_tracker_v1.6457,a0.2.a0.real_tracker_v1.2310,8150.8436678,2085.0785175333335,0.2558113425680235
-5.676500000000001,-2.6124999999999994,1.1555,1.1135,a0.2.a0.real_tracker_v1.6457,a0.2.a0.real_tracker_v1.2310,8108.132201833334,1979.1972207000001,0.24410023508894535
-6.200000000000001,-2.6124999999999994,1.1555,1.1135,a0.2.a0.real_tracker_v1.6457,a0.2.a0.real_tracker_v1.2310,8128.895054766666,1687.6453558333333,0.20761064534017784
-6.7235000000000005,-2.6124999999999994,1.1555,1.1135,a0.2.a0.real_tracker_v1.6457,a0.2.a0.real_tracker_v1.2310,8149.269491133334,2064.918233133333,0.2533868811177675
