x,y,z,rearZ,mattype,rearMat,Wm2Front,Wm2Back,Back/FrontRatio
0.5235000000000001,-0.519,1.1555,1.1135,a2.1.a0.real_tracker_v1.6457,a2.1.a0.real_tracker_v1.2310,7959.103552433335,1409.2279148333334,0.1770586006942817
1.1102230246251565e-16,-0.519,1.1555,1.1135,a2.1.a0.real_tracker_v1.6457,a2.1.a0.real_tracker_v1.2310,7965.295219,1097.7736198,0.13781955995326683
-0.5234999999999999,-0.5190000000000001,1.1555,1.1135,a2.1.a0.real_tracker_v1.6457,a2.1.a0.real_tracker_v1.2310,7969.913922033334,1412.2850518666667,0.1772020235702034
0.5235000000000001,0.0,1.1555,1.1135,a2.1.a0.real_tracker_v1.6457,a2.1.a0.real_tracker_v1.2310,7956.710128999999,1465.0676997000003,0.1841298089056213
7.924271802464184e-17,0.0,1.1555,1.1135,a2.1.a0.real_tracker_v1.6457,a2.1.a0.real_tracker_v1.2310,7961.586878599999,1118.2095321333336,0.14045056704567388
-0.5234999999999999,-1.1102230246251565e-16,1.1555,1.1135,a2.1.a0.real_tracker_v1.6457,a2.1.a0.real_tracker_v1.2310,7970.432271433333,1480.260042533333,0.18571889282841156
0.5235,0.519,1.1555,1.1135,a2.1.a0.real_tracker_v1.6457,a2.1.a0.real_tracker_v1.2310,7958.6709286,1566.3001451666669,0.1968042104535138
4.7463133586768015e-17,0.519,1.1555,1.1135,a2.1.a0.real_tracker_v1.6457,a2.1.a0.real_tracker_v1.2310,7964.680058099999,1196.5505768,0.15023207684921927
-0.5235,0.5189999999999999,1.1555,1.1135,a2.1.a0.real_tracker_v1.6457,a2.1.a0.real_tracker_v1.2310,7968.173414266666,1578.3236351666667,0.19807844973131455
