x,y,z,rearZ,mattype,rearMat,Wm2Front,Wm2Back,Back/FrontRatio
1.097,-0.519,1.0010000000000001,0.9590000000000001,a2.1.a0.real_tracker_v2.6457,a2.1.a0.real_tracker_v2.2310,7027.325247700001,719.3886664666667,0.10237018193116024
0.0,-0.5190000000000001,1.0010000000000001,0.9590000000000001,a2.1.tube1.6457,a2.1.tube1.6457,6920.4293149,0.03269059600533334,4.723780822552177e-06
-1.097,-0.5190000000000001,1.0010000000000001,0.9590000000000001,a2.1.a1.real_tracker_v2.6457,a2.1.a1.real_tracker_v2.2310,7032.973924299999,705.8785217666668,0.10036698969702693
1.097,0.0,1.0010000000000001,0.9590000000000001,a2.1.a0.real_tracker_v2.6457,a2.1.a0.real_tracker_v2.2310,7025.788322166667,777.8076602666666,0.1107075126509487
-3.177958443787382e-17,-1.1102230246251565e-16,1.0010000000000001,0.9590000000000001,a2.1.tube1.6457,a2.1.tube1.6457,6920.031078233334,0.05141637374666667,7.430077370362875e-06
-1.097,-1.1102230246251565e-16,1.0010000000000001,0.9590000000000001,a2.1.a1.real_tracker_v2.6457,a2.1.a1.real_tracker_v2.2310,7032.883720866667,766.5432303333334,0.10899414120339396
1.097,0.519,1.0010000000000001,0.9590000000000001,a2.1.a0.real_tracker_v2.6457,a2.1.a0.real_tracker_v2.2310,7027.571868733333,953.8808347,0.13573403684563
-6.355916887574764e-17,0.5189999999999999,1.0010000000000001,0.9590000000000001,a2.1.tube1.6457,a2.1.tube1.6457,6906.342698133334,1.6367108759870002,0.00023698659486485953
-1.097,0.5189999999999999,1.0010000000000001,0.9590000000000001,a2.1.a1.real_tracker_v2.6457,a2.1.a1.real_tracker_v2.2310,7028.695347533332,942.1486194666666,0.134043152937928
