x,y,z,rearZ,mattype,rearMat,Wm2Front,Wm2Back,Back/FrontRatio
0.5239896,-0.2595,1.154494,1.112495,a2.1.a0.real_tracker_v1.6457,a2.1.a0.real_tracker_v1.2310,474.7592,121.08986666666665,0.2550547974886409
0.0004905245,-0.2595,1.1555,1.1135,a2.1.a0.real_tracker_v1.6457,a2.1.a0.real_tracker_v1.2310,474.7379,80.21994333333333,0.16897697520328192
-0.5230085,-0.2595,1.156505,1.114505,a2.1.a0.real_tracker_v1.6457,a2.1.a0.real_tracker_v1.2310,474.7208,93.04147666666667,0.19599158215752188
0.5239896,0.0,1.154494,1.112495,a2.1.a0.real_tracker_v1.6457,a2.1.a0.real_tracker_v1.2310,474.7589,124.61766666666666,0.2624856620507896
0.0004905245,-5.551115e-17,1.1555,1.1135,a2.1.a0.real_tracker_v1.6457,a2.1.a0.real_tracker_v1.2310,474.7418,78.60163333333333,0.16556677285749952
-0.5230085,-5.551115e-17,1.156505,1.114505,a2.1.a0.real_tracker_v1.6457,a2.1.a0.real_tracker_v1.2310,474.7247,92.72261666666668,0.19531829995019584
0.5239896,0.2595,1.154494,1.112495,a2.1.a0.real_tracker_v1.6457,a2.1.a0.real_tracker_v1.2310,474.7628,124.3116,0.26183883438459293
0.0004905245,0.2595,1.1555,1.1135,a2.1.a0.real_tracker_v1.6457,a2.1.a0.real_tracker_v1.2310,474.7457,86.42289,0.18204000154187486
-0.5230085,0.2595,1.156505,1.114505,a2.1.a0.real_tracker_v1.6457,a2.1.a0.real_tracker_v1.2310,474.7286,92.71837666666666,0.19530776397061964
