x,y,z,rearZ,mattype,rearMat,Wm2Front,Wm2Back,Back/FrontRatio
0.5230533,-0.2595,1.156413,1.114413,a2.1.a0.real_tracker_v1.6457,a2.1.a0.real_tracker_v1.2310,430.7847,84.70939,0.196639280273231
-0.0004459314,-0.2595,1.1555,1.1135,a2.1.a0.real_tracker_v1.6457,a2.1.a0.real_tracker_v1.2310,430.7938,75.96029333333334,0.17632592903473615
-0.5239451,-0.2595,1.154586,1.112586,a2.1.a0.real_tracker_v1.6457,a2.1.a0.real_tracker_v1.2310,430.8081,120.96453333333334,0.2807845361978968
0.5230533,0.0,1.156413,1.114413,a2.1.a0.real_tracker_v1.6457,a2.1.a0.real_tracker_v1.2310,430.7823,85.16328666666666,0.19769403007652958
-0.0004459314,-5.551115e-17,1.1555,1.1135,a2.1.a0.real_tracker_v1.6457,a2.1.a0.real_tracker_v1.2310,430.79670000000004,74.57782,0.17311564105379393
-0.5239451,-5.551115e-17,1.154586,1.112586,a2.1.a0.real_tracker_v1.6457,a2.1.a0.real_tracker_v1.2310,430.81110000000007,119.98509999999999,0.2785091226546329
0.5230533,0.2595,1.156413,1.114413,a2.1.a0.real_tracker_v1.6457,a2.1.a0.real_tracker_v1.2310,430.7853,86.17593333333333,0.2000433470918953
-0.0004459314,0.2595,1.1555,1.1135,a2.1.a0.real_tracker_v1.6457,a2.1.a0.real_tracker_v1.2310,430.7996,78.89215666666666,0.18312917081978686
-0.5239451,0.2595,1.154586,1.112586,a2.1.a0.real_tracker_v1.6457,a2.1.a0.real_tracker_v1.2310,430.814,121.72493333333334,0.2825457176127418
