x,y,z,rearZ,mattype,rearMat,Wm2Front,Wm2Back,Back/FrontRatio
0.5227396,-0.2595,1.157052,1.115052,a2.1.a0.real_tracker_v1.6457,a2.1.a0.real_tracker_v1.2310,622.6721,114.99650000000001,0.18468197839283568
-0.0007580826,-0.2595,1.155499,1.113499,a2.1.a0.real_tracker_v1.6457,a2.1.a0.real_tracker_v1.2310,622.6888,94.18192333333333,0.15125014627400887
-0.5242558,-0.2595,1.153946,1.111946,a2.1.a0.real_tracker_v1.6457,a2.1.a0.real_tracker_v1.2310,623.0632,140.34613333333334,0.22525148023804503
0.5227396,0.0,1.157052,1.115052,a2.1.a0.real_tracker_v1.6457,a2.1.a0.real_tracker_v1.2310,622.8225,117.71676666666667,0.189005017740446
-0.0007580826,-5.551115e-17,1.155499,1.113499,a2.1.a0.real_tracker_v1.6457,a2.1.a0.real_tracker_v1.2310,623.0081,94.02292666666666,0.15091742105639655
-0.5242558,-5.551115e-17,1.153946,1.111946,a2.1.a0.real_tracker_v1.6457,a2.1.a0.real_tracker_v1.2310,623.0651,144.02243333333334,0.23115113040708415
0.5227396,0.2595,1.157052,1.115052,a2.1.a0.real_tracker_v1.6457,a2.1.a0.real_tracker_v1.2310,622.9187,117.61713333333334,0.18881588322432788
-0.0007580826,0.2595,1.155499,1.113499,a2.1.a0.real_tracker_v1.6457,a2.1.a0.real_tracker_v1.2310,623.0556,108.61033333333334,0.1743185664566162
-0.5242558,0.2595,1.153946,1.111946,a2.1.a0.real_tracker_v1.6457,a2.1.a0.real_tracker_v1.2310,623.0701,141.02216666666666,0.2263339876727819
