x,y,z,rearZ,mattype,rearMat,Wm2Front,Wm2Back,Back/FrontRatio
0.525095,-0.2595,1.152206,1.110207,a2.1.a0.real_tracker_v1.6457,a2.1.a0.real_tracker_v1.2310,787.5317,164.13026666666667,0.20841073223583817
0.001605343,-0.2595,1.155495,1.113496,a2.1.a0.real_tracker_v1.6457,a2.1.a0.real_tracker_v1.2310,787.5207999999999,115.4516,0.14660114805710778
-0.5218843,-0.2595,1.158784,1.116785,a2.1.a0.real_tracker_v1.6457,a2.1.a0.real_tracker_v1.2310,787.5114,151.99636666666666,0.1930082201456976
0.525095,0.0,1.152206,1.110207,a2.1.a0.real_tracker_v1.6457,a2.1.a0.real_tracker_v1.2310,787.5371,167.3078,0.21244407095986848
0.001605343,-5.551115e-17,1.155495,1.113496,a2.1.a0.real_tracker_v1.6457,a2.1.a0.real_tracker_v1.2310,787.5277,114.1989,0.14500919141105587
-0.5218843,-5.551115e-17,1.158784,1.116785,a2.1.a0.real_tracker_v1.6457,a2.1.a0.real_tracker_v1.2310,787.5183000000001,154.2098,0.19581716917921885
0.525095,0.2595,1.152206,1.110207,a2.1.a0.real_tracker_v1.6457,a2.1.a0.real_tracker_v1.2310,787.5441,163.38750000000002,0.2074643090281433
0.001605343,0.2595,1.155495,1.113496,a2.1.a0.real_tracker_v1.6457,a2.1.a0.real_tracker_v1.2310,787.5347,138.67853333333335,0.17609174204208564
-0.5218843,0.2595,1.158784,1.116785,a2.1.a0.real_tracker_v1.6457,a2.1.a0.real_tracker_v1.2310,787.5252,150.92413333333334,0.19164331717895017
