x,y,z,rearZ,mattype,rearMat,Wm2Front,Wm2Back,Back/FrontRatio
0.5243444,-0.2595,1.153763,1.111763,a2.1.a0.real_tracker_v1.6457,a2.1.a0.real_tracker_v1.2310,657.278,146.2304333333333,0.22247848072634804
0.0008472685,-0.2595,1.155499,1.113499,a2.1.a0.real_tracker_v1.6457,a2.1.a0.real_tracker_v1.2310,657.2603,98.62995666666666,0.150062017445218
-0.5226499,-0.2595,1.157235,1.115235,a2.1.a0.real_tracker_v1.6457,a2.1.a0.real_tracker_v1.2310,657.2452,121.95876666666668,0.1855602461705624
0.5243444,0.0,1.153763,1.111763,a2.1.a0.real_tracker_v1.6457,a2.1.a0.real_tracker_v1.2310,657.2811,148.59633333333332,0.22607695133236294
0.0008472685,-5.551115e-17,1.155499,1.113499,a2.1.a0.real_tracker_v1.6457,a2.1.a0.real_tracker_v1.2310,657.2661,96.03905000000002,0.14611875446070557
-0.5226499,-5.551115e-17,1.157235,1.115235,a2.1.a0.real_tracker_v1.6457,a2.1.a0.real_tracker_v1.2310,657.2511,125.30709999999999,0.19065302339847984
0.5243444,0.2595,1.153763,1.111763,a2.1.a0.real_tracker_v1.6457,a2.1.a0.real_tracker_v1.2310,657.287,147.2409,0.2240127615291927
0.0008472685,0.2595,1.155499,1.113499,a2.1.a0.real_tracker_v1.6457,a2.1.a0.real_tracker_v1.2310,657.272,111.9449,0.1703172045710078
-0.5226499,0.2595,1.157235,1.115235,a2.1.a0.real_tracker_v1.6457,a2.1.a0.real_tracker_v1.2310,657.257,124.05426666666666,0.18874516044942272
