x,y,z,rearZ,mattype,rearMat,Wm2Front,Wm2Back,Back/FrontRatio
0.522155,-0.2595,1.158238,1.116238,a2.1.a0.real_tracker_v1.6457,a2.1.a0.real_tracker_v1.2310,766.0381000000001,143.1724,0.18689959820588792
-0.001337789,-0.2595,1.155496,1.113497,a2.1.a0.real_tracker_v1.6457,a2.1.a0.real_tracker_v1.2310,766.0485,113.27943333333333,0.1478748218402771
-0.5248306,-0.2595,1.152755,1.110756,a2.1.a0.real_tracker_v1.6457,a2.1.a0.real_tracker_v1.2310,766.0607,165.78146666666666,0.2164074599561193
0.522155,0.0,1.158238,1.116238,a2.1.a0.real_tracker_v1.6457,a2.1.a0.real_tracker_v1.2310,766.0438,149.15826666666666,0.19471219785927227
-0.001337789,-5.551115e-17,1.155496,1.113497,a2.1.a0.real_tracker_v1.6457,a2.1.a0.real_tracker_v1.2310,766.056,112.7291,0.14715497671844263
-0.5248306,-5.551115e-17,1.152755,1.110756,a2.1.a0.real_tracker_v1.6457,a2.1.a0.real_tracker_v1.2310,766.0682,167.44493333333332,0.2185767726118389
0.522155,0.2595,1.158238,1.116238,a2.1.a0.real_tracker_v1.6457,a2.1.a0.real_tracker_v1.2310,766.0513,149.8537,0.19561810597004933
-0.001337789,0.2595,1.155496,1.113497,a2.1.a0.real_tracker_v1.6457,a2.1.a0.real_tracker_v1.2310,766.0634999999999,128.49956666666665,0.16773987917031358
-0.5248306,0.2595,1.152755,1.110756,a2.1.a0.real_tracker_v1.6457,a2.1.a0.real_tracker_v1.2310,766.0757,161.9741,0.21143326771327206
