x,y,z,rearZ,mattype,rearMat,Wm2Front,Wm2Back,Back/FrontRatio
0.5237673,-0.2595,1.154952,1.112952,a2.1.a0.real_tracker_v1.6457,a2.1.a0.real_tracker_v1.2310,259.0807,100.26293333333332,0.38699349793263416
0.0002675589,-0.2595,1.1555,1.1135,a2.1.a0.real_tracker_v1.6457,a2.1.a0.real_tracker_v1.2310,259.059,60.60381666666667,0.23393737615481613
-0.5232322,-0.2595,1.156048,1.114048,a2.1.a0.real_tracker_v1.6457,a2.1.a0.real_tracker_v1.2310,259.0417,63.65829333333334,0.24574440172733433
0.5237673,0.0,1.154952,1.112952,a2.1.a0.real_tracker_v1.6457,a2.1.a0.real_tracker_v1.2310,259.0784,99.65852,0.3846640064783229
0.0002675589,-5.551115e-17,1.1555,1.1135,a2.1.a0.real_tracker_v1.6457,a2.1.a0.real_tracker_v1.2310,259.0612,60.15645,0.23220851980721235
-0.5232322,-5.551115e-17,1.156048,1.114048,a2.1.a0.real_tracker_v1.6457,a2.1.a0.real_tracker_v1.2310,259.0439,63.91652333333334,0.2467391688982618
0.5237673,0.2595,1.154952,1.112952,a2.1.a0.real_tracker_v1.6457,a2.1.a0.real_tracker_v1.2310,259.0806,102.96366666666667,0.39741790488659434
0.0002675589,0.2595,1.1555,1.1135,a2.1.a0.real_tracker_v1.6457,a2.1.a0.real_tracker_v1.2310,259.0634,63.1333,0.2436973200486057
-0.5232322,0.2595,1.156048,1.114048,a2.1.a0.real_tracker_v1.6457,a2.1.a0.real_tracker_v1.2310,259.0461,64.52748000000001,0.2490955505774819
