x,y,z,rearZ,mattype,rearMat,Wm2Front,Wm2Back,Back/FrontRatio
0.5195602,-0.2595,1.163419,1.121424,a2.1.a0.real_tracker_v1.6457,a2.1.a0.real_tracker_v1.2310,839.8556,166.2408,0.1979395053869911
-0.003879456,-0.2595,1.155471,1.113475,a2.1.a0.real_tracker_v1.6457,a2.1.a0.real_tracker_v1.2310,839.8584999999999,129.96676666666667,0.15474822475267194
-0.5273191,-0.2595,1.147522,1.105527,a2.1.a0.real_tracker_v1.6457,a2.1.a0.real_tracker_v1.2310,839.8629999999999,167.17426666666665,0.19904921114212143
0.5195602,0.0,1.163419,1.121424,a2.1.a0.real_tracker_v1.6457,a2.1.a0.real_tracker_v1.2310,839.8618,169.3767333333333,0.20167190799894139
-0.003879456,-5.551115e-17,1.155471,1.113475,a2.1.a0.real_tracker_v1.6457,a2.1.a0.real_tracker_v1.2310,839.8663,128.1389,0.15257041201627924
-0.5273191,-5.551115e-17,1.147522,1.105527,a2.1.a0.real_tracker_v1.6457,a2.1.a0.real_tracker_v1.2310,839.8708,173.34933333333333,0.2063997545022149
0.5195602,0.2595,1.163419,1.121424,a2.1.a0.real_tracker_v1.6457,a2.1.a0.real_tracker_v1.2310,839.8696,159.9396,0.1904336215602737
-0.003879456,0.2595,1.155471,1.113475,a2.1.a0.real_tracker_v1.6457,a2.1.a0.real_tracker_v1.2310,839.8740000000001,156.48666666666665,0.1863213771890658
-0.5273191,0.2595,1.147522,1.105527,a2.1.a0.real_tracker_v1.6457,a2.1.a0.real_tracker_v1.2310,839.8785000000001,168.14926666666668,0.2002064185001142
