x,y,z,rearZ,mattype,rearMat,Wm2Front,Wm2Back,Back/FrontRatio
0.5235892,-0.2595,1.155317,1.113317,a2.1.a0.real_tracker_v1.6457,a2.1.a0.real_tracker_v1.2310,60.20982,22.14372333333333,0.367769834945502
8.918632e-05,-0.2595,1.1555,1.1135,a2.1.a0.real_tracker_v1.6457,a2.1.a0.real_tracker_v1.2310,60.2021,15.879249999999999,0.2637613345492176
-0.5234108,-0.2595,1.155683,1.113683,a2.1.a0.real_tracker_v1.6457,a2.1.a0.real_tracker_v1.2310,60.19735,20.62056,0.3425436079228085
0.5235892,0.0,1.155317,1.113317,a2.1.a0.real_tracker_v1.6457,a2.1.a0.real_tracker_v1.2310,60.20708,22.036963333333333,0.3660133877933549
8.918632e-05,-5.551115e-17,1.1555,1.1135,a2.1.a0.real_tracker_v1.6457,a2.1.a0.real_tracker_v1.2310,60.20232000000001,15.131686666666667,0.2513430599286994
-0.5234108,-5.551115e-17,1.155683,1.113683,a2.1.a0.real_tracker_v1.6457,a2.1.a0.real_tracker_v1.2310,60.197570000000006,20.597606666666668,0.3421610624084038
0.5235892,0.2595,1.155317,1.113317,a2.1.a0.real_tracker_v1.6457,a2.1.a0.real_tracker_v1.2310,60.20731,22.86048666666667,0.37968989109089213
8.918632e-05,0.2595,1.1555,1.1135,a2.1.a0.real_tracker_v1.6457,a2.1.a0.real_tracker_v1.2310,60.20256,16.035569999999996,0.26635584340859575
-0.5234108,0.2595,1.155683,1.113683,a2.1.a0.real_tracker_v1.6457,a2.1.a0.real_tracker_v1.2310,60.1978,20.59409666666667,0.3421014483123695
