x,y,z,rearZ,mattype,rearMat,Wm2Front,Wm2Back,Back/FrontRatio
0.5232768,-0.2595,1.155957,1.113957,a2.1.a0.real_tracker_v1.6457,a2.1.a0.real_tracker_v1.2310,210.69999999999996,64.40172333333334,0.3056545689547432
-0.0002229658,-0.2595,1.1555,1.1135,a2.1.a0.real_tracker_v1.6457,a2.1.a0.real_tracker_v1.2310,210.7091,50.314666666666675,0.23878621227300767
-0.5237228,-0.2595,1.155043,1.113043,a2.1.a0.real_tracker_v1.6457,a2.1.a0.real_tracker_v1.2310,210.7215,92.77974999999999,0.44029351398165834
0.5232768,0.0,1.155957,1.113957,a2.1.a0.real_tracker_v1.6457,a2.1.a0.real_tracker_v1.2310,210.6979,63.86309,0.3031012027115471
-0.0002229658,-5.551115e-17,1.1555,1.1135,a2.1.a0.real_tracker_v1.6457,a2.1.a0.real_tracker_v1.2310,210.71040000000002,49.17828333333333,0.2333916595558348
-0.5237228,-5.551115e-17,1.155043,1.113043,a2.1.a0.real_tracker_v1.6457,a2.1.a0.real_tracker_v1.2310,210.7228,94.13217000000002,0.44670877233611017
0.5232768,0.2595,1.155957,1.113957,a2.1.a0.real_tracker_v1.6457,a2.1.a0.real_tracker_v1.2310,210.6992,63.65689666666666,0.30212072255587163
-0.0002229658,0.2595,1.1555,1.1135,a2.1.a0.real_tracker_v1.6457,a2.1.a0.real_tracker_v1.2310,210.7116,50.956559999999996,0.24182967701029742
-0.5237228,0.2595,1.155043,1.113043,a2.1.a0.real_tracker_v1.6457,a2.1.a0.real_tracker_v1.2310,210.7241,95.01695,0.45090475695586335
