x,y,z,rearZ,mattype,rearMat,Wm2Front,Wm2Back,Back/FrontRatio
0.530051,-0.2595,1.141616,1.099631,a2.1.a0.real_tracker_v1.6457,a2.1.a0.real_tracker_v1.2310,850.2385,170.90323333333333,0.2010059910570296
0.006732788,-0.2595,1.155411,1.113426,a2.1.a0.real_tracker_v1.6457,a2.1.a0.real_tracker_v1.2310,850.7755000000001,128.3235,0.1508310349427846
-0.5165854,-0.2595,1.169206,1.127221,a2.1.a0.real_tracker_v1.6457,a2.1.a0.real_tracker_v1.2310,850.7311999999998,164.3125,0.19314244835213717
0.530051,0.0,1.141616,1.099631,a2.1.a0.real_tracker_v1.6457,a2.1.a0.real_tracker_v1.2310,850.5658,169.86046666666667,0.19970267669354916
0.006732788,-5.551115e-17,1.155411,1.113426,a2.1.a0.real_tracker_v1.6457,a2.1.a0.real_tracker_v1.2310,850.9001,127.54526666666668,0.14989434925711895
-0.5165854,-5.551115e-17,1.169206,1.127221,a2.1.a0.real_tracker_v1.6457,a2.1.a0.real_tracker_v1.2310,850.7204,169.3851,0.19910760444018452
0.530051,0.2595,1.141616,1.099631,a2.1.a0.real_tracker_v1.6457,a2.1.a0.real_tracker_v1.2310,850.7313,166.35096666666666,0.19553855738951803
0.006732788,0.2595,1.155411,1.113426,a2.1.a0.real_tracker_v1.6457,a2.1.a0.real_tracker_v1.2310,850.7631,159.02336666666667,0.18691828518230455
-0.5165854,0.2595,1.169206,1.127221,a2.1.a0.real_tracker_v1.6457,a2.1.a0.real_tracker_v1.2310,850.7256000000001,169.72436666666667,0.19950518376487422
