x,y,z,rearZ,mattype,rearMat,Wm2Front,Wm2Back,Back/FrontRatio
0.5235,-0.2595,1.1555,1.1135,a2.1.a0.real_tracker_v1.6457,a2.1.a0.real_tracker_v1.2310,7985.801337933333,1527.5149846999998,0.19127883712374846
0.0,-0.25950000000000006,1.1555,1.1135,a2.1.a0.real_tracker_v1.6457,a2.1.a0.real_tracker_v1.2310,7991.497717633333,1179.0123105333334,0.14753331661454558
-0.5235,-0.25950000000000006,1.1555,1.1135,a2.1.a0.real_tracker_v1.6457,a2.1.a0.real_tracker_v1.2310,7992.117617533334,1541.8527127999998,0.19292165026397884
0.5235,0.0,1.1555,1.1135,a2.1.a0.real_tracker_v1.6457,a2.1.a0.real_tracker_v1.2310,7987.766314,1549.4886143,0.1939826929590503
-1.588979221893691e-17,-5.551115123125783e-17,1.1555,1.1135,a2.1.a0.real_tracker_v1.6457,a2.1.a0.real_tracker_v1.2310,7990.3730872333335,1179.8560762333332,0.14765967942833302
-0.5235,-5.551115123125783e-17,1.1555,1.1135,a2.1.a0.real_tracker_v1.6457,a2.1.a0.real_tracker_v1.2310,7992.210483700001,1554.0995186333334,0.1944517511583492
0.5235,0.2595,1.1555,1.1135,a2.1.a0.real_tracker_v1.6457,a2.1.a0.real_tracker_v1.2310,7988.2357236,1563.5328937666663,0.1957294141205721
-3.177958443787382e-17,0.25949999999999995,1.1555,1.1135,a2.1.a0.real_tracker_v1.6457,a2.1.a0.real_tracker_v1.2310,7993.317430066666,1363.0400716,0.17052242864152126
-0.5235,0.25949999999999995,1.1555,1.1135,a2.1.a0.real_tracker_v1.6457,a2.1.a0.real_tracker_v1.2310,7994.301859866667,1567.7810563,0.19611229193863045
