x,y,z,rearZ,mattype,rearMat,Wm2Front,Wm2Back,Back/FrontRatio
6.4555,-2.993,0.3765,0.3765,a1.0.a0.real_tracker_v1.6457,a1.0.a0.real_tracker_v1.2310,135.92646666666667,793.1810333333333,5.835325654074329
6.4555,-2.993,0.9,0.9,a1.0.a0.real_tracker_v1.6457,a1.0.a0.real_tracker_v1.2310,180.04263333333333,705.4543333333335,3.9182409301152745
6.4555,-2.993,1.4235,1.4235,a1.0.a0.real_tracker_v1.6457,a1.0.a0.real_tracker_v1.2310,208.1259,781.8326000000001,3.7565187392883863
6.4555,-2.474,0.3765,0.3765,a1.0.a0.real_tracker_v1.6457,a1.0.a0.real_tracker_v1.2310,128.48223333333334,793.4875999999999,6.175806596814058
6.4555,-2.474,0.9,0.9,a1.0.a0.real_tracker_v1.6457,a1.0.a0.real_tracker_v1.2310,175.6187,706.5043666666667,4.022922067778653
6.4555,-2.474,1.4235,1.4235,a1.0.a0.real_tracker_v1.6457,a1.0.a0.real_tracker_v1.2310,204.90966666666668,780.7119666666667,3.810011354541491
6.4555,-1.955,0.3765,0.3765,a1.0.a0.real_tracker_v1.6457,a1.0.a0.real_tracker_v1.2310,126.9883,791.1958666666666,6.2304136385244
6.4555,-1.955,0.9,0.9,a1.0.a0.real_tracker_v1.6457,a1.0.a0.real_tracker_v1.2310,174.22673333333333,707.2420333333333,4.059296529905686
6.4555,-1.955,1.4235,1.4235,a1.0.a0.real_tracker_v1.6457,a1.0.a0.real_tracker_v1.2310,205.22220000000002,778.0850666666665,3.7914088985390855
