x,y,z,rearZ,mattype,rearMat,Wm2Front,Wm2Back,Back/FrontRatio
0.1915223,-0.2595,1.450138,1.420331,a2.1.a0.real_tracker_v1.6457,a2.1.a0.real_tracker_v1.2310,476.31586666666664,64.01492,0.13439566070373604
-0.1800024,-0.2595,1.081327,1.05152,a2.1.a0.real_tracker_v1.6457,a2.1.a0.real_tracker_v1.2310,469.8187666666666,59.937933333333326,0.12757644012849467
-0.5515271,-0.2595,0.7125156,0.6827084,a2.1.a0.real_tracker_v1.6457,a2.1.a0.real_tracker_v1.2310,459.7674,59.54829333333333,0.12951802110221872
0.1915223,0.0,1.450138,1.420331,a2.1.a0.real_tracker_v1.6457,a2.1.a0.real_tracker_v1.2310,476.0125666666667,63.904746666666675,0.1342498431592321
-0.1800024,0.0,1.081327,1.05152,a2.1.a0.real_tracker_v1.6457,a2.1.a0.real_tracker_v1.2310,470.3724333333334,43.35409333333333,0.09216951949454627
-0.5515271,-5.551115e-17,0.7125156,0.6827084,a2.1.a0.real_tracker_v1.6457,a2.1.a0.real_tracker_v1.2310,459.83470000000005,56.706876666666666,0.123319865479489
0.1915223,0.2595,1.450138,1.420331,a2.1.a0.real_tracker_v1.6457,a2.1.a0.real_tracker_v1.2310,475.70756666666665,63.05933666666667,0.1325587577884695
-0.1800024,0.2595,1.081327,1.05152,a2.1.a0.real_tracker_v1.6457,a2.1.a0.real_tracker_v1.2310,470.92470000000003,47.46184333333333,0.10078414351421748
-0.5515271,0.2595,0.7125156,0.6827084,a2.1.a0.real_tracker_v1.6457,a2.1.a0.real_tracker_v1.2310,459.9511,55.9441,0.12163027410897788
