x,y,z,rearZ,mattype,rearMat,Wm2Front,Wm2Back,Back/FrontRatio
0.04848887,-0.2595,1.480501,1.459001,a2.1.a0.real_tracker_v1.6457,a2.1.a0.real_tracker_v1.2310,829.1791333333334,111.54916666666666,0.13452947337056315
-0.2194871,-0.2595,1.030789,1.009289,a2.1.a0.real_tracker_v1.6457,a2.1.a0.real_tracker_v1.2310,824.4504333333333,63.96060333333333,0.07757958898165136
-0.487463,-0.2595,0.5810764,0.5595769,a2.1.a0.real_tracker_v1.6457,a2.1.a0.real_tracker_v1.2310,820.0415666666668,93.36515666666666,0.11385403692661969
0.04848887,0.0,1.480501,1.459001,a2.1.a0.real_tracker_v1.6457,a2.1.a0.real_tracker_v1.2310,829.1534666666666,109.72616666666666,0.1323350124468163
-0.2194871,0.0,1.030789,1.009289,a2.1.a0.real_tracker_v1.6457,a2.1.a0.real_tracker_v1.2310,824.8466,64.3657,0.0780334452085452
-0.487463,-5.551115e-17,0.5810764,0.5595769,a2.1.a0.real_tracker_v1.6457,a2.1.a0.real_tracker_v1.2310,818.7912999999999,93.92895333333333,0.11471645902548588
0.04848887,0.2595,1.480501,1.459001,a2.1.a0.real_tracker_v1.6457,a2.1.a0.real_tracker_v1.2310,829.1281333333333,111.687,0.13470398700258754
-0.2194871,0.2595,1.030789,1.009289,a2.1.a0.real_tracker_v1.6457,a2.1.a0.real_tracker_v1.2310,822.503,78.39192666666666,0.09530886982515181
-0.487463,0.2595,0.5810764,0.5595769,a2.1.a0.real_tracker_v1.6457,a2.1.a0.real_tracker_v1.2310,818.5922333333334,104.10046666666666,0.12716995746809046
