x,y,z,rearZ,mattype,rearMat,Wm2Front,Wm2Back,Back/FrontRatio
0.464456,-0.2595,1.251587,1.210374,a2.1.a0.real_tracker_v1.6457,a2.1.a0.real_tracker_v1.2310,857.7627666666666,281.60516666666666,0.328301541298492
-0.04923312,-0.2595,1.150712,1.109499,a2.1.a0.real_tracker_v1.6457,a2.1.a0.real_tracker_v1.2310,857.7152666666667,227.60553333333334,0.2653622674289182
-0.5629222,-0.2595,1.049837,1.008624,a2.1.a0.real_tracker_v1.6457,a2.1.a0.real_tracker_v1.2310,858.1547999999999,280.67,0.3270618225734768
0.464456,0.0,1.251587,1.210374,a2.1.a0.real_tracker_v1.6457,a2.1.a0.real_tracker_v1.2310,857.6533666666668,280.43129999999996,0.3269747242002809
-0.04923312,-5.551115e-17,1.150712,1.109499,a2.1.a0.real_tracker_v1.6457,a2.1.a0.real_tracker_v1.2310,857.9638333333332,228.1644666666667,0.2659368517241092
-0.5629222,-5.551115e-17,1.049837,1.008624,a2.1.a0.real_tracker_v1.6457,a2.1.a0.real_tracker_v1.2310,858.246,285.4101333333333,0.33255010892357717
0.464456,0.2595,1.251587,1.210374,a2.1.a0.real_tracker_v1.6457,a2.1.a0.real_tracker_v1.2310,857.5465666666668,279.4404,0.32585994160790377
-0.04923312,0.2595,1.150712,1.109499,a2.1.a0.real_tracker_v1.6457,a2.1.a0.real_tracker_v1.2310,857.8950666666666,254.2035,0.29631036890948953
-0.5629222,0.2595,1.049837,1.008624,a2.1.a0.real_tracker_v1.6457,a2.1.a0.real_tracker_v1.2310,858.3405333333334,281.8145,0.3283244362015027
