x,y,z,rearZ,mattype,rearMat,Wm2Front,Wm2Back,Back/FrontRatio
0.5051652,-0.2595,0.60993,0.586371,a2.1.a0.real_tracker_v1.6457,a2.1.a0.real_tracker_v1.2310,828.0471000000001,109.99329999999999,0.13283443316879778
0.2115194,-0.2595,1.043317,1.019758,a2.1.a0.real_tracker_v1.6457,a2.1.a0.real_tracker_v1.2310,830.3526,79.46004666666666,0.09569422793694958
-0.08212641,-0.2595,1.476704,1.453145,a2.1.a0.real_tracker_v1.6457,a2.1.a0.real_tracker_v1.2310,835.2820666666667,128.78756666666666,0.15418433798809603
0.5051652,0.0,0.60993,0.586371,a2.1.a0.real_tracker_v1.6457,a2.1.a0.real_tracker_v1.2310,828.15,113.77586666666667,0.13738541240264962
0.2115194,0.0,1.043317,1.019758,a2.1.a0.real_tracker_v1.6457,a2.1.a0.real_tracker_v1.2310,830.3148666666666,78.78595,0.09488672102134947
-0.08212641,-5.551115e-17,1.476704,1.453145,a2.1.a0.real_tracker_v1.6457,a2.1.a0.real_tracker_v1.2310,835.4450666666667,128.45526666666666,0.15375650421000644
0.5051652,0.2595,0.60993,0.586371,a2.1.a0.real_tracker_v1.6457,a2.1.a0.real_tracker_v1.2310,826.0628,122.41523333333333,0.14819101543165714
0.2115194,0.2595,1.043317,1.019758,a2.1.a0.real_tracker_v1.6457,a2.1.a0.real_tracker_v1.2310,830.2782000000001,94.24333999999999,0.11350801031749318
-0.08212641,0.2595,1.476704,1.453145,a2.1.a0.real_tracker_v1.6457,a2.1.a0.real_tracker_v1.2310,835.6079666666668,126.8969,0.15186158246506767
