x,y,z,rearZ,mattype,rearMat,Wm2Front,Wm2Back,Back/FrontRatio
0.5627923,-0.2595,0.7496761,0.7179638,a2.1.a0.real_tracker_v1.6457,a2.1.a0.real_tracker_v1.2310,887.8782000000001,182.82826666666665,0.2059156996432247
0.1675221,-0.2595,1.092916,1.061204,a2.1.a0.real_tracker_v1.6457,a2.1.a0.real_tracker_v1.2310,890.8539333333333,140.44833333333335,0.15765567218426288
-0.2277481,-0.2595,1.436156,1.404444,a2.1.a0.real_tracker_v1.6457,a2.1.a0.real_tracker_v1.2310,891.6769333333333,191.39239999999998,0.2146429701187327
0.5627923,0.0,0.7496761,0.7179638,a2.1.a0.real_tracker_v1.6457,a2.1.a0.real_tracker_v1.2310,887.6929333333334,190.98996666666667,0.21515294798680237
0.1675221,0.0,1.092916,1.061204,a2.1.a0.real_tracker_v1.6457,a2.1.a0.real_tracker_v1.2310,890.7155333333334,141.83336666666665,0.1592351341406933
-0.2277481,-5.551115e-17,1.436156,1.404444,a2.1.a0.real_tracker_v1.6457,a2.1.a0.real_tracker_v1.2310,891.6388666666667,189.7037,0.21275820776071178
0.5627923,0.2595,0.7496761,0.7179638,a2.1.a0.real_tracker_v1.6457,a2.1.a0.real_tracker_v1.2310,887.5036666666666,199.84290000000001,0.22517391457847738
0.1675221,0.2595,1.092916,1.061204,a2.1.a0.real_tracker_v1.6457,a2.1.a0.real_tracker_v1.2310,890.5726666666666,159.44433333333333,0.17903553552186027
-0.2277481,0.2595,1.436156,1.404444,a2.1.a0.real_tracker_v1.6457,a2.1.a0.real_tracker_v1.2310,891.5962666666668,190.57436666666663,0.21374489782718784
