x,y,z,rearZ,mattype,rearMat,Wm2Front,Wm2Back,Back/FrontRatio
-2.993,-6.782518,0.8978314,0.8601558,a1.0.a0.real_tracker_v1.6457,a1.0.a0.real_tracker_v1.2310,1040.409,261.2073666666667,0.2510619531402684
-2.993,-6.312919,1.129193,1.091518,a1.0.a0.real_tracker_v1.6457,a1.0.a0.real_tracker_v1.2310,1040.705,191.30346666666665,0.18382085494526473
-2.993,-5.843319,1.360555,1.32288,a1.0.a0.real_tracker_v1.6457,a1.0.a0.real_tracker_v1.2310,1041.33,223.3434,0.21447877764130716
-2.474,-6.782518,0.8978314,0.8601558,a1.0.a0.real_tracker_v1.6457,a1.0.a0.real_tracker_v1.2310,1040.228,244.37106666666668,0.23492045181077115
-2.474,-6.312919,1.129193,1.091518,a1.0.a0.real_tracker_v1.6457,a1.0.a0.real_tracker_v1.2310,1040.631,182.62956666666665,0.17549870335206552
-2.474,-5.843319,1.360555,1.32288,a1.0.a0.real_tracker_v1.6457,a1.0.a0.real_tracker_v1.2310,1040.569,213.18856666666667,0.2048767182089304
-1.955,-6.782518,0.8978314,0.8601558,a1.0.a0.real_tracker_v1.6457,a1.0.a0.real_tracker_v1.2310,1040.924,241.37373333333335,0.23188388532635237
-1.955,-6.312919,1.129193,1.091518,a1.0.a0.real_tracker_v1.6457,a1.0.a0.real_tracker_v1.2310,1040.193,181.94126666666668,0.1749108980312006
-1.955,-5.843319,1.360555,1.32288,a1.0.a0.real_tracker_v1.6457,a1.0.a0.real_tracker_v1.2310,1040.602,208.7665333333333,0.20062072983965384
