x,y,z,rearZ,mattype,rearMat,Wm2Front,Wm2Back,Back/FrontRatio
-2.993,-6.782518,0.8978314,0.8601558,a1.0.a0.real_tracker_v1.6457,a1.0.a0.real_tracker_v1.2310,949.4121666666666,244.31856666666667,0.2573364002570711
-2.993,-6.312919,1.129193,1.091518,a1.0.a0.real_tracker_v1.6457,a1.0.a0.real_tracker_v1.2310,949.7974,180.98966666666664,0.1905558765593484
-2.993,-5.843319,1.360555,1.32288,a1.0.a0.real_tracker_v1.6457,a1.0.a0.real_tracker_v1.2310,948.9486,220.40286666666668,0.23225982356351346
-2.474,-6.782518,0.8978314,0.8601558,a1.0.a0.real_tracker_v1.6457,a1.0.a0.real_tracker_v1.2310,949.5318333333333,234.20366666666666,0.24665146737948504
-2.474,-6.312919,1.129193,1.091518,a1.0.a0.real_tracker_v1.6457,a1.0.a0.real_tracker_v1.2310,948.6637,172.72253333333333,0.1820691054840908
-2.474,-5.843319,1.360555,1.32288,a1.0.a0.real_tracker_v1.6457,a1.0.a0.real_tracker_v1.2310,948.973,215.25930000000002,0.2268337172567426
-1.955,-6.782518,0.8978314,0.8601558,a1.0.a0.real_tracker_v1.6457,a1.0.a0.real_tracker_v1.2310,949.6807666666667,243.03733333333332,0.2559144987971935
-1.955,-6.312919,1.129193,1.091518,a1.0.a0.real_tracker_v1.6457,a1.0.a0.real_tracker_v1.2310,950.1302666666667,180.20586666666668,0.18966417903378827
-1.955,-5.843319,1.360555,1.32288,a1.0.a0.real_tracker_v1.6457,a1.0.a0.real_tracker_v1.2310,948.676,219.2408,0.23110162890003658
