x,y,z,rearZ,mattype,rearMat,Wm2Front,Wm2Back,Back/FrontRatio
-2.993,-6.782518,0.8978314,0.8601558,a1.0.a0.real_tracker_v1.6457,a1.0.a0.real_tracker_v1.2310,22.481440000000003,9.873502,0.43916505503851
-2.993,-6.312919,1.129193,1.091518,a1.0.a0.real_tracker_v1.6457,a1.0.a0.real_tracker_v1.2310,22.58487,8.246664666666668,0.3651249505406109
-2.993,-5.843319,1.360555,1.32288,a1.0.a0.real_tracker_v1.6457,a1.0.a0.real_tracker_v1.2310,22.44946,11.54692,0.5143288823480677
-2.474,-6.782518,0.8978314,0.8601558,a1.0.a0.real_tracker_v1.6457,a1.0.a0.real_tracker_v1.2310,22.449750000000005,9.963816666666666,0.4438077421318514
-2.474,-6.312919,1.129193,1.091518,a1.0.a0.real_tracker_v1.6457,a1.0.a0.real_tracker_v1.2310,22.55264,7.949878333333333,0.35248759549825803
-2.474,-5.843319,1.360555,1.32288,a1.0.a0.real_tracker_v1.6457,a1.0.a0.real_tracker_v1.2310,22.44082,11.431233333333333,0.5093719374512999
-1.955,-6.782518,0.8978314,0.8601558,a1.0.a0.real_tracker_v1.6457,a1.0.a0.real_tracker_v1.2310,22.516859999999998,9.736073,0.43237114894577017
-1.955,-6.312919,1.129193,1.091518,a1.0.a0.real_tracker_v1.6457,a1.0.a0.real_tracker_v1.2310,22.61796,7.850263000000001,0.3470656033699162
-1.955,-5.843319,1.360555,1.32288,a1.0.a0.real_tracker_v1.6457,a1.0.a0.real_tracker_v1.2310,22.586300000000005,11.16012,0.49408827084246437
