x,y,z,rearZ,mattype,rearMat,Wm2Front,Wm2Back,Back/FrontRatio
-2.993,-6.782518,0.8978314,0.8601558,a1.0.a0.real_tracker_v1.6457,a1.0.a0.real_tracker_v1.2310,825.8792,198.19230000000002,0.23997705720514917
-2.993,-6.312919,1.129193,1.091518,a1.0.a0.real_tracker_v1.6457,a1.0.a0.real_tracker_v1.2310,826.4681,149.84836666666664,0.18131151747435764
-2.993,-5.843319,1.360555,1.32288,a1.0.a0.real_tracker_v1.6457,a1.0.a0.real_tracker_v1.2310,825.6358,181.08983333333333,0.21933352938402617
-2.474,-6.782518,0.8978314,0.8601558,a1.0.a0.real_tracker_v1.6457,a1.0.a0.real_tracker_v1.2310,825.8846,199.24210000000002,0.24124660848911766
-2.474,-6.312919,1.129193,1.091518,a1.0.a0.real_tracker_v1.6457,a1.0.a0.real_tracker_v1.2310,825.2121000000001,146.42123333333333,0.17743445097191662
-2.474,-5.843319,1.360555,1.32288,a1.0.a0.real_tracker_v1.6457,a1.0.a0.real_tracker_v1.2310,825.6538999999999,180.8074,0.2189866492647231
-1.955,-6.782518,0.8978314,0.8601558,a1.0.a0.real_tracker_v1.6457,a1.0.a0.real_tracker_v1.2310,824.7876666666666,214.84386666666668,0.2604835339638518
-1.955,-6.312919,1.129193,1.091518,a1.0.a0.real_tracker_v1.6457,a1.0.a0.real_tracker_v1.2310,825.2084,158.5185,0.1920948791906636
-1.955,-5.843319,1.360555,1.32288,a1.0.a0.real_tracker_v1.6457,a1.0.a0.real_tracker_v1.2310,825.1696666666667,188.1584333333333,0.22802365732826177
