x,y,z,rearZ,mattype,rearMat,Wm2Front,Wm2Back,Back/FrontRatio
-2.993,-6.782518,0.8978314,0.8601558,a1.0.a0.real_tracker_v1.6457,a1.0.a0.real_tracker_v1.2310,676.2436,166.34026666666668,0.24597648050227194
-2.993,-6.312919,1.129193,1.091518,a1.0.a0.real_tracker_v1.6457,a1.0.a0.real_tracker_v1.2310,676.7628,125.89863333333334,0.186030389529306
-2.993,-5.843319,1.360555,1.32288,a1.0.a0.real_tracker_v1.6457,a1.0.a0.real_tracker_v1.2310,676.2957,154.53076666666666,0.22849552077759167
-2.474,-6.782518,0.8978314,0.8601558,a1.0.a0.real_tracker_v1.6457,a1.0.a0.real_tracker_v1.2310,676.3621,172.08960000000002,0.2544337501557965
-2.474,-6.312919,1.129193,1.091518,a1.0.a0.real_tracker_v1.6457,a1.0.a0.real_tracker_v1.2310,676.0358,125.90570000000001,0.18624089694525509
-2.474,-5.843319,1.360555,1.32288,a1.0.a0.real_tracker_v1.6457,a1.0.a0.real_tracker_v1.2310,676.3579,156.57266666666666,0.23149346695469916
-1.955,-6.782518,0.8978314,0.8601558,a1.0.a0.real_tracker_v1.6457,a1.0.a0.real_tracker_v1.2310,676.8793,184.48366666666666,0.2725499126901266
-1.955,-6.312919,1.129193,1.091518,a1.0.a0.real_tracker_v1.6457,a1.0.a0.real_tracker_v1.2310,677.286,134.57223333333334,0.19869307004760664
-1.955,-5.843319,1.360555,1.32288,a1.0.a0.real_tracker_v1.6457,a1.0.a0.real_tracker_v1.2310,676.5981,159.71793333333332,0.23605992578667828
