x,y,z,rearZ,mattype,rearMat,Wm2Front,Wm2Back,Back/FrontRatio
2.993,2.682079,0.9227372,0.8843025,a1.0.a0.real_tracker_v1.6457,a1.0.a0.real_tracker_v1.2310,1014.5480000000001,218.60289999999998,0.21546805526396454
2.993,2.203017,1.133811,1.095377,a1.0.a0.real_tracker_v1.6457,a1.0.a0.real_tracker_v1.2310,1014.918,113.3932,0.11172635451696145
2.993,1.723956,1.344885,1.306451,a1.0.a0.real_tracker_v1.6457,a1.0.a0.real_tracker_v1.2310,1015.1370000000001,69.32351333333332,0.06828974320076021
2.474,2.682079,0.9227372,0.8843025,a1.0.a0.real_tracker_v1.6457,a1.0.a0.real_tracker_v1.2310,1014.554,216.41213333333334,0.21330744349328853
2.474,2.203017,1.133811,1.095377,a1.0.a0.real_tracker_v1.6457,a1.0.a0.real_tracker_v1.2310,1015.357,110.62673333333333,0.10895342660749542
2.474,1.723956,1.344885,1.306451,a1.0.a0.real_tracker_v1.6457,a1.0.a0.real_tracker_v1.2310,1015.206,67.50029666666667,0.06648919547113709
1.955,2.682079,0.9227372,0.8843025,a1.0.a0.real_tracker_v1.6457,a1.0.a0.real_tracker_v1.2310,1015.2379999999999,232.65516666666667,0.2291629524345171
1.955,2.203017,1.133811,1.095377,a1.0.a0.real_tracker_v1.6457,a1.0.a0.real_tracker_v1.2310,1015.419,115.80226666666668,0.11404371261809565
1.955,1.723956,1.344885,1.306451,a1.0.a0.real_tracker_v1.6457,a1.0.a0.real_tracker_v1.2310,1014.909,77.86672666666666,0.0767227898697093
