x,y,z,rearZ,mattype,rearMat,Wm2Front,Wm2Back,Back/FrontRatio
2.993,2.682079,0.9227372,0.8843025,a1.0.a0.real_tracker_v1.6457,a1.0.a0.real_tracker_v1.2310,294.4853,82.27713333333334,0.2793920577403205
2.993,2.203017,1.133811,1.095377,a1.0.a0.real_tracker_v1.6457,a1.0.a0.real_tracker_v1.2310,294.8495,58.031546666666664,0.19681685012121963
2.993,1.723956,1.344885,1.306451,a1.0.a0.real_tracker_v1.6457,a1.0.a0.real_tracker_v1.2310,294.8234,52.30058666666667,0.17739571984770144
2.474,2.682079,0.9227372,0.8843025,a1.0.a0.real_tracker_v1.6457,a1.0.a0.real_tracker_v1.2310,294.3657,76.88895666666666,0.2612012726530095
2.474,2.203017,1.133811,1.095377,a1.0.a0.real_tracker_v1.6457,a1.0.a0.real_tracker_v1.2310,294.6168,42.94280333333334,0.14575766750458846
2.474,1.723956,1.344885,1.306451,a1.0.a0.real_tracker_v1.6457,a1.0.a0.real_tracker_v1.2310,294.7391,42.43104666666667,0.14396088847994104
1.955,2.682079,0.9227372,0.8843025,a1.0.a0.real_tracker_v1.6457,a1.0.a0.real_tracker_v1.2310,294.2518,75.82771000000001,0.25769579762707445
1.955,2.203017,1.133811,1.095377,a1.0.a0.real_tracker_v1.6457,a1.0.a0.real_tracker_v1.2310,294.3969,40.62922,0.13800784584400907
1.955,1.723956,1.344885,1.306451,a1.0.a0.real_tracker_v1.6457,a1.0.a0.real_tracker_v1.2310,294.6447,38.10801333333334,0.12933503978959593
