x,y,z,rearZ,mattype,rearMat,Wm2Front,Wm2Back,Back/FrontRatio
2.993,2.682079,0.9227372,0.8843025,a1.0.a0.real_tracker_v1.6457,a1.0.a0.real_tracker_v1.2310,789.485,200.12753333333333,0.25349092109718646
2.993,2.203017,1.133811,1.095377,a1.0.a0.real_tracker_v1.6457,a1.0.a0.real_tracker_v1.2310,789.8921,103.94453333333333,0.1315931653705208
2.993,1.723956,1.344885,1.306451,a1.0.a0.real_tracker_v1.6457,a1.0.a0.real_tracker_v1.2310,790.1991000000002,74.54172333333334,0.09433271817269237
2.474,2.682079,0.9227372,0.8843025,a1.0.a0.real_tracker_v1.6457,a1.0.a0.real_tracker_v1.2310,789.4197,183.89563333333334,0.232950102946798
2.474,2.203017,1.133811,1.095377,a1.0.a0.real_tracker_v1.6457,a1.0.a0.real_tracker_v1.2310,789.6920999999999,91.63311666666668,0.11603636484435118
2.474,1.723956,1.344885,1.306451,a1.0.a0.real_tracker_v1.6457,a1.0.a0.real_tracker_v1.2310,790.0542,69.50856333333333,0.08797937578707579
1.955,2.682079,0.9227372,0.8843025,a1.0.a0.real_tracker_v1.6457,a1.0.a0.real_tracker_v1.2310,789.3867999999999,170.18046666666666,0.21558537725901855
1.955,2.203017,1.133811,1.095377,a1.0.a0.real_tracker_v1.6457,a1.0.a0.real_tracker_v1.2310,789.8354,85.95776333333333,0.1088298327771844
1.955,1.723956,1.344885,1.306451,a1.0.a0.real_tracker_v1.6457,a1.0.a0.real_tracker_v1.2310,789.9161,58.90287,0.07456841990127824
