x,y,z,rearZ,mattype,rearMat,Wm2Front,Wm2Back,Back/FrontRatio
2.993,2.682079,0.9227372,0.8843025,a1.0.a0.real_tracker_v1.6457,a1.0.a0.real_tracker_v1.2310,949.3575,230.64623333333336,0.2429495636614971
2.993,2.203017,1.133811,1.095377,a1.0.a0.real_tracker_v1.6457,a1.0.a0.real_tracker_v1.2310,949.6710666666668,116.71,0.12289505408919751
2.993,1.723956,1.344885,1.306451,a1.0.a0.real_tracker_v1.6457,a1.0.a0.real_tracker_v1.2310,949.8804333333334,83.05765000000001,0.08744001839106727
2.474,2.682079,0.9227372,0.8843025,a1.0.a0.real_tracker_v1.6457,a1.0.a0.real_tracker_v1.2310,949.2860666666666,207.21876666666665,0.21828883373950952
2.474,2.203017,1.133811,1.095377,a1.0.a0.real_tracker_v1.6457,a1.0.a0.real_tracker_v1.2310,949.8373,103.46986666666665,0.10893419086876856
2.474,1.723956,1.344885,1.306451,a1.0.a0.real_tracker_v1.6457,a1.0.a0.real_tracker_v1.2310,949.926,69.30618,0.07295948004425602
1.955,2.682079,0.9227372,0.8843025,a1.0.a0.real_tracker_v1.6457,a1.0.a0.real_tracker_v1.2310,949.9437000000001,200.60496666666666,0.21117541543909518
1.955,2.203017,1.133811,1.095377,a1.0.a0.real_tracker_v1.6457,a1.0.a0.real_tracker_v1.2310,949.8476999999999,99.43306,0.10468305110066478
1.955,1.723956,1.344885,1.306451,a1.0.a0.real_tracker_v1.6457,a1.0.a0.real_tracker_v1.2310,949.7577,64.74176666666666,0.06816654237193791
