x,y,z,rearZ,mattype,rearMat,Wm2Front,Wm2Back,Back/FrontRatio
2.993,2.682079,0.9227372,0.8843025,a1.0.a0.real_tracker_v1.6457,a1.0.a0.real_tracker_v1.2310,0.9634207,0.28039586666666666,0.29074019944477203
2.993,2.203017,1.133811,1.095377,a1.0.a0.real_tracker_v1.6457,a1.0.a0.real_tracker_v1.2310,0.9646681999999999,0.1602826,0.1659810274377887
2.993,1.723956,1.344885,1.306451,a1.0.a0.real_tracker_v1.6457,a1.0.a0.real_tracker_v1.2310,0.9632308000000002,0.18234850000000002,0.18911291777860653
2.474,2.682079,0.9227372,0.8843025,a1.0.a0.real_tracker_v1.6457,a1.0.a0.real_tracker_v1.2310,0.9633258000000001,0.27281249999999996,0.2829049062049361
2.474,2.203017,1.133811,1.095377,a1.0.a0.real_tracker_v1.6457,a1.0.a0.real_tracker_v1.2310,0.9634193999999999,0.14776246666666668,0.15321390949483873
2.474,1.723956,1.344885,1.306451,a1.0.a0.real_tracker_v1.6457,a1.0.a0.real_tracker_v1.2310,0.9633116999999999,0.17317076666666667,0.17957965942616552
1.955,2.682079,0.9227372,0.8843025,a1.0.a0.real_tracker_v1.6457,a1.0.a0.real_tracker_v1.2310,0.9632273000000001,0.2748798333333333,0.2850778372831108
1.955,2.203017,1.133811,1.095377,a1.0.a0.real_tracker_v1.6457,a1.0.a0.real_tracker_v1.2310,0.9631875,0.15338,0.15907694302197445
1.955,1.723956,1.344885,1.306451,a1.0.a0.real_tracker_v1.6457,a1.0.a0.real_tracker_v1.2310,0.9637621,0.17392293333333333,0.18027546203704867
