x,y,z,rearZ,mattype,rearMat,Wm2Front,Wm2Back,Back/FrontRatio
6.7235,4.0485,1.1555,1.1135,a5.0.a0.real_tracker_v1.6457,a5.0.a0.real_tracker_v1.2310,8165.8592832,2399.9469959,0.2939000806611302
6.199999999999999,4.0485,1.1555,1.1135,a5.0.a0.real_tracker_v1.6457,a5.0.a0.real_tracker_v1.2310,8162.135685733333,1675.9131338333334,0.2053277466870502
5.6765,4.0485,1.1555,1.1135,a5.0.a0.real_tracker_v1.6457,a5.0.a0.real_tracker_v1.2310,8156.575892599999,2374.192251,0.29107703908902893
6.7235,4.308,1.1555,1.1135,a5.0.a0.real_tracker_v1.6457,a5.0.a0.real_tracker_v1.2310,8169.094105033333,2602.4778616666667,0.3185760268677944
6.199999999999999,4.308,1.1555,1.1135,a5.0.a0.real_tracker_v1.6457,a5.0.a0.real_tracker_v1.2310,8165.135975133333,1772.823470166667,0.21712109368963986
5.6765,4.308,1.1555,1.1135,a5.0.a0.real_tracker_v1.6457,a5.0.a0.real_tracker_v1.2310,8161.765028666667,2581.6820310666667,0.3163141435320486
6.7235,4.5675,1.1555,1.1135,a5.0.a0.real_tracker_v1.6457,a5.0.a0.real_tracker_v1.2310,8170.493067866667,2830.9127170666666,0.34647999173027044
6.199999999999999,4.5675,1.1555,1.1135,a5.0.a0.real_tracker_v1.6457,a5.0.a0.real_tracker_v1.2310,8166.0946712,2079.8001351333332,0.2546872114746738
5.6765,4.5675,1.1555,1.1135,a5.0.a0.real_tracker_v1.6457,a5.0.a0.real_tracker_v1.2310,8164.8794014000005,2812.538111266667,0.34446776596806145
