x,y,z,rearZ,mattype,rearMat,Wm2Front,Wm2Back,Back/FrontRatio
0.5235,-0.2595,1.1555,1.1135,a2.1.a0.real_tracker_v1.6457,a2.1.a0.real_tracker_v1.2310,7330.071663233332,1165.938644366667,0.15906235830578594
0.0,-0.25950000000000006,1.1555,1.1135,a2.1.a0.real_tracker_v1.6457,a2.1.a0.real_tracker_v1.2310,6982.237368633334,850.8506597333333,0.12185929709241282
-0.5235,-0.25950000000000006,1.1555,1.1135,a2.1.a0.real_tracker_v1.6457,a2.1.a0.real_tracker_v1.2310,6710.867659,1175.9100000333333,0.1752247078262083
0.5235,0.0,1.1555,1.1135,a2.1.a0.real_tracker_v1.6457,a2.1.a0.real_tracker_v1.2310,7698.535171633333,1192.8587496666667,0.15494617717871784
-1.588979221893691e-17,-5.551115123125783e-17,1.1555,1.1135,a2.1.a0.real_tracker_v1.6457,a2.1.a0.real_tracker_v1.2310,7351.661303566667,854.9809293000001,0.1162976336501753
-0.5235,-5.551115123125783e-17,1.1555,1.1135,a2.1.a0.real_tracker_v1.6457,a2.1.a0.real_tracker_v1.2310,7360.087487633333,1194.4592129000002,0.16228870276586627
0.5235,0.2595,1.1555,1.1135,a2.1.a0.real_tracker_v1.6457,a2.1.a0.real_tracker_v1.2310,7072.567793,1187.1764096,0.16785646691411402
-3.177958443787382e-17,0.25949999999999995,1.1555,1.1135,a2.1.a0.real_tracker_v1.6457,a2.1.a0.real_tracker_v1.2310,7716.474867466666,1026.6928861666665,0.13305204393825595
-0.5235,0.25949999999999995,1.1555,1.1135,a2.1.a0.real_tracker_v1.6457,a2.1.a0.real_tracker_v1.2310,7074.183708933333,1185.7727848333334,0.16761970935476575
