x,y,z,rearZ,mattype,rearMat,Wm2Front,Wm2Back,Back/FrontRatio
2.993,10.58208,0.9227372,0.8843025,a1.0.a0.real_tracker_v1.6457,a1.0.a0.real_tracker_v1.2310,1027.03,268.9866,0.26190699209663587
2.993,10.10302,1.133811,1.095377,a1.0.a0.real_tracker_v1.6457,a1.0.a0.real_tracker_v1.2310,1027.422,198.02353333333335,0.19273807704648752
2.993,9.623956,1.344885,1.306451,a1.0.a0.real_tracker_v1.6457,a1.0.a0.real_tracker_v1.2310,1026.07,218.68949999999998,0.21313291185502758
2.474,10.58208,0.9227372,0.8843025,a1.0.a0.real_tracker_v1.6457,a1.0.a0.real_tracker_v1.2310,1027.083,249.33576666666667,0.24276083228505815
2.474,10.10302,1.133811,1.095377,a1.0.a0.real_tracker_v1.6457,a1.0.a0.real_tracker_v1.2310,1025.978,191.21016666666665,0.18636849942022854
2.474,9.623956,1.344885,1.306451,a1.0.a0.real_tracker_v1.6457,a1.0.a0.real_tracker_v1.2310,1026.112,205.75626666666668,0.200520085669577
1.955,10.58208,0.9227372,0.8843025,a1.0.a0.real_tracker_v1.6457,a1.0.a0.real_tracker_v1.2310,1026.786,254.48743333333334,0.24784832037543653
1.955,10.10302,1.133811,1.095377,a1.0.a0.real_tracker_v1.6457,a1.0.a0.real_tracker_v1.2310,1027.285,193.29466666666667,0.1881605187519996
1.955,9.623956,1.344885,1.306451,a1.0.a0.real_tracker_v1.6457,a1.0.a0.real_tracker_v1.2310,1026.464,209.70806666666667,0.204301234495737
