x,y,z,rearZ,mattype,rearMat,Wm2Front,Wm2Back,Back/FrontRatio
2.993,10.58208,0.9227372,0.8843025,a1.0.a0.real_tracker_v1.6457,a1.0.a0.real_tracker_v1.2310,0.96319,0.34810959999999996,0.36103838455076276
2.993,10.10302,1.133811,1.095377,a1.0.a0.real_tracker_v1.6457,a1.0.a0.real_tracker_v1.2310,0.9641448,0.28487813333333334,0.29516621063837606
2.993,9.623956,1.344885,1.306451,a1.0.a0.real_tracker_v1.6457,a1.0.a0.real_tracker_v1.2310,0.9632549,0.4297524,0.44568339761612824
2.474,10.58208,0.9227372,0.8843025,a1.0.a0.real_tracker_v1.6457,a1.0.a0.real_tracker_v1.2310,0.96325,0.3437556,0.35650049261083744
2.474,10.10302,1.133811,1.095377,a1.0.a0.real_tracker_v1.6457,a1.0.a0.real_tracker_v1.2310,0.9628812,0.27869649999999996,0.2891398857037568
2.474,9.623956,1.344885,1.306451,a1.0.a0.real_tracker_v1.6457,a1.0.a0.real_tracker_v1.2310,0.9633623,0.42556716666666666,0.44129386504083234
1.955,10.58208,0.9227372,0.8843025,a1.0.a0.real_tracker_v1.6457,a1.0.a0.real_tracker_v1.2310,0.9630531000000001,0.3449807333333334,0.35784412013542966
1.955,10.10302,1.133811,1.095377,a1.0.a0.real_tracker_v1.6457,a1.0.a0.real_tracker_v1.2310,0.9640232000000001,0.28334940000000003,0.2936192622104836
1.955,9.623956,1.344885,1.306451,a1.0.a0.real_tracker_v1.6457,a1.0.a0.real_tracker_v1.2310,0.9634646,0.42210220000000004,0.43765442505614
