x,y,z,rearZ,mattype,rearMat,Wm2Front,Wm2Back,Back/FrontRatio
2.993,10.58208,0.9227372,0.8843025,a1.0.a0.real_tracker_v1.6457,a1.0.a0.real_tracker_v1.2310,240.3452,68.67431666666666,0.2857308194041206
2.993,10.10302,1.133811,1.095377,a1.0.a0.real_tracker_v1.6457,a1.0.a0.real_tracker_v1.2310,240.5291,53.90394,0.2241047586144104
2.993,9.623956,1.344885,1.306451,a1.0.a0.real_tracker_v1.6457,a1.0.a0.real_tracker_v1.2310,240.3029,67.15972333333333,0.27947829116936235
2.474,10.58208,0.9227372,0.8843025,a1.0.a0.real_tracker_v1.6457,a1.0.a0.real_tracker_v1.2310,240.3568,67.50863333333334,0.2808672459696891
2.474,10.10302,1.133811,1.095377,a1.0.a0.real_tracker_v1.6457,a1.0.a0.real_tracker_v1.2310,240.2563,54.209720000000004,0.22563193709410703
2.474,9.623956,1.344885,1.306451,a1.0.a0.real_tracker_v1.6457,a1.0.a0.real_tracker_v1.2310,240.3881,66.9316,0.2784302616050395
1.955,10.58208,0.9227372,0.8843025,a1.0.a0.real_tracker_v1.6457,a1.0.a0.real_tracker_v1.2310,240.59,69.28371,0.28797299150841055
1.955,10.10302,1.133811,1.095377,a1.0.a0.real_tracker_v1.6457,a1.0.a0.real_tracker_v1.2310,240.7934,68.94947,0.28634166741419237
1.955,9.623956,1.344885,1.306451,a1.0.a0.real_tracker_v1.6457,a1.0.a0.real_tracker_v1.2310,240.4704,66.55486666666665,0.276768325325451
