x,y,z,rearZ,mattype,rearMat,Wm2Front,Wm2Back,Back/FrontRatio
2.993,10.58208,0.9227372,0.8843025,a1.0.a0.real_tracker_v1.6457,a1.0.a0.real_tracker_v1.2310,564.5298,159.29569999999998,0.28217362099640975
2.993,10.10302,1.133811,1.095377,a1.0.a0.real_tracker_v1.6457,a1.0.a0.real_tracker_v1.2310,564.9036,124.3956,0.22020638529054287
2.993,9.623956,1.344885,1.306451,a1.0.a0.real_tracker_v1.6457,a1.0.a0.real_tracker_v1.2310,564.5982,141.57473333333334,0.2507526282951399
2.474,10.58208,0.9227372,0.8843025,a1.0.a0.real_tracker_v1.6457,a1.0.a0.real_tracker_v1.2310,564.4857,162.6638,0.2881623251708145
2.474,10.10302,1.133811,1.095377,a1.0.a0.real_tracker_v1.6457,a1.0.a0.real_tracker_v1.2310,564.262,116.7967,0.20698982566640028
2.474,9.623956,1.344885,1.306451,a1.0.a0.real_tracker_v1.6457,a1.0.a0.real_tracker_v1.2310,564.5276,139.49016666666668,0.24709140806447483
1.955,10.58208,0.9227372,0.8843025,a1.0.a0.real_tracker_v1.6457,a1.0.a0.real_tracker_v1.2310,564.8165,153.15063333333333,0.2711506519067368
1.955,10.10302,1.133811,1.095377,a1.0.a0.real_tracker_v1.6457,a1.0.a0.real_tracker_v1.2310,565.2312,114.89576666666666,0.20327179991986777
1.955,9.623956,1.344885,1.306451,a1.0.a0.real_tracker_v1.6457,a1.0.a0.real_tracker_v1.2310,564.5654,136.0769333333333,0.24102910363304178
