x,y,z,rearZ,mattype,rearMat,Wm2Front,Wm2Back,Back/FrontRatio
2.993,10.58208,0.9227372,0.8843025,a1.0.a0.real_tracker_v1.6457,a1.0.a0.real_tracker_v1.2310,29.89858,10.632019999999999,0.35559094810027425
2.993,10.10302,1.133811,1.095377,a1.0.a0.real_tracker_v1.6457,a1.0.a0.real_tracker_v1.2310,29.93608,8.833006333333335,0.2950523676101121
2.993,9.623956,1.344885,1.306451,a1.0.a0.real_tracker_v1.6457,a1.0.a0.real_tracker_v1.2310,29.885949999999998,13.37643,0.447567583845123
2.474,10.58208,0.9227372,0.8843025,a1.0.a0.real_tracker_v1.6457,a1.0.a0.real_tracker_v1.2310,29.8987,10.59781,0.35444536232805013
2.474,10.10302,1.133811,1.095377,a1.0.a0.real_tracker_v1.6457,a1.0.a0.real_tracker_v1.2310,29.88144,8.555330666666668,0.2862996015943366
2.474,9.623956,1.344885,1.306451,a1.0.a0.real_tracker_v1.6457,a1.0.a0.real_tracker_v1.2310,29.882449999999995,13.314226666666665,0.4455384725213008
1.955,10.58208,0.9227372,0.8843025,a1.0.a0.real_tracker_v1.6457,a1.0.a0.real_tracker_v1.2310,29.89852,10.673346666666667,0.3569738466258544
1.955,10.10302,1.133811,1.095377,a1.0.a0.real_tracker_v1.6457,a1.0.a0.real_tracker_v1.2310,29.852189999999997,8.773856333333333,0.29390012703276713
1.955,9.623956,1.344885,1.306451,a1.0.a0.real_tracker_v1.6457,a1.0.a0.real_tracker_v1.2310,29.87875,13.323376666666666,0.44589987087129795
