x,y,z,rearZ,mattype,rearMat,Wm2Front,Wm2Back,Back/FrontRatio
0.04848887,-0.2595,1.480501,1.459001,a2.1.a0.real_tracker_v1.6457,a2.1.a0.real_tracker_v1.2310,810.0565666666666,76.58818333333333,0.09454659333470417
-0.2194871,-0.2595,1.030789,1.009289,a2.1.a0.real_tracker_v1.6457,a2.1.a0.real_tracker_v1.2310,804.4186,49.444050000000004,0.06146549636532975
-0.487463,-0.2595,0.5810764,0.5595769,a2.1.a0.real_tracker_v1.6457,a2.1.a0.real_tracker_v1.2310,798.7097333333332,62.19177666666667,0.07786520710334766
0.04848887,0.0,1.480501,1.459001,a2.1.a0.real_tracker_v1.6457,a2.1.a0.real_tracker_v1.2310,809.9603333333334,76.65046666666667,0.09463472330366388
-0.2194871,0.0,1.030789,1.009289,a2.1.a0.real_tracker_v1.6457,a2.1.a0.real_tracker_v1.2310,804.2352666666666,47.65938666666667,0.059260429605097815
-0.487463,-5.551115e-17,0.5810764,0.5595769,a2.1.a0.real_tracker_v1.6457,a2.1.a0.real_tracker_v1.2310,798.6406333333333,63.07961666666667,0.07898363174905859
0.04848887,0.2595,1.480501,1.459001,a2.1.a0.real_tracker_v1.6457,a2.1.a0.real_tracker_v1.2310,809.8647666666666,77.56187666666666,0.09577127452355993
-0.2194871,0.2595,1.030789,1.009289,a2.1.a0.real_tracker_v1.6457,a2.1.a0.real_tracker_v1.2310,804.0526,60.91356666666667,0.07575809208076013
-0.487463,0.2595,0.5810764,0.5595769,a2.1.a0.real_tracker_v1.6457,a2.1.a0.real_tracker_v1.2310,798.8080333333334,70.09517000000001,0.08774959605489356
