x,y,z,rearZ,mattype,rearMat,Wm2Front,Wm2Back,Back/FrontRatio
0.3378983,-0.2595,1.374507,1.337608,a2.1.a0.real_tracker_v1.6457,a2.1.a0.real_tracker_v1.2310,878.5147333333334,150.85026666666667,0.17171037574284384
-0.1220316,-0.2595,1.124474,1.087574,a2.1.a0.real_tracker_v1.6457,a2.1.a0.real_tracker_v1.2310,877.9682333333334,117.81336666666665,0.13418849111531128
-0.5819615,-0.2595,0.8744404,0.8375406,a2.1.a0.real_tracker_v1.6457,a2.1.a0.real_tracker_v1.2310,877.4315333333334,149.10133333333334,0.16992911439800729
0.3378983,0.0,1.374507,1.337608,a2.1.a0.real_tracker_v1.6457,a2.1.a0.real_tracker_v1.2310,878.6572,151.01239999999999,0.1718670582030646
-0.1220316,-5.551115e-17,1.124474,1.087574,a2.1.a0.real_tracker_v1.6457,a2.1.a0.real_tracker_v1.2310,877.8774333333334,121.31556666666667,0.13819176102325176
-0.5819615,-5.551115e-17,0.8744404,0.8375406,a2.1.a0.real_tracker_v1.6457,a2.1.a0.real_tracker_v1.2310,876.4879666666667,155.6738,0.17761067842306744
0.3378983,0.2595,1.374507,1.337608,a2.1.a0.real_tracker_v1.6457,a2.1.a0.real_tracker_v1.2310,878.7283333333334,151.0521,0.1718983243987151
-0.1220316,0.2595,1.124474,1.087574,a2.1.a0.real_tracker_v1.6457,a2.1.a0.real_tracker_v1.2310,877.7896333333333,142.98093333333333,0.1628872853089987
-0.5819615,0.2595,0.8744404,0.8375406,a2.1.a0.real_tracker_v1.6457,a2.1.a0.real_tracker_v1.2310,876.7464,156.79730000000004,0.17883976616297925
