x,y,z,rearZ,mattype,rearMat,Wm2Front,Wm2Back,Back/FrontRatio
0.5730893,-0.2595,1.004408,0.9639734,a2.1.a0.real_tracker_v1.6457,a2.1.a0.real_tracker_v1.2310,92.52303666666667,14.966653333333333,0.16175962347225734
0.06909548,-0.2595,1.14598,1.105545,a2.1.a0.real_tracker_v1.6457,a2.1.a0.real_tracker_v1.2310,93.63257333333333,11.90406,0.12713452639067638
-0.4348984,-0.2595,1.287551,1.247116,a2.1.a0.real_tracker_v1.6457,a2.1.a0.real_tracker_v1.2310,93.82519333333335,13.957583333333332,0.14875998734965903
0.5730893,0.0,1.004408,0.9639734,a2.1.a0.real_tracker_v1.6457,a2.1.a0.real_tracker_v1.2310,92.59016666666668,14.87623,0.16066575825267707
0.06909548,-5.551115e-17,1.14598,1.105545,a2.1.a0.real_tracker_v1.6457,a2.1.a0.real_tracker_v1.2310,93.60966333333333,11.080986666666666,0.11837312408746595
-0.4348984,-5.551115e-17,1.287551,1.247116,a2.1.a0.real_tracker_v1.6457,a2.1.a0.real_tracker_v1.2310,93.80383666666667,14.008776666666668,0.1493395987292908
0.5730893,0.2595,1.004408,0.9639734,a2.1.a0.real_tracker_v1.6457,a2.1.a0.real_tracker_v1.2310,92.28606,14.81441,0.16052532175150014
0.06909548,0.2595,1.14598,1.105545,a2.1.a0.real_tracker_v1.6457,a2.1.a0.real_tracker_v1.2310,93.58830999999999,11.784946666666665,0.12592193132598867
-0.4348984,0.2595,1.287551,1.247116,a2.1.a0.real_tracker_v1.6457,a2.1.a0.real_tracker_v1.2310,93.78248,14.031653333333333,0.1496175374739062
