x,y,z,rearZ,mattype,rearMat,Wm2Front,Wm2Back,Back/FrontRatio
0.464456,-0.2595,1.251587,1.210374,a2.1.a0.real_tracker_v1.6457,a2.1.a0.real_tracker_v1.2310,855.9534,171.13316666666665,0.19993257428978303
-0.04923312,-0.2595,1.150712,1.109499,a2.1.a0.real_tracker_v1.6457,a2.1.a0.real_tracker_v1.2310,855.8868000000001,140.7766333333333,0.16448024301004557
-0.5629222,-0.2595,1.049837,1.008624,a2.1.a0.real_tracker_v1.6457,a2.1.a0.real_tracker_v1.2310,856.2688666666667,173.504,0.2026277074019032
0.464456,0.0,1.251587,1.210374,a2.1.a0.real_tracker_v1.6457,a2.1.a0.real_tracker_v1.2310,855.8653666666665,169.89200000000002,0.19850295164848755
-0.04923312,-5.551115e-17,1.150712,1.109499,a2.1.a0.real_tracker_v1.6457,a2.1.a0.real_tracker_v1.2310,856.1154666666666,144.17876666666666,0.16841022487049465
-0.5629222,-5.551115e-17,1.049837,1.008624,a2.1.a0.real_tracker_v1.6457,a2.1.a0.real_tracker_v1.2310,856.3736666666667,173.3987,0.20247995036440433
0.464456,0.2595,1.251587,1.210374,a2.1.a0.real_tracker_v1.6457,a2.1.a0.real_tracker_v1.2310,855.7804666666667,174.67573333333334,0.20411254524324823
-0.04923312,0.2595,1.150712,1.109499,a2.1.a0.real_tracker_v1.6457,a2.1.a0.real_tracker_v1.2310,856.1154666666666,166.05610000000001,0.19396438039154645
-0.5629222,0.2595,1.049837,1.008624,a2.1.a0.real_tracker_v1.6457,a2.1.a0.real_tracker_v1.2310,856.4811999999998,173.86530000000002,0.2029993151054395
