x,y,z,rearZ,mattype,rearMat,Wm2Front,Wm2Back,Back/FrontRatio
0.5254905,-0.2595,1.151381,1.109382,a2.1.a0.real_tracker_v1.6457,a2.1.a0.real_tracker_v1.2310,0.9874119,0.2408631333333333,0.243687002689196
0.002006672,-0.2595,1.155492,1.113493,a2.1.a0.real_tracker_v1.6457,a2.1.a0.real_tracker_v1.2310,0.9874111,0.2036486333333333,0.20603636820077526
-0.5214772,-0.2595,1.159604,1.117605,a2.1.a0.real_tracker_v1.6457,a2.1.a0.real_tracker_v1.2310,0.9874108,0.24282623333333334,0.2456733914009573
0.5254905,0.0,1.151381,1.109382,a2.1.a0.real_tracker_v1.6457,a2.1.a0.real_tracker_v1.2310,0.9874114,0.23995456666666667,0.2427679068317774
0.002006672,-5.551115e-17,1.155492,1.113493,a2.1.a0.real_tracker_v1.6457,a2.1.a0.real_tracker_v1.2310,0.9874112,0.18576020000000001,0.18793817795670467
-0.5214772,-5.551115e-17,1.159604,1.117605,a2.1.a0.real_tracker_v1.6457,a2.1.a0.real_tracker_v1.2310,0.9874110000000001,0.2406964,0.2435185363173821
0.5254905,0.2595,1.151381,1.109382,a2.1.a0.real_tracker_v1.6457,a2.1.a0.real_tracker_v1.2310,0.9874115,0.2397992,0.24261069402774046
0.002006672,0.2595,1.155492,1.113493,a2.1.a0.real_tracker_v1.6457,a2.1.a0.real_tracker_v1.2310,0.9874113000000001,0.2032679333333333,0.20565116296559263
-0.5214772,0.2595,1.159604,1.117605,a2.1.a0.real_tracker_v1.6457,a2.1.a0.real_tracker_v1.2310,0.9874111,0.24210299999999998,0.24494160375171828
