x,y,z,rearZ,mattype,rearMat,Wm2Front,Wm2Back,Back/FrontRatio
2.993,6.7235,1.1555,1.1135,a1.0.a0.real_tracker_v1.6457,a1.0.a0.real_tracker_v1.2310,0.9882494999999999,0.36427539999999997,0.36823410069957074
2.993,6.2,1.1555,1.1135,a1.0.a0.real_tracker_v1.6457,a1.0.a0.real_tracker_v1.2310,0.9882504,0.27840276666666663,0.28142800515083605
2.993,5.6765,1.1555,1.1135,a1.0.a0.real_tracker_v1.6457,a1.0.a0.real_tracker_v1.2310,0.9882510999999999,0.35724130000000004,0.3611229747432174
2.474,6.7235,1.1555,1.1135,a1.0.a0.real_tracker_v1.6457,a1.0.a0.real_tracker_v1.2310,0.9882494999999999,0.35654933333333333,0.36042407232284007
2.474,6.2,1.1555,1.1135,a1.0.a0.real_tracker_v1.6457,a1.0.a0.real_tracker_v1.2310,0.9882503000000001,0.2697269666666667,0.2726579579168858
2.474,5.6765,1.1555,1.1135,a1.0.a0.real_tracker_v1.6457,a1.0.a0.real_tracker_v1.2310,0.9882509,0.35270343333333337,0.3565358730867299
1.955,6.7235,1.1555,1.1135,a1.0.a0.real_tracker_v1.6457,a1.0.a0.real_tracker_v1.2310,0.9882491999999999,0.35860686666666663,0.36250407548135155
1.955,6.2,1.1555,1.1135,a1.0.a0.real_tracker_v1.6457,a1.0.a0.real_tracker_v1.2310,0.9882499,0.27478816666666667,0.27777426782319276
1.955,5.6765,1.1555,1.1135,a1.0.a0.real_tracker_v1.6457,a1.0.a0.real_tracker_v1.2310,0.9882506000000001,0.3529195666666667,0.35675446309223025
