x,y,z,rearZ,mattype,rearMat,Wm2Front,Wm2Back,Back/FrontRatio
0.5235,-0.2595,1.1555,1.1135,a2.1.a0.real_tracker_v1.6457,a2.1.a0.real_tracker_v1.2310,8045.670174033334,1794.0861337333333,0.2229877526592911
0.0,-0.25950000000000006,1.1555,1.1135,a2.1.a0.real_tracker_v1.6457,a2.1.a0.real_tracker_v1.2310,8052.170166866666,1361.4504527999998,0.16907867761208803
-0.5235,-0.25950000000000006,1.1555,1.1135,a2.1.a0.real_tracker_v1.6457,a2.1.a0.real_tracker_v1.2310,8149.8495010666675,1806.7554689333338,0.2216918541876151
0.5235,0.0,1.1555,1.1135,a2.1.a0.real_tracker_v1.6457,a2.1.a0.real_tracker_v1.2310,8135.4568235,1808.7200682,0.2223255417753319
-1.588979221893691e-17,-5.551115123125783e-17,1.1555,1.1135,a2.1.a0.real_tracker_v1.6457,a2.1.a0.real_tracker_v1.2310,8144.266178533334,1373.8470105666665,0.1686888433851794
-0.5235,-5.551115123125783e-17,1.1555,1.1135,a2.1.a0.real_tracker_v1.6457,a2.1.a0.real_tracker_v1.2310,8149.783257133335,1820.5656175333336,0.22338819778447885
0.5235,0.2595,1.1555,1.1135,a2.1.a0.real_tracker_v1.6457,a2.1.a0.real_tracker_v1.2310,8136.557805199999,1829.6228644,0.22486445538016697
-3.177958443787382e-17,0.25949999999999995,1.1555,1.1135,a2.1.a0.real_tracker_v1.6457,a2.1.a0.real_tracker_v1.2310,8139.220388366666,1555.1983986333335,0.19107459109739514
-0.5235,0.25949999999999995,1.1555,1.1135,a2.1.a0.real_tracker_v1.6457,a2.1.a0.real_tracker_v1.2310,8147.775511433333,1843.8426234666667,0.2263000980548868
