x,y,z,rearZ,mattype,rearMat,Wm2Front,Wm2Back,Back/FrontRatio
0.5235,-0.2595,2.2555,2.2135,a2.1.a0.real_tracker_v1.6457,a2.1.a0.real_tracker_v1.2310,8044.656016666668,2466.1632159,0.30655914985445376
0.0,-0.25950000000000006,2.2555,2.2135,a2.1.a0.real_tracker_v1.6457,a2.1.a0.real_tracker_v1.2310,8053.581934333333,1963.9450128333333,0.24385978624008625
-0.5235,-0.25950000000000006,2.2555,2.2135,a2.1.a0.real_tracker_v1.6457,a2.1.a0.real_tracker_v1.2310,8052.731704133334,2499.0826463,0.31033969934420674
0.5235,0.0,2.2555,2.2135,a2.1.a0.real_tracker_v1.6457,a2.1.a0.real_tracker_v1.2310,8044.9725271666675,2472.6212840666667,0.30734983474053656
-1.588979221893691e-17,-5.551115123125783e-17,2.2555,2.2135,a2.1.a0.real_tracker_v1.6457,a2.1.a0.real_tracker_v1.2310,8051.043913633333,1964.4858374,0.24400383533737519
-0.5235,-5.551115123125783e-17,2.2555,2.2135,a2.1.a0.real_tracker_v1.6457,a2.1.a0.real_tracker_v1.2310,8052.9809002,2493.9935597999997,0.3096981454457336
0.5235,0.2595,2.2555,2.2135,a2.1.a0.real_tracker_v1.6457,a2.1.a0.real_tracker_v1.2310,8044.4230798,2482.7420611,0.3086289380658467
-3.177958443787382e-17,0.25949999999999995,2.2555,2.2135,a2.1.a0.real_tracker_v1.6457,a2.1.a0.real_tracker_v1.2310,8054.5174197999995,2138.674359466667,0.26552479589708006
-0.5235,0.25949999999999995,2.2555,2.2135,a2.1.a0.real_tracker_v1.6457,a2.1.a0.real_tracker_v1.2310,8052.163156366667,2504.437071466667,0.3110265790453942
