x,y,z,rearZ,mattype,rearMat,Wm2Front,Wm2Back,Back/FrontRatio
0.8945152,-0.519,0.2569972,0.225285,a2.1.a0.real_tracker_v2.6457,a2.1.a0.real_tracker_v2.2310,849.9289666666667,31.349970000000003,0.03688535671115491
0.06622204,-0.519,0.9762604,0.9445481,a2.1.tube1.6457,a2.1.tube1.6457,842.0511666666666,0.00011364363333333334,1.34960324112936e-07
-0.7620711,-0.519,1.695524,1.663811,a2.1.a1.real_tracker_v2.6457,a2.1.a1.real_tracker_v2.2310,867.4833333333332,115.06763333333333,0.1326452005089045
0.8945152,0.0,0.2569972,0.225285,a2.1.a0.real_tracker_v2.6457,a2.1.a0.real_tracker_v2.2310,849.6412666666666,30.996103333333334,0.0364813575658587
0.06622204,0.0,0.9762604,0.9445481,a2.1.tube1.6457,a2.1.tube1.6457,839.9036,0.007787204666666668,9.271534727475797e-06
-0.7620711,-1.110223e-16,1.695524,1.663811,a2.1.a1.real_tracker_v2.6457,a2.1.a1.real_tracker_v2.2310,867.8846333333332,115.71486666666668,0.13332962572756807
0.8945152,0.519,0.2569972,0.225285,a2.1.a0.real_tracker_v2.6457,a2.1.a0.real_tracker_v2.2310,849.8602666666667,48.011030000000005,0.05649278521459072
0.06622204,0.519,0.9762604,0.9445481,a2.1.tube1.6457,a2.1.tube1.6457,841.1031666666667,0.0007735738999999999,9.197123622222772e-07
-0.7620711,0.519,1.695524,1.663811,a2.1.a1.real_tracker_v2.6457,a2.1.a1.real_tracker_v2.2310,865.4078,121.61236666666667,0.14052591869491815
