x,y,z,rearZ,mattype,rearMat,Wm2Front,Wm2Back,Back/FrontRatio
1.073233,-0.519,0.6514422,0.6115664,a2.1.a0.real_tracker_v2.6457,a2.1.a0.real_tracker_v2.2310,627.0537333333333,34.82815333333333,0.05554244547073563
0.03171324,-0.519,0.995892,0.9560161,a2.1.tube1.6457,a2.1.tube1.6457,631.9739000000001,0.003700621333333333,5.855646060204816e-06
-1.009807,-0.519,1.340342,1.300466,a2.1.a1.real_tracker_v2.6457,a2.1.a1.real_tracker_v2.2310,645.4229666666666,55.92118666666667,0.08664256295822917
1.073233,0.0,0.6514422,0.6115664,a2.1.a0.real_tracker_v2.6457,a2.1.a0.real_tracker_v2.2310,625.9604666666668,36.05146,0.057593736866869964
0.03171324,-1.110223e-16,0.995892,0.9560161,a2.1.tube1.6457,a2.1.tube1.6457,631.9547333333334,0.0034664446666666667,5.4852650016836625e-06
-1.009807,-1.110223e-16,1.340342,1.300466,a2.1.a1.real_tracker_v2.6457,a2.1.a1.real_tracker_v2.2310,645.2467,60.334556666666664,0.09350603910198621
1.073233,0.519,0.6514422,0.6115664,a2.1.a0.real_tracker_v2.6457,a2.1.a0.real_tracker_v2.2310,626.0069666666667,63.22596333333333,0.10099865608739057
0.03171324,0.519,0.995892,0.9560161,a2.1.tube1.6457,a2.1.tube1.6457,632.5670666666666,0.12144809999999999,0.0001919921450350376
-1.009807,0.519,1.340342,1.300466,a2.1.a1.real_tracker_v2.6457,a2.1.a1.real_tracker_v2.2310,644.9964,64.99307666666667,0.10076486613227692
