x,y,z,rearZ,mattype,rearMat,Wm2Front,Wm2Back,Back/FrontRatio
0.9155487,-0.519,1.512683,1.475783,a2.1.a0.real_tracker_v2.6457,a2.1.a0.real_tracker_v2.2310,871.5015666666667,130.67946666666666,0.14994731130453354
-0.0482395,-0.519,0.9887353,0.9518355,a2.1.tube1.6457,a2.1.tube1.6457,853.6715333333333,0.0006673327333333334,7.817198132492336e-07
-1.012028,-0.519,0.4647874,0.4278876,a2.1.a1.real_tracker_v2.6457,a2.1.a1.real_tracker_v2.2310,857.8230666666667,43.437983333333335,0.05063740342716739
0.9155487,0.0,1.512683,1.475783,a2.1.a0.real_tracker_v2.6457,a2.1.a0.real_tracker_v2.2310,871.6893,137.82989999999998,0.15811796919158097
-0.0482395,-1.110223e-16,0.9887353,0.9518355,a2.1.tube1.6457,a2.1.tube1.6457,855.0096333333332,5.1793566666666665e-05,6.057651758638948e-08
-1.012028,-1.110223e-16,0.4647874,0.4278876,a2.1.a1.real_tracker_v2.6457,a2.1.a1.real_tracker_v2.2310,858.5447666666668,43.25440666666666,0.05038101443864009
0.9155487,0.519,1.512683,1.475783,a2.1.a0.real_tracker_v2.6457,a2.1.a0.real_tracker_v2.2310,871.8309,135.2934,0.1551828970699512
-0.0482395,0.519,0.9887353,0.9518355,a2.1.tube1.6457,a2.1.tube1.6457,855.3053,4.140070333333333e-06,4.8404534531469404e-09
-1.012028,0.519,0.4647874,0.4278876,a2.1.a1.real_tracker_v2.6457,a2.1.a1.real_tracker_v2.2310,857.0327333333333,90.64222666666666,0.10576272921501495
