x,y,z,rearZ,mattype,rearMat,Wm2Front,Wm2Back,Back/FrontRatio
1.099102,-0.519,0.8252702,0.7838047,a2.1.a0.real_tracker_v2.6457,a2.1.a0.real_tracker_v2.2310,321.0558666666667,31.996773333333334,0.09966076622355374
0.01606099,-0.519,0.9997148,0.9582492,a2.1.tube1.6457,a2.1.tube1.6457,311.4129666666667,0.017562503333333333,5.639600407560397e-05
-1.06698,-0.519,1.174159,1.132694,a2.1.a1.real_tracker_v2.6457,a2.1.a1.real_tracker_v2.2310,327.815,35.50667333333333,0.10831281369223386
1.099102,0.0,0.8252702,0.7838047,a2.1.a0.real_tracker_v2.6457,a2.1.a0.real_tracker_v2.2310,321.75303333333335,38.16720333333333,0.11862229958060096
0.01606099,-1.110223e-16,0.9997148,0.9582492,a2.1.tube1.6457,a2.1.tube1.6457,313.1122,0.0020560110000000004,6.566350444503779e-06
-1.06698,-1.110223e-16,1.174159,1.132694,a2.1.a1.real_tracker_v2.6457,a2.1.a1.real_tracker_v2.2310,327.5864666666667,37.976593333333334,0.11592810225543834
1.099102,0.519,0.8252702,0.7838047,a2.1.a0.real_tracker_v2.6457,a2.1.a0.real_tracker_v2.2310,321.7714,44.081093333333335,0.1369946376175624
0.01606099,0.519,0.9997148,0.9582492,a2.1.tube1.6457,a2.1.tube1.6457,311.18766666666664,9.957809333333333e-05,3.199926732550243e-07
-1.06698,0.519,1.174159,1.132694,a2.1.a1.real_tracker_v2.6457,a2.1.a1.real_tracker_v2.2310,327.54643333333337,42.235686666666666,0.12894525301831603
