x,y,z,rearZ,mattype,rearMat,Wm2Front,Wm2Back,Back/FrontRatio
1.100941,-0.519,0.939222,0.8972883,a2.1.a0.real_tracker_v2.6457,a2.1.a0.real_tracker_v2.2310,67.44455666666666,12.545256666666667,0.18600568053235236
0.005673172,-0.519,1.000841,0.9589069,a2.1.tube1.6457,a2.1.tube1.6457,50.04725,9.355196666666667e-07,1.869235521055515e-08
-1.089595,-0.519,1.062459,1.020525,a2.1.a1.real_tracker_v2.6457,a2.1.a1.real_tracker_v2.2310,67.42532666666666,10.949836666666668,0.16239705183405612
1.100941,0.0,0.939222,0.8972883,a2.1.a0.real_tracker_v2.6457,a2.1.a0.real_tracker_v2.2310,67.48612333333334,12.84963,0.19040121085815034
0.005673172,-1.110223e-16,1.000841,0.9589069,a2.1.tube1.6457,a2.1.tube1.6457,50.079213333333335,0.00020262056666666664,4.04592059778233e-06
-1.089595,-1.110223e-16,1.062459,1.020525,a2.1.a1.real_tracker_v2.6457,a2.1.a1.real_tracker_v2.2310,67.46399,10.937823333333334,0.16212591646916918
1.100941,0.519,0.939222,0.8972883,a2.1.a0.real_tracker_v2.6457,a2.1.a0.real_tracker_v2.2310,67.52667000000001,13.593413333333332,0.20130138257892402
0.005673172,0.519,1.000841,0.9589069,a2.1.tube1.6457,a2.1.tube1.6457,41.5683,0.025127073333333333,0.0006044622674265223
-1.089595,0.519,1.062459,1.020525,a2.1.a1.real_tracker_v2.6457,a2.1.a1.real_tracker_v2.2310,67.50191666666666,11.18494,0.16569565512601306
