x,y,z,rearZ,mattype,rearMat,Wm2Front,Wm2Back,Back/FrontRatio
1.101172,-0.519,0.8679018,0.8262086,a2.1.a0.real_tracker_v2.6457,a2.1.a0.real_tracker_v2.2310,854.5389,106.21616666666667,0.12429632211049088
0.01218632,-0.519,1.000262,0.958569,a2.1.tube1.6457,a2.1.tube1.6457,845.6120666666667,0.0008129642,9.613903001814226e-07
-1.076799,-0.519,1.132622,1.090929,a2.1.a1.real_tracker_v2.6457,a2.1.a1.real_tracker_v2.2310,856.0047666666666,135.12313333333336,0.15785306430762758
1.101172,0.0,0.8679018,0.8262086,a2.1.a0.real_tracker_v2.6457,a2.1.a0.real_tracker_v2.2310,854.6844000000001,122.89320000000002,0.14378764396817825
0.01218632,-1.110223e-16,1.000262,0.958569,a2.1.tube1.6457,a2.1.tube1.6457,845.7449,0.0003332982333333334,3.940879090674083e-07
-1.076799,-1.110223e-16,1.132622,1.090929,a2.1.a1.real_tracker_v2.6457,a2.1.a1.real_tracker_v2.2310,855.9427666666667,161.01376666666667,0.18811255240949826
1.101172,0.519,0.8679018,0.8262086,a2.1.a0.real_tracker_v2.6457,a2.1.a0.real_tracker_v2.2310,854.4257666666667,171.13846666666666,0.20029623759836174
0.01218632,0.519,1.000262,0.958569,a2.1.tube1.6457,a2.1.tube1.6457,845.9212333333334,2.8263843333333336e-05,3.341186957808218e-08
-1.076799,0.519,1.132622,1.090929,a2.1.a1.real_tracker_v2.6457,a2.1.a1.real_tracker_v2.2310,855.8826,174.75639999999999,0.20418243789225543
