x,y,z,rearZ,mattype,rearMat,Wm2Front,Wm2Back,Back/FrontRatio
1.097157,-0.519,0.9992767,0.9572768,a2.1.a0.real_tracker_v2.6457,a2.1.a0.real_tracker_v2.2310,0.9876577000000001,0.20308646666666666,0.2054163606541138
0.0001586504,-0.519,1.001,0.9589999,a2.1.tube1.6457,a2.1.tube1.6457,0.9876649,3.616134666666667e-05,3.657593858815729e-05
-1.09684,-0.519,1.002723,0.9607231,a2.1.a1.real_tracker_v2.6457,a2.1.a1.real_tracker_v2.2310,0.9876643,0.2052217666666667,0.20757477200973745
1.097157,0.0,0.9992767,0.9572768,a2.1.a0.real_tracker_v2.6457,a2.1.a0.real_tracker_v2.2310,0.9876655,0.1963736,0.19862491408873884
0.0001586504,-1.110223e-16,1.001,0.9589999,a2.1.tube1.6457,a2.1.tube1.6457,0.9876649,4.3627313333333334e-05,4.4127502992503666e-05
-1.09684,-1.110223e-16,1.002723,0.9607231,a2.1.a1.real_tracker_v2.6457,a2.1.a1.real_tracker_v2.2310,0.9876641999999999,0.19828700000000002,0.20056051387316345
1.097157,0.519,0.9992767,0.9572768,a2.1.a0.real_tracker_v2.6457,a2.1.a0.real_tracker_v2.2310,0.9876654,0.20330136666666665,0.20563212454554053
0.0001586504,0.519,1.001,0.9589999,a2.1.tube1.6457,a2.1.tube1.6457,0.9876648,4.357323333333333e-05,4.407280742000052e-05
-1.09684,0.519,1.002723,0.9607231,a2.1.a1.real_tracker_v2.6457,a2.1.a1.real_tracker_v2.2310,0.9876641999999999,0.20405613333333336,0.2063957947838441
