x,y,z,rearZ,mattype,rearMat,Wm2Front,Wm2Back,Back/FrontRatio
1.074091,-0.519,1.144823,1.10319,a2.1.a0.real_tracker_v2.6457,a2.1.a0.real_tracker_v2.2310,267.1769,28.998576666666665,0.10853658430082229
-0.01332295,-0.519,1.000117,0.9584844,a2.1.tube1.6457,a2.1.tube1.6457,267.2154,8.843858e-05,3.3096239602060355e-07
-1.100737,-0.519,0.8554117,0.8137787,a2.1.a1.real_tracker_v2.6457,a2.1.a1.real_tracker_v2.2310,262.7446,27.249036666666665,0.10370882201896689
1.074091,0.0,1.144823,1.10319,a2.1.a0.real_tracker_v2.6457,a2.1.a0.real_tracker_v2.2310,267.1616,30.16261,0.11289982205593148
-0.01332295,-1.110223e-16,1.000117,0.9584844,a2.1.tube1.6457,a2.1.tube1.6457,267.2035,0.002465978666666667,9.2288066505866e-06
-1.100737,-1.110223e-16,0.8554117,0.8137787,a2.1.a1.real_tracker_v2.6457,a2.1.a1.real_tracker_v2.2310,262.65363333333335,32.469539999999995,0.12362066333241915
1.074091,0.519,1.144823,1.10319,a2.1.a0.real_tracker_v2.6457,a2.1.a0.real_tracker_v2.2310,267.1497,34.90153333333333,0.13064361550740214
-0.01332295,0.519,1.000117,0.9584844,a2.1.tube1.6457,a2.1.tube1.6457,251.0217,0.019107156666666666,7.61172462357654e-05
-1.100737,0.519,0.8554117,0.8137787,a2.1.a1.real_tracker_v2.6457,a2.1.a1.real_tracker_v2.2310,262.5488,36.92634666666667,0.14064511443797204
