x,y,z,rearZ,mattype,rearMat,Wm2Front,Wm2Back,Back/FrontRatio
1.039667,-0.519,0.5357171,0.4975201,a2.1.a0.real_tracker_v2.6457,a2.1.a0.real_tracker_v2.2310,856.7550666666666,46.21075333333332,0.05393688487450453
0.04199627,-0.519,0.9918548,0.9536578,a2.1.tube1.6457,a2.1.tube1.6457,853.3721999999999,0.002975733333333333,3.4870245905699095e-06
-0.9556747,-0.519,1.447993,1.409795,a2.1.a1.real_tracker_v2.6457,a2.1.a1.real_tracker_v2.2310,867.5308,133.88660000000002,0.1543304810267474
1.039667,0.0,0.5357171,0.4975201,a2.1.a0.real_tracker_v2.6457,a2.1.a0.real_tracker_v2.2310,855.5765000000001,47.77703333333333,0.05584185340700676
0.04199627,-1.110223e-16,0.9918548,0.9536578,a2.1.tube1.6457,a2.1.tube1.6457,851.8136333333333,0.008368115333333334,9.8238689567789e-06
-0.9556747,-1.110223e-16,1.447993,1.409795,a2.1.a1.real_tracker_v2.6457,a2.1.a1.real_tracker_v2.2310,867.0161666666667,138.29013333333333,0.15950103256317685
1.039667,0.519,0.5357171,0.4975201,a2.1.a0.real_tracker_v2.6457,a2.1.a0.real_tracker_v2.2310,856.1958,105.10883333333334,0.12276246925161756
0.04199627,0.519,0.9918548,0.9536578,a2.1.tube1.6457,a2.1.tube1.6457,852.7022666666667,0.1626221,0.00019071358860358535
-0.9556747,0.519,1.447993,1.409795,a2.1.a1.real_tracker_v2.6457,a2.1.a1.real_tracker_v2.2310,867.5717666666666,141.64813333333333,0.1632694556302924
