x,y,z,rearZ,mattype,rearMat,Wm2Front,Wm2Back,Back/FrontRatio
1.056979,-0.519,1.210492,1.169279,a2.1.a0.real_tracker_v2.6457,a2.1.a0.real_tracker_v2.2310,856.7039666666666,140.01919999999998,0.16343922989590853
-0.01946202,-0.519,0.9991072,0.9578943,a2.1.tube1.6457,a2.1.tube1.6457,845.728,0.005738253999999999,6.784979585659236e-06
-1.095903,-0.519,0.7877227,0.7465098,a2.1.a1.real_tracker_v2.6457,a2.1.a1.real_tracker_v2.2310,852.5559999999999,89.44807333333334,0.10491741119166619
1.056979,0.0,1.210492,1.169279,a2.1.a0.real_tracker_v2.6457,a2.1.a0.real_tracker_v2.2310,856.7332,156.73406666666668,0.18294363253698367
-0.01946202,-1.110223e-16,0.9991072,0.9578943,a2.1.tube1.6457,a2.1.tube1.6457,845.6792666666666,0.00042067806666666667,4.974433994124178e-07
-1.095903,-1.110223e-16,0.7877227,0.7465098,a2.1.a1.real_tracker_v2.6457,a2.1.a1.real_tracker_v2.2310,852.0539666666667,102.8202,0.12067320070000179
1.056979,0.519,1.210492,1.169279,a2.1.a0.real_tracker_v2.6457,a2.1.a0.real_tracker_v2.2310,856.9427333333333,168.97753333333333,0.19718626411566811
-0.01946202,0.519,0.9991072,0.9578943,a2.1.tube1.6457,a2.1.tube1.6457,845.6734333333334,1.601678e-05,1.893965262360815e-08
-1.095903,0.519,0.7877227,0.7465098,a2.1.a1.real_tracker_v2.6457,a2.1.a1.real_tracker_v2.2310,852.3203,160.01986666666667,0.1877459435387414
