x,y,z,rearZ,mattype,rearMat,Wm2Front,Wm2Back,Back/FrontRatio
1.029907,-0.519,1.291026,1.25056,a2.1.a0.real_tracker_v2.6457,a2.1.a0.real_tracker_v2.2310,587.6421666666666,49.12816333333333,0.08360203286631712
-0.02704203,-0.519,0.9973125,0.9568459,a2.1.tube1.6457,a2.1.tube1.6457,576.8566666666667,0.0009906121,1.7172556719652968e-06
-1.083991,-0.519,0.7035986,0.663132,a2.1.a1.real_tracker_v2.6457,a2.1.a1.real_tracker_v2.2310,572.7250666666667,30.508996666666665,0.0532697888961692
1.029907,0.0,1.291026,1.25056,a2.1.a0.real_tracker_v2.6457,a2.1.a0.real_tracker_v2.2310,587.5431666666666,53.70408,0.09140432846892363
-0.02704203,-1.110223e-16,0.9973125,0.9568459,a2.1.tube1.6457,a2.1.tube1.6457,576.7577666666667,0.02467432333333333,4.278101133327665e-05
-1.083991,-1.110223e-16,0.7035986,0.663132,a2.1.a1.real_tracker_v2.6457,a2.1.a1.real_tracker_v2.2310,572.2617999999999,36.79305333333333,0.06429398055112676
1.029907,0.519,1.291026,1.25056,a2.1.a0.real_tracker_v2.6457,a2.1.a0.real_tracker_v2.2310,587.8273,57.945766666666664,0.09857600708687667
-0.02704203,0.519,0.9973125,0.9568459,a2.1.tube1.6457,a2.1.tube1.6457,586.9555666666666,1.3065033333333333,0.002225894397524133
-1.083991,0.519,0.7035986,0.663132,a2.1.a1.real_tracker_v2.6457,a2.1.a1.real_tracker_v2.2310,572.4416666666666,58.428920000000005,0.10206947071264198
