x,y,z,rearZ,mattype,rearMat,Wm2Front,Wm2Back,Back/FrontRatio
0.5234999999999997,-3.1315,1.1555,1.1135,a0.1.a0.real_tracker_v1.6457,a0.1.a0.real_tracker_v1.2310,8069.884227533334,2023.637903166667,0.25076414919288986
-2.220446049250313e-16,-3.1315,1.1555,1.1135,a0.1.a0.real_tracker_v1.6457,a0.1.a0.real_tracker_v1.2310,8075.124697333333,1515.8529135666665,0.1877188009676741
-0.5235000000000002,-3.1315,1.1555,1.1135,a0.1.a0.real_tracker_v1.6457,a0.1.a0.real_tracker_v1.2310,8076.780214299999,2030.6148890333332,0.25141387827097694
0.5234999999999997,-2.872,1.1555,1.1135,a0.1.a0.real_tracker_v1.6457,a0.1.a0.real_tracker_v1.2310,8066.312496733332,1983.4228941,0.24588963656114277
-2.3793439714396824e-16,-2.872,1.1555,1.1135,a0.1.a0.real_tracker_v1.6457,a0.1.a0.real_tracker_v1.2310,8071.699850466666,1472.5857555,0.18243809858424848
-0.5235000000000002,-2.872,1.1555,1.1135,a0.1.a0.real_tracker_v1.6457,a0.1.a0.real_tracker_v1.2310,8073.245327433333,1990.9665083666666,0.2466128775981049
0.5234999999999997,-2.6125,1.1555,1.1135,a0.1.a0.real_tracker_v1.6457,a0.1.a0.real_tracker_v1.2310,8058.2414132,1951.4430696333334,0.24216733247398023
-2.538241893629051e-16,-2.6125,1.1555,1.1135,a0.1.a0.real_tracker_v1.6457,a0.1.a0.real_tracker_v1.2310,8067.4655668333335,1625.1551754333334,0.20144554203851436
-0.5235000000000002,-2.6125,1.1555,1.1135,a0.1.a0.real_tracker_v1.6457,a0.1.a0.real_tracker_v1.2310,8070.541837233335,1959.6572824,0.24281604371878787
