x,y,z,rearZ,mattype,rearMat,Wm2Front,Wm2Back,Back/FrontRatio
2.993,6.782079,0.9227372,0.8843025,a1.0.a0.real_tracker_v1.6457,a1.0.a0.real_tracker_v1.2310,748.5886333333334,183.6918333333333,0.24538388611579753
2.993,6.303017,1.133811,1.095377,a1.0.a0.real_tracker_v1.6457,a1.0.a0.real_tracker_v1.2310,748.9865,136.689,0.18249837280328443
2.993,5.823956,1.344885,1.306451,a1.0.a0.real_tracker_v1.6457,a1.0.a0.real_tracker_v1.2310,748.6730000000001,151.54330000000002,0.20241560412142
2.474,6.782079,0.9227372,0.8843025,a1.0.a0.real_tracker_v1.6457,a1.0.a0.real_tracker_v1.2310,748.6864333333333,197.49893333333333,0.263793573312726
2.474,6.303017,1.133811,1.095377,a1.0.a0.real_tracker_v1.6457,a1.0.a0.real_tracker_v1.2310,748.5624000000001,138.1581666666667,0.18456441587535094
2.474,5.823956,1.344885,1.306451,a1.0.a0.real_tracker_v1.6457,a1.0.a0.real_tracker_v1.2310,748.743,154.47543333333334,0.206312749528989
1.955,6.782079,0.9227372,0.8843025,a1.0.a0.real_tracker_v1.6457,a1.0.a0.real_tracker_v1.2310,748.9362,204.24563333333333,0.2727139649804194
1.955,6.303017,1.133811,1.095377,a1.0.a0.real_tracker_v1.6457,a1.0.a0.real_tracker_v1.2310,749.1808,141.9159,0.1894278531592732
1.955,5.823956,1.344885,1.306451,a1.0.a0.real_tracker_v1.6457,a1.0.a0.real_tracker_v1.2310,748.8831999999999,153.63253333333333,0.2051485841647258
