x,y,z,rearZ,mattype,rearMat,Wm2Front,Wm2Back,Back/FrontRatio
2.993,6.782079,0.9227372,0.8843025,a1.0.a0.real_tracker_v1.6457,a1.0.a0.real_tracker_v1.2310,949.5892,257.7849,0.27146962974133476
2.993,6.303017,1.133811,1.095377,a1.0.a0.real_tracker_v1.6457,a1.0.a0.real_tracker_v1.2310,949.9453,180.81663333333333,0.1903440576939279
2.993,5.823956,1.344885,1.306451,a1.0.a0.real_tracker_v1.6457,a1.0.a0.real_tracker_v1.2310,950.2025,201.77956666666668,0.2123540553856797
2.474,6.782079,0.9227372,0.8843025,a1.0.a0.real_tracker_v1.6457,a1.0.a0.real_tracker_v1.2310,949.6459,234.40016666666665,0.246828759896617
2.474,6.303017,1.133811,1.095377,a1.0.a0.real_tracker_v1.6457,a1.0.a0.real_tracker_v1.2310,949.9819000000001,173.33346666666668,0.1824595649739239
2.474,5.823956,1.344885,1.306451,a1.0.a0.real_tracker_v1.6457,a1.0.a0.real_tracker_v1.2310,950.2084,186.49323333333334,0.19626540563936049
1.955,6.782079,0.9227372,0.8843025,a1.0.a0.real_tracker_v1.6457,a1.0.a0.real_tracker_v1.2310,949.2642,230.03006666666667,0.24232434378366202
1.955,6.303017,1.133811,1.095377,a1.0.a0.real_tracker_v1.6457,a1.0.a0.real_tracker_v1.2310,949.5967,166.84293333333335,0.17569854406064098
1.955,5.823956,1.344885,1.306451,a1.0.a0.real_tracker_v1.6457,a1.0.a0.real_tracker_v1.2310,949.2797,179.7005,0.18930175236892524
