x,y,z,rearZ,mattype,rearMat,Wm2Front,Wm2Back,Back/FrontRatio
6.622583,4.0485,0.4990563,0.4843545,a5.0.a0.real_tracker_v1.6457,a5.0.a0.real_tracker_v1.2310,594.9873000000001,77.01679333333333,0.12944253413610537
6.439335,4.0485,0.9894362,0.9747344,a5.0.a0.real_tracker_v1.6457,a5.0.a0.real_tracker_v1.2310,596.0857666666667,59.56133333333333,0.0999205764395709
6.256087,4.0485,1.479816,1.465114,a5.0.a0.real_tracker_v1.6457,a5.0.a0.real_tracker_v1.2310,596.2451333333333,99.27229999999999,0.16649550319934986
6.622583,4.308,0.4990563,0.4843545,a5.0.a0.real_tracker_v1.6457,a5.0.a0.real_tracker_v1.2310,595.2109333333333,79.34879,0.13331182652139928
6.439335,4.308,0.9894362,0.9747344,a5.0.a0.real_tracker_v1.6457,a5.0.a0.real_tracker_v1.2310,596.0515666666666,60.61280333333334,0.10169036545266674
6.256087,4.308,1.479816,1.465114,a5.0.a0.real_tracker_v1.6457,a5.0.a0.real_tracker_v1.2310,596.2824999999999,102.3216,0.17159891226237187
6.622583,4.5675,0.4990563,0.4843545,a5.0.a0.real_tracker_v1.6457,a5.0.a0.real_tracker_v1.2310,594.8351000000001,89.69741666666668,0.15079349869092792
6.439335,4.5675,0.9894362,0.9747344,a5.0.a0.real_tracker_v1.6457,a5.0.a0.real_tracker_v1.2310,595.8807666666667,72.91402666666666,0.12236324510237014
6.256087,4.5675,1.479816,1.465114,a5.0.a0.real_tracker_v1.6457,a5.0.a0.real_tracker_v1.2310,596.3174,107.09473333333334,0.179593206135067
