x,y,z,rearZ,mattype,rearMat,Wm2Front,Wm2Back,Back/FrontRatio
6.39325,4.0485,1.449534,1.419634,a5.0.a0.real_tracker_v1.6457,a5.0.a0.real_tracker_v1.2310,898.4732666666667,256.2930666666667,0.28525365297050986
6.020568,4.0485,1.081891,1.051991,a5.0.a0.real_tracker_v1.6457,a5.0.a0.real_tracker_v1.2310,898.3825333333333,160.688,0.17886347427115948
5.647887,4.0485,0.7142492,0.6843492,a5.0.a0.real_tracker_v1.6457,a5.0.a0.real_tracker_v1.2310,899.5402,214.8291,0.23882074550893279
6.39325,4.308,1.449534,1.419634,a5.0.a0.real_tracker_v1.6457,a5.0.a0.real_tracker_v1.2310,899.1435666666666,271.28860000000003,0.3017185556775687
6.020568,4.308,1.081891,1.051991,a5.0.a0.real_tracker_v1.6457,a5.0.a0.real_tracker_v1.2310,899.0803333333333,169.71826666666666,0.18876853558669515
5.647887,4.308,0.7142492,0.6843492,a5.0.a0.real_tracker_v1.6457,a5.0.a0.real_tracker_v1.2310,900.6006666666667,239.93903333333333,0.26642081867492284
6.39325,4.5675,1.449534,1.419634,a5.0.a0.real_tracker_v1.6457,a5.0.a0.real_tracker_v1.2310,899.8234666666667,290.34459999999996,0.3226680433302287
6.020568,4.5675,1.081891,1.051991,a5.0.a0.real_tracker_v1.6457,a5.0.a0.real_tracker_v1.2310,898.3211666666666,202.24930000000003,0.22514116594770292
5.647887,4.5675,0.7142492,0.6843492,a5.0.a0.real_tracker_v1.6457,a5.0.a0.real_tracker_v1.2310,900.8088333333334,274.4587333333334,0.3046799925770497
