x,y,z,rearZ,mattype,rearMat,Wm2Front,Wm2Back,Back/FrontRatio
6.782337,4.0485,0.9146917,0.8764947,a5.0.a0.real_tracker_v1.6457,a5.0.a0.real_tracker_v1.2310,886.5854,321.20786666666663,0.3622973087187742
6.306238,4.0485,1.132365,1.094168,a5.0.a0.real_tracker_v1.6457,a5.0.a0.real_tracker_v1.2310,887.1866,232.58816666666667,0.2621634552451665
5.830139,4.0485,1.350039,1.311842,a5.0.a0.real_tracker_v1.6457,a5.0.a0.real_tracker_v1.2310,887.3831999999999,338.1631333333333,0.3810786053361479
6.782337,4.308,0.9146917,0.8764947,a5.0.a0.real_tracker_v1.6457,a5.0.a0.real_tracker_v1.2310,886.6383,360.10536666666667,0.40614640775190847
6.306238,4.308,1.132365,1.094168,a5.0.a0.real_tracker_v1.6457,a5.0.a0.real_tracker_v1.2310,887.1754,248.9659,0.2806272799862575
5.830139,4.308,1.350039,1.311842,a5.0.a0.real_tracker_v1.6457,a5.0.a0.real_tracker_v1.2310,887.3781,364.43786666666665,0.41069016237441996
6.782337,4.5675,0.9146917,0.8764947,a5.0.a0.real_tracker_v1.6457,a5.0.a0.real_tracker_v1.2310,886.6099,392.79913333333326,0.44303440588575355
6.306238,4.5675,1.132365,1.094168,a5.0.a0.real_tracker_v1.6457,a5.0.a0.real_tracker_v1.2310,887.1702,289.80809999999997,0.3266653606429063
5.830139,4.5675,1.350039,1.311842,a5.0.a0.real_tracker_v1.6457,a5.0.a0.real_tracker_v1.2310,885.8578000000001,389.8906,0.44012725278565834
