x,y,z,rearZ,mattype,rearMat,Wm2Front,Wm2Back,Back/FrontRatio
6.725491,4.0485,1.151381,1.109382,a5.0.a0.real_tracker_v1.6457,a5.0.a0.real_tracker_v1.2310,0.9877531999999999,0.4443825666666667,0.4494372980706073
6.202007,4.0485,1.155492,1.113493,a5.0.a0.real_tracker_v1.6457,a5.0.a0.real_tracker_v1.2310,0.9877524000000001,0.3469605,0.3509073656862931
5.678523,4.0485,1.159604,1.117605,a5.0.a0.real_tracker_v1.6457,a5.0.a0.real_tracker_v1.2310,0.9877526,0.44147099999999995,0.4464928840642239
6.725491,4.308,1.151381,1.109382,a5.0.a0.real_tracker_v1.6457,a5.0.a0.real_tracker_v1.2310,0.9877517,0.4578816666666666,0.46309064921624565
6.202007,4.308,1.155492,1.113493,a5.0.a0.real_tracker_v1.6457,a5.0.a0.real_tracker_v1.2310,0.9877518,0.34204016666666665,0.34593127078672997
5.678523,4.308,1.159604,1.117605,a5.0.a0.real_tracker_v1.6457,a5.0.a0.real_tracker_v1.2310,0.987752,0.4547277333333333,0.45990069636605874
6.725491,4.5675,1.151381,1.109382,a5.0.a0.real_tracker_v1.6457,a5.0.a0.real_tracker_v1.2310,0.9877512,0.47508706666666667,0.48049202536155367
6.202007,4.5675,1.155492,1.113493,a5.0.a0.real_tracker_v1.6457,a5.0.a0.real_tracker_v1.2310,0.9877512,0.36844513333333334,0.37263685073993674
5.678523,4.5675,1.159604,1.117605,a5.0.a0.real_tracker_v1.6457,a5.0.a0.real_tracker_v1.2310,0.9877514,0.4728212666666667,0.4782003511364603
