x,y,z,rearZ,mattype,rearMat,Wm2Front,Wm2Back,Back/FrontRatio
6.391522,4.0485,1.450138,1.420331,a5.0.a0.real_tracker_v1.6457,a5.0.a0.real_tracker_v1.2310,478.1387666666667,90.07269000000001,0.18838150741557927
6.019998,4.0485,1.081327,1.05152,a5.0.a0.real_tracker_v1.6457,a5.0.a0.real_tracker_v1.2310,474.8407333333333,65.08981333333332,0.13707685901239233
5.648473,4.0485,0.7125156,0.6827084,a5.0.a0.real_tracker_v1.6457,a5.0.a0.real_tracker_v1.2310,469.35086666666666,90.06388,0.19188989412065832
6.391522,4.308,1.450138,1.420331,a5.0.a0.real_tracker_v1.6457,a5.0.a0.real_tracker_v1.2310,478.41433333333333,92.89087,0.1941636555684531
6.019998,4.308,1.081327,1.05152,a5.0.a0.real_tracker_v1.6457,a5.0.a0.real_tracker_v1.2310,475.42143333333337,66.83353666666666,0.14057716249962401
5.648473,4.308,0.7125156,0.6827084,a5.0.a0.real_tracker_v1.6457,a5.0.a0.real_tracker_v1.2310,471.2971666666667,96.60715,0.2049809586217359
6.391522,4.5675,1.450138,1.420331,a5.0.a0.real_tracker_v1.6457,a5.0.a0.real_tracker_v1.2310,478.6884333333333,97.04598666666668,0.20273266946982957
6.019998,4.5675,1.081327,1.05152,a5.0.a0.real_tracker_v1.6457,a5.0.a0.real_tracker_v1.2310,476.0009333333333,75.35528666666666,0.1583087827794537
5.648473,4.5675,0.7125156,0.6827084,a5.0.a0.real_tracker_v1.6457,a5.0.a0.real_tracker_v1.2310,473.2590333333333,102.5971,0.2167880082274713
