x,y,z,rearZ,mattype,rearMat,Wm2Front,Wm2Back,Back/FrontRatio
6.537898,4.0485,1.374507,1.337608,a5.0.a0.real_tracker_v1.6457,a5.0.a0.real_tracker_v1.2310,890.2129666666666,341.9491,0.38412012482841673
6.077968,4.0485,1.124474,1.087574,a5.0.a0.real_tracker_v1.6457,a5.0.a0.real_tracker_v1.2310,890.2383333333333,230.3296,0.25872772789938886
5.618038,4.0485,0.8744404,0.8375406,a5.0.a0.real_tracker_v1.6457,a5.0.a0.real_tracker_v1.2310,888.8047,307.63796666666667,0.34612510548330944
6.537898,4.308,1.374507,1.337608,a5.0.a0.real_tracker_v1.6457,a5.0.a0.real_tracker_v1.2310,890.3611999999999,362.85850000000005,0.4075403246004829
6.077968,4.308,1.124474,1.087574,a5.0.a0.real_tracker_v1.6457,a5.0.a0.real_tracker_v1.2310,890.3920333333332,247.12383333333332,0.27754466183117416
5.618038,4.308,0.8744404,0.8375406,a5.0.a0.real_tracker_v1.6457,a5.0.a0.real_tracker_v1.2310,889.0056333333333,343.50416666666666,0.3863910051814762
6.537898,4.5675,1.374507,1.337608,a5.0.a0.real_tracker_v1.6457,a5.0.a0.real_tracker_v1.2310,890.5149,387.3317,0.43495203173800717
6.077968,4.5675,1.124474,1.087574,a5.0.a0.real_tracker_v1.6457,a5.0.a0.real_tracker_v1.2310,890.5457,287.83803333333327,0.32321497944277744
5.618038,4.5675,0.8744404,0.8375406,a5.0.a0.real_tracker_v1.6457,a5.0.a0.real_tracker_v1.2310,889.2115333333335,383.73859999999996,0.43154879808261803
