x,y,z,rearZ,mattype,rearMat,Wm2Front,Wm2Back,Back/FrontRatio
6.248489,4.0485,1.480501,1.459001,a5.0.a0.real_tracker_v1.6457,a5.0.a0.real_tracker_v1.2310,835.9803666666667,164.96939999999998,0.1973362165448584
5.980513,4.0485,1.030789,1.009289,a5.0.a0.real_tracker_v1.6457,a5.0.a0.real_tracker_v1.2310,834.5428999999999,91.22438666666666,0.10931047086518357
5.712537,4.0485,0.5810764,0.5595769,a5.0.a0.real_tracker_v1.6457,a5.0.a0.real_tracker_v1.2310,833.4527333333334,123.5872,0.14828321604094638
6.248489,4.308,1.480501,1.459001,a5.0.a0.real_tracker_v1.6457,a5.0.a0.real_tracker_v1.2310,837.7496666666667,172.17069999999998,0.20551544373584502
5.980513,4.308,1.030789,1.009289,a5.0.a0.real_tracker_v1.6457,a5.0.a0.real_tracker_v1.2310,836.0318666666667,94.91535666666668,0.11353065226383047
5.712537,4.308,0.5810764,0.5595769,a5.0.a0.real_tracker_v1.6457,a5.0.a0.real_tracker_v1.2310,835.2269666666666,135.09953333333337,0.16175168783261135
6.248489,4.5675,1.480501,1.459001,a5.0.a0.real_tracker_v1.6457,a5.0.a0.real_tracker_v1.2310,838.4385333333333,181.80236666666667,0.21683420144072407
5.980513,4.5675,1.030789,1.009289,a5.0.a0.real_tracker_v1.6457,a5.0.a0.real_tracker_v1.2310,836.6589666666667,118.58396666666665,0.14173495971023511
5.712537,4.5675,0.5810764,0.5595769,a5.0.a0.real_tracker_v1.6457,a5.0.a0.real_tracker_v1.2310,837.4110000000001,158.04326666666668,0.18872820865555626
