x,y,z,rearZ,mattype,rearMat,Wm2Front,Wm2Back,Back/FrontRatio
6.773089,4.0485,1.004408,0.9639734,a5.0.a0.real_tracker_v1.6457,a5.0.a0.real_tracker_v1.2310,94.84053,32.09426333333333,0.3383988357561643
6.269095,4.0485,1.14598,1.105545,a5.0.a0.real_tracker_v1.6457,a5.0.a0.real_tracker_v1.2310,94.879,22.83794,0.24070341483979762
5.765102,4.0485,1.287551,1.247116,a5.0.a0.real_tracker_v1.6457,a5.0.a0.real_tracker_v1.2310,94.96963999999998,31.020066666666665,0.32662796277530265
6.773089,4.308,1.004408,0.9639734,a5.0.a0.real_tracker_v1.6457,a5.0.a0.real_tracker_v1.2310,94.84751999999999,32.499653333333335,0.34264797524867374
6.269095,4.308,1.14598,1.105545,a5.0.a0.real_tracker_v1.6457,a5.0.a0.real_tracker_v1.2310,94.92859,22.619786666666666,0.23827962036564854
5.765102,4.308,1.287551,1.247116,a5.0.a0.real_tracker_v1.6457,a5.0.a0.real_tracker_v1.2310,94.96171,31.546553333333332,0.3321993794546652
6.773089,4.5675,1.004408,0.9639734,a5.0.a0.real_tracker_v1.6457,a5.0.a0.real_tracker_v1.2310,94.84825,33.44819333333333,0.35264583887941475
6.269095,4.5675,1.14598,1.105545,a5.0.a0.real_tracker_v1.6457,a5.0.a0.real_tracker_v1.2310,94.93311999999999,24.129576666666665,0.2541718053179054
5.765102,4.5675,1.287551,1.247116,a5.0.a0.real_tracker_v1.6457,a5.0.a0.real_tracker_v1.2310,94.95565,32.34105666666667,0.34058759093403845
