x,y,z,rearZ,mattype,rearMat,Wm2Front,Wm2Back,Back/FrontRatio
6.762792,4.0485,0.7496761,0.7179638,a5.0.a0.real_tracker_v1.6457,a5.0.a0.real_tracker_v1.2310,909.3517333333334,228.48996666666667,0.2512665968783217
6.367522,4.0485,1.092916,1.061204,a5.0.a0.real_tracker_v1.6457,a5.0.a0.real_tracker_v1.2310,908.9235,163.63556666666668,0.18003207820524883
5.972252,4.0485,1.436156,1.404444,a5.0.a0.real_tracker_v1.6457,a5.0.a0.real_tracker_v1.2310,908.9905,257.1904,0.28294037953050166
6.762792,4.308,0.7496761,0.7179638,a5.0.a0.real_tracker_v1.6457,a5.0.a0.real_tracker_v1.2310,909.3300666666668,260.2092333333333,0.2861545622621053
6.367522,4.308,1.092916,1.061204,a5.0.a0.real_tracker_v1.6457,a5.0.a0.real_tracker_v1.2310,908.8649,172.24936666666667,0.18952121172844824
5.972252,4.308,1.436156,1.404444,a5.0.a0.real_tracker_v1.6457,a5.0.a0.real_tracker_v1.2310,909.0029333333333,273.30513333333334,0.30066441223319973
6.762792,4.5675,0.7496761,0.7179638,a5.0.a0.real_tracker_v1.6457,a5.0.a0.real_tracker_v1.2310,909.0931,294.7676000000001,0.3242432219062912
6.367522,4.5675,1.092916,1.061204,a5.0.a0.real_tracker_v1.6457,a5.0.a0.real_tracker_v1.2310,908.8004,209.2672,0.2302672509087244
5.972252,4.5675,1.436156,1.404444,a5.0.a0.real_tracker_v1.6457,a5.0.a0.real_tracker_v1.2310,909.0095333333334,293.2463333333333,0.3225994887627998
