x,y,z,rearZ,mattype,rearMat,Wm2Front,Wm2Back,Back/FrontRatio
6.664456,4.0485,1.251587,1.210374,a5.0.a0.real_tracker_v1.6457,a5.0.a0.real_tracker_v1.2310,858.3798,381.52206666666666,0.4444671486904957
6.150767,4.0485,1.150712,1.109499,a5.0.a0.real_tracker_v1.6457,a5.0.a0.real_tracker_v1.2310,858.3684666666667,276.11893333333336,0.32167841944051756
5.637078,4.0485,1.049837,1.008624,a5.0.a0.real_tracker_v1.6457,a5.0.a0.real_tracker_v1.2310,858.3605666666667,363.25939999999997,0.42320091451749137
6.664456,4.308,1.251587,1.210374,a5.0.a0.real_tracker_v1.6457,a5.0.a0.real_tracker_v1.2310,858.4322333333333,412.7307333333333,0.4807953808249968
6.150767,4.308,1.150712,1.109499,a5.0.a0.real_tracker_v1.6457,a5.0.a0.real_tracker_v1.2310,858.4243333333334,294.2200666666667,0.342743923369767
5.637078,4.308,1.049837,1.008624,a5.0.a0.real_tracker_v1.6457,a5.0.a0.real_tracker_v1.2310,858.4164,403.10803333333337,0.46959443428492176
6.664456,4.5675,1.251587,1.210374,a5.0.a0.real_tracker_v1.6457,a5.0.a0.real_tracker_v1.2310,858.4880666666667,442.5953333333334,0.5155515084797042
6.150767,4.5675,1.150712,1.109499,a5.0.a0.real_tracker_v1.6457,a5.0.a0.real_tracker_v1.2310,858.4802,335.97603333333336,0.39136096787365104
5.637078,4.5675,1.049837,1.008624,a5.0.a0.real_tracker_v1.6457,a5.0.a0.real_tracker_v1.2310,858.3399666666668,435.8061666666667,0.5077308244520854
