x,y,z,rearZ,mattype,rearMat,Wm2Front,Wm2Back,Back/FrontRatio
6.750503,4.0485,1.09047,1.048776,a5.0.a0.real_tracker_v1.6457,a5.0.a0.real_tracker_v1.2310,856.9167000000001,371.4421,0.4334629801671735
6.230828,4.0485,1.153633,1.11194,a5.0.a0.real_tracker_v1.6457,a5.0.a0.real_tracker_v1.2310,856.8896,279.5986666666667,0.32629447290782126
5.711152,4.0485,1.216797,1.175104,a5.0.a0.real_tracker_v1.6457,a5.0.a0.real_tracker_v1.2310,856.864,380.9852333333333,0.44462690544407035
6.750503,4.308,1.09047,1.048776,a5.0.a0.real_tracker_v1.6457,a5.0.a0.real_tracker_v1.2310,856.9366,409.84729999999996,0.47826971298727
6.230828,4.308,1.153633,1.11194,a5.0.a0.real_tracker_v1.6457,a5.0.a0.real_tracker_v1.2310,856.911,296.11826666666667,0.3455643831182977
5.711152,4.308,1.216797,1.175104,a5.0.a0.real_tracker_v1.6457,a5.0.a0.real_tracker_v1.2310,856.8853,415.40889999999996,0.48478882204091717
6.750503,4.5675,1.09047,1.048776,a5.0.a0.real_tracker_v1.6457,a5.0.a0.real_tracker_v1.2310,856.958,446.2024666666666,0.5206812305684013
6.230828,4.5675,1.153633,1.11194,a5.0.a0.real_tracker_v1.6457,a5.0.a0.real_tracker_v1.2310,856.9323,340.2993333333333,0.39711297639306736
5.711152,4.5675,1.216797,1.175104,a5.0.a0.real_tracker_v1.6457,a5.0.a0.real_tracker_v1.2310,856.9065999999999,445.1656,0.5195024527732045
