x,y,z,rearZ,mattype,rearMat,Wm2Front,Wm2Back,Back/FrontRatio
0.5051652,-0.2595,0.70993,0.686371,a2.1.a0.real_tracker_v1.6457,a2.1.a0.real_tracker_v1.2310,824.1442333333333,129.17493333333334,0.15673807007397605
0.2115194,-0.2595,1.143317,1.119758,a2.1.a0.real_tracker_v1.6457,a2.1.a0.real_tracker_v1.2310,828.0772666666667,85.63310333333334,0.10341184738254211
-0.08212641,-0.2595,1.576704,1.553145,a2.1.a0.real_tracker_v1.6457,a2.1.a0.real_tracker_v1.2310,833.2184666666667,129.87313333333333,0.155869057948078
0.5051652,0.0,0.70993,0.686371,a2.1.a0.real_tracker_v1.6457,a2.1.a0.real_tracker_v1.2310,824.2565666666666,131.82583333333332,0.1599328154989741
0.2115194,0.0,1.143317,1.119758,a2.1.a0.real_tracker_v1.6457,a2.1.a0.real_tracker_v1.2310,828.3425000000001,82.98769666666666,0.1001851244884117
-0.08212641,-5.551115e-17,1.576704,1.553145,a2.1.a0.real_tracker_v1.6457,a2.1.a0.real_tracker_v1.2310,832.9995333333333,130.19893333333334,0.15630114042343954
0.5051652,0.2595,0.70993,0.686371,a2.1.a0.real_tracker_v1.6457,a2.1.a0.real_tracker_v1.2310,825.4156666666668,138.3341333333333,0.16759309439676925
0.2115194,0.2595,1.143317,1.119758,a2.1.a0.real_tracker_v1.6457,a2.1.a0.real_tracker_v1.2310,829.5285,97.08227333333333,0.11703293654214025
-0.08212641,0.2595,1.576704,1.553145,a2.1.a0.real_tracker_v1.6457,a2.1.a0.real_tracker_v1.2310,832.7817666666666,131.08310000000003,0.1574037134854256
