x,y,z,rearZ,mattype,rearMat,Wm2Front,Wm2Back,Back/FrontRatio
0.1915223,-0.2595,1.550138,1.520331,a2.1.a0.real_tracker_v1.6457,a2.1.a0.real_tracker_v1.2310,477.28056666666663,65.38702666666666,0.1369988519006286
-0.1800024,-0.2595,1.181327,1.15152,a2.1.a0.real_tracker_v1.6457,a2.1.a0.real_tracker_v1.2310,470.2649333333333,47.07252,0.10009766105390865
-0.5515271,-0.2595,0.8125156,0.7827084,a2.1.a0.real_tracker_v1.6457,a2.1.a0.real_tracker_v1.2310,460.8168666666667,61.83935333333333,0.13419478237822952
0.1915223,0.0,1.550138,1.520331,a2.1.a0.real_tracker_v1.6457,a2.1.a0.real_tracker_v1.2310,477.1846666666667,64.27866999999999,0.13470368975877312
-0.1800024,0.0,1.181327,1.15152,a2.1.a0.real_tracker_v1.6457,a2.1.a0.real_tracker_v1.2310,470.23763333333335,44.17864333333333,0.09394941249333051
-0.5515271,-5.551115e-17,0.8125156,0.7827084,a2.1.a0.real_tracker_v1.6457,a2.1.a0.real_tracker_v1.2310,460.64553333333333,59.251583333333336,0.1286270036693355
0.1915223,0.2595,1.550138,1.520331,a2.1.a0.real_tracker_v1.6457,a2.1.a0.real_tracker_v1.2310,477.08743333333337,64.39966,0.13498474391854534
-0.1800024,0.2595,1.181327,1.15152,a2.1.a0.real_tracker_v1.6457,a2.1.a0.real_tracker_v1.2310,470.2092333333333,49.75003666666667,0.10580381527213324
-0.5515271,0.2595,0.8125156,0.7827084,a2.1.a0.real_tracker_v1.6457,a2.1.a0.real_tracker_v1.2310,460.47333333333336,58.811296666666664,0.1277189463328756
