x,y,z,rearZ,mattype,rearMat,Wm2Front,Wm2Back,Back/FrontRatio
0.5823372,-0.2595,1.014692,0.9764947,a2.1.a0.real_tracker_v1.6457,a2.1.a0.real_tracker_v1.2310,877.6367999999999,267.75963333333334,0.3050912726563662
0.1062381,-0.2595,1.232365,1.194168,a2.1.a0.real_tracker_v1.6457,a2.1.a0.real_tracker_v1.2310,877.8657333333334,208.07033333333334,0.23701813206119896
-0.3698611,-0.2595,1.450039,1.411842,a2.1.a0.real_tracker_v1.6457,a2.1.a0.real_tracker_v1.2310,879.2208666666667,254.87009999999998,0.28988143910281877
0.5823372,0.0,1.014692,0.9764947,a2.1.a0.real_tracker_v1.6457,a2.1.a0.real_tracker_v1.2310,877.7216,272.2039333333334,0.3101252415436647
0.1062381,-5.551115e-17,1.232365,1.194168,a2.1.a0.real_tracker_v1.6457,a2.1.a0.real_tracker_v1.2310,878.9964333333334,211.4334,0.2405392689239176
-0.3698611,-5.551115e-17,1.450039,1.411842,a2.1.a0.real_tracker_v1.6457,a2.1.a0.real_tracker_v1.2310,879.0740666666667,254.16073333333335,0.2891229008429011
0.5823372,0.2595,1.014692,0.9764947,a2.1.a0.real_tracker_v1.6457,a2.1.a0.real_tracker_v1.2310,877.8117666666667,273.74603333333334,0.311850139036863
0.1062381,0.2595,1.232365,1.194168,a2.1.a0.real_tracker_v1.6457,a2.1.a0.real_tracker_v1.2310,878.6711666666666,231.97529999999998,0.264006655497035
-0.3698611,0.2595,1.450039,1.411842,a2.1.a0.real_tracker_v1.6457,a2.1.a0.real_tracker_v1.2310,878.9141666666668,255.04250000000002,0.2901787449717843
