x,y,z,rearZ,mattype,rearMat,Wm2Front,Wm2Back,Back/FrontRatio
0.464456,-0.2595,1.351587,1.310374,a2.1.a0.real_tracker_v1.6457,a2.1.a0.real_tracker_v1.2310,858.1403333333333,291.2771666666667,0.33942796524581814
-0.04923312,-0.2595,1.250712,1.209499,a2.1.a0.real_tracker_v1.6457,a2.1.a0.real_tracker_v1.2310,858.1136,239.14993333333334,0.2786923020926731
-0.5629222,-0.2595,1.149837,1.108624,a2.1.a0.real_tracker_v1.6457,a2.1.a0.real_tracker_v1.2310,858.0895666666667,293.6623666666667,0.3422277065781363
0.464456,0.0,1.351587,1.310374,a2.1.a0.real_tracker_v1.6457,a2.1.a0.real_tracker_v1.2310,858.1466333333333,289.65333333333336,0.33753321932290675
-0.04923312,-5.551115e-17,1.250712,1.209499,a2.1.a0.real_tracker_v1.6457,a2.1.a0.real_tracker_v1.2310,858.1226333333334,239.2873,0.278849446286081
-0.5629222,-5.551115e-17,1.149837,1.108624,a2.1.a0.real_tracker_v1.6457,a2.1.a0.real_tracker_v1.2310,858.0985999999999,297.74803333333335,0.34698540045157156
0.464456,0.2595,1.351587,1.310374,a2.1.a0.real_tracker_v1.6457,a2.1.a0.real_tracker_v1.2310,858.1556999999999,286.72076666666663,0.3341123674343703
-0.04923312,0.2595,1.250712,1.209499,a2.1.a0.real_tracker_v1.6457,a2.1.a0.real_tracker_v1.2310,858.1316666666667,266.9573,0.31109094242615165
-0.5629222,0.2595,1.149837,1.108624,a2.1.a0.real_tracker_v1.6457,a2.1.a0.real_tracker_v1.2310,858.1076333333334,292.94486666666666,0.34138436007655437
