x,y,z,rearZ,mattype,rearMat,Wm2Front,Wm2Back,Back/FrontRatio
0.3378983,-0.2595,1.474507,1.437608,a2.1.a0.real_tracker_v1.6457,a2.1.a0.real_tracker_v1.2310,888.9156666666667,241.68073333333336,0.2718823286772289
-0.1220316,-0.2595,1.224474,1.187574,a2.1.a0.real_tracker_v1.6457,a2.1.a0.real_tracker_v1.2310,888.7226,196.20256666666668,0.22076893948429713
-0.5819615,-0.2595,0.9744404,0.9375406,a2.1.a0.real_tracker_v1.6457,a2.1.a0.real_tracker_v1.2310,887.3494666666667,261.34096666666665,0.294518317715428
0.3378983,0.0,1.474507,1.437608,a2.1.a0.real_tracker_v1.6457,a2.1.a0.real_tracker_v1.2310,888.9621999999999,245.61693333333332,0.27629595165844134
-0.1220316,-5.551115e-17,1.224474,1.187574,a2.1.a0.real_tracker_v1.6457,a2.1.a0.real_tracker_v1.2310,887.9507333333332,197.04486666666665,0.22190943411638892
-0.5819615,-5.551115e-17,0.9744404,0.9375406,a2.1.a0.real_tracker_v1.6457,a2.1.a0.real_tracker_v1.2310,887.2846,268.1395,0.30220201928217927
0.3378983,0.2595,1.474507,1.437608,a2.1.a0.real_tracker_v1.6457,a2.1.a0.real_tracker_v1.2310,889.0139666666668,243.39686666666668,0.27378264235446503
-0.1220316,0.2595,1.224474,1.187574,a2.1.a0.real_tracker_v1.6457,a2.1.a0.real_tracker_v1.2310,888.5239333333333,223.6611,0.2517218049930544
-0.5819615,0.2595,0.9744404,0.9375406,a2.1.a0.real_tracker_v1.6457,a2.1.a0.real_tracker_v1.2310,887.2241666666667,264.6877666666667,0.2983321220036026
