x,y,z,rearZ,mattype,rearMat,Wm2Front,Wm2Back,Back/FrontRatio
0.1932496,-0.2595,1.549534,1.519634,a2.1.a0.real_tracker_v1.6457,a2.1.a0.real_tracker_v1.2310,895.7302666666666,176.30426666666668,0.19682718827350676
-0.1794319,-0.2595,1.181891,1.151991,a2.1.a0.real_tracker_v1.6457,a2.1.a0.real_tracker_v1.2310,894.1322333333333,135.24779999999998,0.15126135005159747
-0.5521133,-0.2595,0.8142492,0.7843492,a2.1.a0.real_tracker_v1.6457,a2.1.a0.real_tracker_v1.2310,891.6424666666667,185.95736666666664,0.20855574410459424
0.1932496,0.0,1.549534,1.519634,a2.1.a0.real_tracker_v1.6457,a2.1.a0.real_tracker_v1.2310,896.0871333333334,179.0331666666667,0.19979414971235718
-0.1794319,0.0,1.181891,1.151991,a2.1.a0.real_tracker_v1.6457,a2.1.a0.real_tracker_v1.2310,894.5825333333333,133.6506,0.14939979892319352
-0.5521133,-5.551115e-17,0.8142492,0.7843492,a2.1.a0.real_tracker_v1.6457,a2.1.a0.real_tracker_v1.2310,891.9277000000001,190.689,0.21379399496843188
0.1932496,0.2595,1.549534,1.519634,a2.1.a0.real_tracker_v1.6457,a2.1.a0.real_tracker_v1.2310,896.4525,177.27246666666667,0.19774864693669741
-0.1794319,0.2595,1.181891,1.151991,a2.1.a0.real_tracker_v1.6457,a2.1.a0.real_tracker_v1.2310,895.0419333333333,154.3851,0.1724890441009757
-0.5521133,0.2595,0.8142492,0.7843492,a2.1.a0.real_tracker_v1.6457,a2.1.a0.real_tracker_v1.2310,893.0364666666668,196.9452666666667,0.22053415899982398
