x,y,z,rearZ,mattype,rearMat,Wm2Front,Wm2Back,Back/FrontRatio
0.04848887,-0.2595,1.580501,1.559001,a2.1.a0.real_tracker_v1.6457,a2.1.a0.real_tracker_v1.2310,827.9336666666667,114.193,0.13792513418933217
-0.2194871,-0.2595,1.130789,1.109289,a2.1.a0.real_tracker_v1.6457,a2.1.a0.real_tracker_v1.2310,821.3993333333333,70.01969333333334,0.08524429622421224
-0.487463,-0.2595,0.6810764,0.6595769,a2.1.a0.real_tracker_v1.6457,a2.1.a0.real_tracker_v1.2310,815.4855666666666,111.86486666666667,0.13717560931005732
0.04848887,0.0,1.580501,1.559001,a2.1.a0.real_tracker_v1.6457,a2.1.a0.real_tracker_v1.2310,828.0779666666666,114.27723333333334,0.13800282090649246
-0.2194871,0.0,1.130789,1.109289,a2.1.a0.real_tracker_v1.6457,a2.1.a0.real_tracker_v1.2310,820.6095,69.66118,0.08488945730038794
-0.487463,-5.551115e-17,0.6810764,0.6595769,a2.1.a0.real_tracker_v1.6457,a2.1.a0.real_tracker_v1.2310,817.7294666666667,113.93889999999999,0.13933552025333204
0.04848887,0.2595,1.580501,1.559001,a2.1.a0.real_tracker_v1.6457,a2.1.a0.real_tracker_v1.2310,828.2221,114.71153333333332,0.13850318028238204
-0.2194871,0.2595,1.130789,1.109289,a2.1.a0.real_tracker_v1.6457,a2.1.a0.real_tracker_v1.2310,822.7679333333334,83.35760666666667,0.10131350770495791
-0.487463,0.2595,0.6810764,0.6595769,a2.1.a0.real_tracker_v1.6457,a2.1.a0.real_tracker_v1.2310,818.3829999999999,118.4467,0.14473242389880547
