x,y,z,rearZ,mattype,rearMat,Wm2Front,Wm2Back,Back/FrontRatio
0.5505032,-0.2595,1.19047,1.148776,a2.1.a0.real_tracker_v1.6457,a2.1.a0.real_tracker_v1.2310,856.3375,295.56576666666666,0.34515062287479387
0.03082777,-0.2595,1.253633,1.21194,a2.1.a0.real_tracker_v1.6457,a2.1.a0.real_tracker_v1.2310,856.3639,241.7687,0.28231972141782086
-0.4888477,-0.2595,1.316797,1.275104,a2.1.a0.real_tracker_v1.6457,a2.1.a0.real_tracker_v1.2310,856.2504333333333,293.9572666666667,0.34330718200646915
0.5505032,0.0,1.19047,1.148776,a2.1.a0.real_tracker_v1.6457,a2.1.a0.real_tracker_v1.2310,856.3352333333332,299.12853333333334,0.34931201283981644
0.03082777,-5.551115e-17,1.253633,1.21194,a2.1.a0.real_tracker_v1.6457,a2.1.a0.real_tracker_v1.2310,856.3502666666667,243.75133333333335,0.28463942639114836
-0.4888477,-5.551115e-17,1.316797,1.275104,a2.1.a0.real_tracker_v1.6457,a2.1.a0.real_tracker_v1.2310,856.3480666666666,294.41703333333334,0.34380493281711605
0.5505032,0.2595,1.19047,1.148776,a2.1.a0.real_tracker_v1.6457,a2.1.a0.real_tracker_v1.2310,856.3353333333333,299.63076666666666,0.349898462792462
0.03082777,0.2595,1.253633,1.21194,a2.1.a0.real_tracker_v1.6457,a2.1.a0.real_tracker_v1.2310,856.3945,271.4329,0.31694806897046984
-0.4888477,0.2595,1.316797,1.275104,a2.1.a0.real_tracker_v1.6457,a2.1.a0.real_tracker_v1.2310,856.4482666666668,292.4302333333333,0.341444898973973
