x,y,z,rearZ,mattype,rearMat,Wm2Front,Wm2Back,Back/FrontRatio
0.5730893,-0.2595,1.104408,1.063973,a2.1.a0.real_tracker_v1.6457,a2.1.a0.real_tracker_v1.2310,93.26676333333334,26.206616666666672,0.28098257886817557
0.06909548,-0.2595,1.24598,1.205545,a2.1.a0.real_tracker_v1.6457,a2.1.a0.real_tracker_v1.2310,93.58497333333334,18.89281,0.2018765134034331
-0.4348984,-0.2595,1.387551,1.347116,a2.1.a0.real_tracker_v1.6457,a2.1.a0.real_tracker_v1.2310,94.26276666666666,23.44347666666667,0.24870082636912808
0.5730893,0.0,1.104408,1.063973,a2.1.a0.real_tracker_v1.6457,a2.1.a0.real_tracker_v1.2310,93.50248333333333,26.261256666666668,0.28085859189916096
0.06909548,-5.551115e-17,1.24598,1.205545,a2.1.a0.real_tracker_v1.6457,a2.1.a0.real_tracker_v1.2310,94.15693666666668,18.291846666666668,0.19426770927895934
-0.4348984,-5.551115e-17,1.387551,1.347116,a2.1.a0.real_tracker_v1.6457,a2.1.a0.real_tracker_v1.2310,94.22314,23.357183333333335,0.2478895889453948
0.5730893,0.2595,1.104408,1.063973,a2.1.a0.real_tracker_v1.6457,a2.1.a0.real_tracker_v1.2310,92.77946666666668,26.281363333333335,0.2832639700741607
0.06909548,0.2595,1.24598,1.205545,a2.1.a0.real_tracker_v1.6457,a2.1.a0.real_tracker_v1.2310,93.92811333333333,19.104983333333333,0.20339788863474137
-0.4348984,0.2595,1.387551,1.347116,a2.1.a0.real_tracker_v1.6457,a2.1.a0.real_tracker_v1.2310,94.13127000000001,23.49551,0.24960101355252556
