x,y,z,rearZ,mattype,rearMat,Wm2Front,Wm2Back,Back/FrontRatio
0.5627923,-0.2595,0.8496761,0.8179638,a2.1.a0.real_tracker_v1.6457,a2.1.a0.real_tracker_v1.2310,888.4478666666668,201.5445,0.22684985885137787
0.1675221,-0.2595,1.192916,1.161204,a2.1.a0.real_tracker_v1.6457,a2.1.a0.real_tracker_v1.2310,889.8957999999999,147.3375,0.16556695113410907
-0.2277481,-0.2595,1.536156,1.504444,a2.1.a0.real_tracker_v1.6457,a2.1.a0.real_tracker_v1.2310,891.3773,191.5412,0.21488205400557767
0.5627923,0.0,0.8496761,0.8179638,a2.1.a0.real_tracker_v1.6457,a2.1.a0.real_tracker_v1.2310,888.4118666666667,208.52560000000003,0.2347169968197219
0.1675221,0.0,1.192916,1.161204,a2.1.a0.real_tracker_v1.6457,a2.1.a0.real_tracker_v1.2310,889.9967999999999,155.26653333333334,0.1744572102687595
-0.2277481,-5.551115e-17,1.536156,1.504444,a2.1.a0.real_tracker_v1.6457,a2.1.a0.real_tracker_v1.2310,891.2829999999999,194.19719999999998,0.21788475951548553
0.5627923,0.2595,0.8496761,0.8179638,a2.1.a0.real_tracker_v1.6457,a2.1.a0.real_tracker_v1.2310,888.3717666666666,214.20216666666667,0.24111743932717736
0.1675221,0.2595,1.192916,1.161204,a2.1.a0.real_tracker_v1.6457,a2.1.a0.real_tracker_v1.2310,890.0939666666667,168.88393333333332,0.18973698274667244
-0.2277481,0.2595,1.536156,1.504444,a2.1.a0.real_tracker_v1.6457,a2.1.a0.real_tracker_v1.2310,891.1845,195.5503666666667,0.2194272311058323
