x,y,z,rearZ,mattype,rearMat,Wm2Front,Wm2Back,Back/FrontRatio
0.5254905,-0.2595,1.251381,1.209382,a2.1.a0.real_tracker_v1.6457,a2.1.a0.real_tracker_v1.2310,0.9878081,0.40566896666666663,0.4102605618488225
0.002006672,-0.2595,1.255492,1.213493,a2.1.a0.real_tracker_v1.6457,a2.1.a0.real_tracker_v1.2310,0.9878069000000002,0.3237793,0.32744441811641883
-0.5214772,-0.2595,1.259604,1.217605,a2.1.a0.real_tracker_v1.6457,a2.1.a0.real_tracker_v1.2310,0.9878079,0.40475696666666666,0.40933832210145843
0.5254905,0.0,1.251381,1.209382,a2.1.a0.real_tracker_v1.6457,a2.1.a0.real_tracker_v1.2310,0.9878058,0.4024948,0.4070514149492246
0.002006672,-5.551115e-17,1.255492,1.213493,a2.1.a0.real_tracker_v1.6457,a2.1.a0.real_tracker_v1.2310,0.987807,0.3063073,0.309774607178145
-0.5214772,-5.551115e-17,1.259604,1.217605,a2.1.a0.real_tracker_v1.6457,a2.1.a0.real_tracker_v1.2310,0.9878079999999999,0.40307276666666664,0.40763501778572453
0.5254905,0.2595,1.251381,1.209382,a2.1.a0.real_tracker_v1.6457,a2.1.a0.real_tracker_v1.2310,0.987806,0.40313806666666663,0.4077018815284966
0.002006672,0.2595,1.255492,1.213493,a2.1.a0.real_tracker_v1.6457,a2.1.a0.real_tracker_v1.2310,0.9878071,0.32480603333333335,0.32848270742931895
-0.5214772,0.2595,1.259604,1.217605,a2.1.a0.real_tracker_v1.6457,a2.1.a0.real_tracker_v1.2310,0.9878082,0.40306273333333337,0.4076247884406029
